<?xml version="1.0" encoding="ISO-8859-1"?>
<modeling>
 <generator>
  <i name="program" type="string">vasp </i>
  <i name="version" type="string">5.4.4.18Apr17-6-g9f103f2a35  </i>
  <i name="subversion" type="string">(build Nov 14 2022 07:55:26) complex            parallel </i>
  <i name="platform" type="string">LinuxIFC </i>
  <i name="date" type="string">2023 04 13 </i>
  <i name="time" type="string">16:28:05 </i>
 </generator>
 <incar>
  <i type="string" name="SYSTEM"> local optimisation</i>
  <i type="string" name="PREC">accurate</i>
  <i type="int" name="IBRION">     2</i>
  <i name="EDIFF">      0.00001000</i>
  <i type="int" name="NSW">   200</i>
  <i type="int" name="ISIF">     3</i>
  <i name="SYMPREC">      0.00010000</i>
  <i name="ENCUT">    600.00000000</i>
  <i name="POTIM">      0.10000000</i>
  <i type="int" name="ISMEAR">     0</i>
  <i name="SIGMA">      0.05000000</i>
  <i name="KSPACING">      0.50000000</i>
  <i name="PSTRESS">   3000.00000000</i>
  <i type="logical" name="LWAVE"> F  </i>
  <i type="logical" name="LCHARG"> F  </i>
  <v type="int" name="KPOINT_BSE">    -1     0     0     0</v>
 </incar>
 <structure name="primitive_cell" >
  <crystal>
   <varray name="basis" >
    <v>       9.98845914       0.00000000       0.00000000 </v>
    <v>      -4.99422924       8.65025955       0.00000000 </v>
    <v>       0.00000035       0.00000061       4.62948289 </v>
   </varray>
   <i name="volume">    400.00011798 </i>
   <varray name="rec_basis" >
    <v>       0.10011554       0.05780173      -0.00000002 </v>
    <v>       0.00000000       0.11560347      -0.00000002 </v>
    <v>       0.00000000       0.00000000       0.21600685 </v>
   </varray>
  </crystal>
  <varray name="positions" >
   <v>      -0.33329999       0.33329999       0.00000000 </v>
   <v>      -0.28911537       0.04882123       0.00000000 </v>
   <v>      -0.04882123      -0.33793660       0.00000000 </v>
   <v>       0.33793660       0.28911537       0.00000000 </v>
   <v>       0.00000000       0.00000000       0.00000000 </v>
   <v>       0.00000000       0.00000000      -0.50000000 </v>
  </varray>
 </structure>
 <varray name="primitive_index" >
  <v type="int" >        1 </v>
  <v type="int" >        6 </v>
  <v type="int" >        4 </v>
  <v type="int" >        5 </v>
  <v type="int" >        3 </v>
  <v type="int" >        2 </v>
 </varray>
 <kpoints>
  <generation param="Gamma">
   <v type="int" name="divisions">       2        2        3 </v>
   <v name="usershift">      0.00000000       0.00000000       0.00000000 </v>
   <v name="genvec1">      0.50000000       0.00000000      -0.00000000 </v>
   <v name="genvec2">      0.00000000       0.50000000      -0.00000000 </v>
   <v name="genvec3">      0.00000000       0.00000000       0.33333333 </v>
   <v name="shift">      0.00000000       0.00000000       0.00000000 </v>
  </generation>
  <varray name="kpointlist" >
   <v>       0.00000000       0.00000000       0.00000000 </v>
   <v>       0.50000000      -0.00000000       0.00000000 </v>
   <v>       0.00000000       0.50000000       0.00000000 </v>
   <v>       0.50000000       0.50000000       0.00000000 </v>
   <v>       0.00000000       0.00000000       0.33333333 </v>
   <v>       0.50000000      -0.00000000       0.33333333 </v>
   <v>       0.00000000       0.50000000       0.33333333 </v>
   <v>       0.50000000       0.50000000       0.33333333 </v>
  </varray>
  <varray name="weights" >
   <v>       0.08333333 </v>
   <v>       0.08333333 </v>
   <v>       0.08333333 </v>
   <v>       0.08333333 </v>
   <v>       0.16666667 </v>
   <v>       0.16666667 </v>
   <v>       0.16666667 </v>
   <v>       0.16666667 </v>
  </varray>
 </kpoints>
 <parameters>
  <separator name="general" >
   <i type="string" name="SYSTEM">local optimisation</i>
   <i type="logical" name="LCOMPAT"> F  </i>
  </separator>
  <separator name="electronic" >
   <i type="string" name="PREC">accura</i>
   <i name="ENMAX">    600.00000000</i>
   <i name="ENAUG">    627.11200000</i>
   <i name="EDIFF">      0.00001000</i>
   <i type="int" name="IALGO">    38</i>
   <i type="int" name="IWAVPR">    11</i>
   <i type="int" name="NBANDS">    16</i>
   <i name="NELECT">     24.00000000</i>
   <i type="int" name="TURBO">     0</i>
   <i type="int" name="IRESTART">     0</i>
   <i type="int" name="NREBOOT">     0</i>
   <i type="int" name="NMIN">     0</i>
   <i name="EREF">      0.00000000</i>
   <separator name="electronic smearing" >
    <i type="int" name="ISMEAR">     0</i>
    <i name="SIGMA">      0.05000000</i>
    <i name="KSPACING">      0.50000000</i>
    <i type="logical" name="KGAMMA"> T  </i>
   </separator>
   <separator name="electronic projectors" >
    <i type="logical" name="LREAL"> F  </i>
    <v name="ROPT">      0.00000000      0.00000000</v>
    <i type="int" name="LMAXPAW">  -100</i>
    <i type="int" name="LMAXMIX">     2</i>
    <i type="logical" name="NLSPLINE"> F  </i>
   </separator>
   <separator name="electronic startup" >
    <i type="int" name="ISTART">     0</i>
    <i type="int" name="ICHARG">     2</i>
    <i type="int" name="INIWAV">     1</i>
   </separator>
   <separator name="electronic spin" >
    <i type="int" name="ISPIN">     1</i>
    <i type="logical" name="LNONCOLLINEAR"> F  </i>
    <v name="MAGMOM">      1.00000000      1.00000000      1.00000000      1.00000000      1.00000000      1.00000000</v>
    <i name="NUPDOWN">     -1.00000000</i>
    <i type="logical" name="LSORBIT"> F  </i>
    <v name="SAXIS">      0.00000000      0.00000000      1.00000000</v>
    <i type="logical" name="LSPIRAL"> F  </i>
    <v name="QSPIRAL">      0.00000000      0.00000000      0.00000000</v>
    <i type="logical" name="LZEROZ"> F  </i>
   </separator>
   <separator name="electronic exchange-correlation" >
    <i type="logical" name="LASPH"> F  </i>
    <i type="logical" name="LMETAGGA"> F  </i>
   </separator>
   <separator name="electronic convergence" >
    <i type="int" name="NELM">    60</i>
    <i type="int" name="NELMDL">     0</i>
    <i type="int" name="NELMIN">     2</i>
    <i name="ENINI">    600.00000000</i>
    <separator name="electronic convergence detail" >
     <i type="logical" name="LDIAG"> T  </i>
     <i type="logical" name="LSUBROT"> F  </i>
     <i name="WEIMIN">      0.00100000</i>
     <i name="EBREAK">      0.00000016</i>
     <i name="DEPER">      0.30000000</i>
     <i type="int" name="NRMM">     4</i>
     <i name="TIME">      0.40000000</i>
    </separator>
   </separator>
   <separator name="electronic mixer" >
    <i name="AMIX">      0.40000000</i>
    <i name="BMIX">      1.00000000</i>
    <i name="AMIN">      0.10000000</i>
    <i name="AMIX_MAG">      1.60000000</i>
    <i name="BMIX_MAG">      1.00000000</i>
    <separator name="electronic mixer details" >
     <i type="int" name="IMIX">     4</i>
     <i type="logical" name="MIXFIRST"> F  </i>
     <i type="int" name="MAXMIX">   -45</i>
     <i name="WC">    100.00000000</i>
     <i type="int" name="INIMIX">     1</i>
     <i type="int" name="MIXPRE">     1</i>
     <i type="int" name="MREMOVE">     5</i>
    </separator>
   </separator>
   <separator name="electronic dipolcorrection" >
    <i type="logical" name="LDIPOL"> F  </i>
    <i type="logical" name="LMONO"> F  </i>
    <i type="int" name="IDIPOL">     0</i>
    <i name="EPSILON">      1.00000000</i>
    <v name="DIPOL">   -100.00000000   -100.00000000   -100.00000000</v>
    <i name="EFIELD">      0.00000000</i>
   </separator>
  </separator>
  <separator name="grids" >
   <i type="int" name="NGX">    80</i>
   <i type="int" name="NGY">    80</i>
   <i type="int" name="NGZ">    40</i>
   <i type="int" name="NGXF">   160</i>
   <i type="int" name="NGYF">   160</i>
   <i type="int" name="NGZF">    80</i>
   <i type="logical" name="ADDGRID"> F  </i>
  </separator>
  <separator name="ionic" >
   <i type="int" name="NSW">   200</i>
   <i type="int" name="IBRION">     2</i>
   <i type="int" name="MDALGO">     0</i>
   <i type="int" name="ISIF">     3</i>
   <i name="PSTRESS">   3000.00000000</i>
   <i name="EDIFFG">      0.00010000</i>
   <i type="int" name="NFREE">     1</i>
   <i name="POTIM">      0.10000000</i>
   <i name="SMASS">     -3.00000000</i>
   <i name="SCALEE">      1.00000000</i>
  </separator>
  <separator name="ionic md" >
   <i name="TEBEG">      0.00010000</i>
   <i name="TEEND">      0.00010000</i>
   <i type="int" name="NBLOCK">     1</i>
   <i type="int" name="KBLOCK">   200</i>
   <i type="int" name="NPACO">   256</i>
   <i name="APACO">     16.00000000</i>
  </separator>
  <separator name="symmetry" >
   <i type="int" name="ISYM">     2</i>
   <i name="SYMPREC">      0.00010000</i>
  </separator>
  <separator name="dos" >
   <i type="int" name="LORBIT">     0</i>
   <v name="RWIGS">     -1.00000000     -1.00000000</v>
   <i type="int" name="NEDOS">   301</i>
   <i name="EMIN">     10.00000000</i>
   <i name="EMAX">    -10.00000000</i>
   <i name="EFERMI">      0.00000000</i>
  </separator>
  <separator name="writing" >
   <i type="int" name="NWRITE">     2</i>
   <i type="logical" name="LWAVE"> F  </i>
   <i type="logical" name="LDOWNSAMPLE"> F  </i>
   <i type="logical" name="LCHARG"> F  </i>
   <i type="logical" name="LPARD"> F  </i>
   <i type="logical" name="LVTOT"> F  </i>
   <i type="logical" name="LVHAR"> F  </i>
   <i type="logical" name="LELF"> F  </i>
   <i type="logical" name="LOPTICS"> F  </i>
   <v name="STM">      0.00000000      0.00000000      0.00000000      0.00000000      0.00000000      0.00000000      0.00000000</v>
  </separator>
  <separator name="performance" >
   <i type="int" name="NPAR">    16</i>
   <i type="int" name="NSIM">     4</i>
   <i type="int" name="NBLK">    -1</i>
   <i type="logical" name="LPLANE"> T  </i>
   <i type="logical" name="LSCALAPACK"> T  </i>
   <i type="logical" name="LSCAAWARE"> F  </i>
   <i type="logical" name="LSCALU"> F  </i>
   <i type="logical" name="LASYNC"> F  </i>
   <i type="logical" name="LORBITALREAL"> F  </i>
  </separator>
  <separator name="miscellaneous" >
   <i type="int" name="IDIOT">     3</i>
   <i type="int" name="ISPECIAL">     0</i>
   <i type="logical" name="LMUSIC"> F  </i>
   <v name="POMASS">     10.81100000     14.00100000</v>
   <v name="DARWINR">      0.00000000      0.00000000</v>
   <v name="DARWINV">      1.00000000      1.00000000</v>
   <i type="logical" name="LCORR"> T  </i>
  </separator>
  <i type="logical" name="GGA_COMPAT"> T  </i>
  <i type="logical" name="LBERRY"> F  </i>
  <i type="int" name="ICORELEVEL">     0</i>
  <i type="logical" name="LDAU"> F  </i>
  <i type="int" name="I_CONSTRAINED_M">     0</i>
  <separator name="electronic exchange-correlation" >
   <i type="string" name="GGA">--</i>
   <i type="int" name="VOSKOWN">     0</i>
   <i type="logical" name="LHFCALC"> F  </i>
   <i type="string" name="PRECFOCK"></i>
   <i type="logical" name="LSYMGRAD"> F  </i>
   <i type="logical" name="LHFONE"> F  </i>
   <i type="logical" name="LRHFCALC"> F  </i>
   <i type="logical" name="LTHOMAS"> F  </i>
   <i type="logical" name="LMODELHF"> F  </i>
   <i name="ENCUT4O">     -1.00000000</i>
   <i type="int" name="EXXOEP">     0</i>
   <i type="int" name="FOURORBIT">     0</i>
   <i name="AEXX">      0.00000000</i>
   <i name="HFALPHA">      0.00000000</i>
   <i name="MCALPHA">      0.00000000</i>
   <i name="ALDAX">      1.00000000</i>
   <i name="AGGAX">      1.00000000</i>
   <i name="ALDAC">      1.00000000</i>
   <i name="AGGAC">      1.00000000</i>
   <i type="int" name="NKREDX">     1</i>
   <i type="int" name="NKREDY">     1</i>
   <i type="int" name="NKREDZ">     1</i>
   <i type="logical" name="SHIFTRED"> F  </i>
   <i type="logical" name="ODDONLY"> F  </i>
   <i type="logical" name="EVENONLY"> F  </i>
   <i type="int" name="LMAXFOCK">     0</i>
   <i type="int" name="NMAXFOCKAE">     0</i>
   <i type="logical" name="LFOCKAEDFT"> F  </i>
   <i name="HFSCREEN">      0.00000000</i>
   <i name="HFSCREENC">      0.00000000</i>
   <i type="int" name="NBANDSGWLOW">     0</i>
  </separator>
  <separator name="vdW DFT" >
   <i type="logical" name="LUSE_VDW"> F  </i>
   <i name="Zab_VDW">     -0.84910000</i>
   <i name="PARAM1">      0.12340000</i>
   <i name="PARAM2">      1.00000000</i>
   <i name="PARAM3">      0.00000000</i>
  </separator>
  <separator name="model GW" >
   <i type="int" name="MODEL_GW">     0</i>
   <i name="MODEL_EPS0">     40.00001180</i>
   <i name="MODEL_ALPHA">      1.00000000</i>
  </separator>
  <separator name="linear response parameters" >
   <i type="logical" name="LEPSILON"> F  </i>
   <i type="logical" name="LRPA"> F  </i>
   <i type="logical" name="LNABLA"> F  </i>
   <i type="logical" name="LVEL"> F  </i>
   <i type="int" name="KINTER">     0</i>
   <i name="CSHIFT">      0.10000000</i>
   <i name="OMEGAMAX">     -1.00000000</i>
   <i name="DEG_THRESHOLD">      0.00200000</i>
   <i name="RTIME">     -0.10000000</i>
   <i name="WPLASMAI">      0.00000000</i>
   <v name="DFIELD">      0.00000000      0.00000000      0.00000000</v>
   <v name="WPLASMA">      0.00000000      0.00000000      0.00000000      0.00000000      0.00000000      0.00000000      0.00000000      0.00000000      0.00000000</v>
  </separator>
  <separator name="orbital magnetization" >
   <i type="logical" name="NUCIND"> F  </i>
   <v name="MAGPOS">      0.00000000      0.00000000      0.00000000</v>
   <i type="logical" name="LNICSALL"> T  </i>
   <i type="logical" name="ORBITALMAG"> F  </i>
   <i type="logical" name="LMAGBLOCH"> F  </i>
   <i type="logical" name="LCHIMAG"> F  </i>
   <i type="logical" name="LGAUGE"> T  </i>
   <i type="int" name="MAGATOM">     0</i>
   <v name="MAGDIPOL">      0.00000000      0.00000000      0.00000000</v>
   <v name="AVECCONST">      0.00000000      0.00000000      0.00000000</v>
  </separator>
  <separator name="response functions" >
   <i type="logical" name="LADDER"> F  </i>
   <i type="logical" name="LRPAFORCE"> F  </i>
   <i type="logical" name="LFXC"> F  </i>
   <i type="logical" name="LHARTREE"> T  </i>
   <i type="int" name="IBSE">     0</i>
   <v type="int" name="KPOINT">    -1     0     0     0</v>
   <i type="logical" name="LTCTE"> F  </i>
   <i type="logical" name="LTETE"> F  </i>
   <i type="logical" name="LTRIPLET"> F  </i>
   <i type="logical" name="LFXCEPS"> F  </i>
   <i type="logical" name="LFXHEG"> F  </i>
   <i type="int" name="NATURALO">     2</i>
   <i type="logical" name="L2ORDER"> F  </i>
   <i type="logical" name="LMP2LT"> F  </i>
   <i type="logical" name="LUSEW"> F  </i>
   <i name="ENCUTGW">     -2.00000000</i>
   <i name="ENCUTGWSOFT">     -2.00000000</i>
   <i name="ENCUTLF">     -1.00000000</i>
   <i type="int" name="LMAXMP2">    -1</i>
   <i name="SCISSOR">      0.00000000</i>
   <i type="int" name="NOMEGA">     0</i>
   <i type="int" name="NOMEGAR">     0</i>
   <i type="int" name="NBANDSGW">    -1</i>
   <i type="int" name="NBANDSO">    -1</i>
   <i type="int" name="NBANDSV">    -1</i>
   <i type="int" name="NELM">     1</i>
   <i type="int" name="NELMHF">     1</i>
   <i type="int" name="DIM">     3</i>
   <i type="int" name="ANTIRES">     0</i>
   <i name="OMEGAMAX">    -30.00000000</i>
   <i name="OMEGAMIN">    -30.00000000</i>
   <i name="OMEGATL">   -200.00000000</i>
   <i type="int" name="OMEGAGRID">   140</i>
   <i name="CSHIFT">     -0.10000000</i>
   <i type="logical" name="SELFENERGY"> F  </i>
   <i type="logical" name="LSPECTRAL"> F  </i>
   <i type="logical" name="LSPECTRALGW"> F  </i>
   <i type="logical" name="LSINGLES"> F  </i>
   <i type="logical" name="LFERMIGW"> F  </i>
   <i type="logical" name="ODDONLYGW"> F  </i>
   <i type="logical" name="EVENONLYGW"> F  </i>
   <i type="int" name="NKREDLFX">     1</i>
   <i type="int" name="NKREDLFY">     1</i>
   <i type="int" name="NKREDLFZ">     1</i>
   <i type="int" name="MAXMEM">  2800</i>
   <i type="int" name="TELESCOPE">     0</i>
   <i type="int" name="TAUPAR">     1</i>
   <i type="int" name="OMEGAPAR">    -1</i>
   <i name="LAMBDA">      1.00000000</i>
  </separator>
  <separator name="External order field" >
   <i name="OFIELD_KAPPA">      0.00000000</i>
   <v name="OFIELD_K">      0.00000000      0.00000000      0.00000000</v>
   <i name="OFIELD_Q6_NEAR">      0.00000000</i>
   <i name="OFIELD_Q6_FAR">      0.00000000</i>
   <i name="OFIELD_A">      0.00000000</i>
  </separator>
 </parameters>
 <atominfo>
  <atoms>       6 </atoms>
  <types>       2 </types>
  <array name="atoms" >
   <dimension dim="1">ion</dimension>
   <field type="string">element</field>
   <field type="int">atomtype</field>
   <set>
    <rc><c>B </c><c>   1</c></rc>
    <rc><c>B </c><c>   1</c></rc>
    <rc><c>B </c><c>   1</c></rc>
    <rc><c>N </c><c>   2</c></rc>
    <rc><c>N </c><c>   2</c></rc>
    <rc><c>N </c><c>   2</c></rc>
   </set>
  </array>
  <array name="atomtypes" >
   <dimension dim="1">type</dimension>
   <field type="int">atomspertype</field>
   <field type="string">element</field>
   <field>mass</field>
   <field>valence</field>
   <field type="string">pseudopotential</field>
   <set>
    <rc><c>   3</c><c>B </c><c>     10.81100000</c><c>      3.00000000</c><c> PAW_PBE B 06Sep2000                    </c></rc>
    <rc><c>   3</c><c>N </c><c>     14.00100000</c><c>      5.00000000</c><c> PAW_PBE N 08Apr2002                    </c></rc>
   </set>
  </array>
 </atominfo>
 <structure name="initialpos" >
  <crystal>
   <varray name="basis" >
    <v>       9.98845914       0.00000000       0.00000000 </v>
    <v>      -4.99422924       8.65025955       0.00000000 </v>
    <v>       0.00000035       0.00000061       4.62948289 </v>
   </varray>
   <i name="volume">    400.00011798 </i>
   <varray name="rec_basis" >
    <v>       0.10011554       0.05780173      -0.00000002 </v>
    <v>       0.00000000       0.11560347      -0.00000002 </v>
    <v>       0.00000000       0.00000000       0.21600685 </v>
   </varray>
  </crystal>
  <varray name="positions" >
   <v>       0.66670001       0.33329999       0.00000000 </v>
   <v>       0.00000000       0.00000000       0.50000000 </v>
   <v>       0.00000000       0.00000000       0.00000000 </v>
   <v>       0.95117877       0.66206340       0.00000000 </v>
   <v>       0.33793660       0.28911537       0.00000000 </v>
   <v>       0.71088463       0.04882123       0.00000000 </v>
  </varray>
 </structure>
 <calculation>
  <scstep>
   <time name="dav">    0.48    0.52</time>
   <time name="total">    0.63    0.71</time>
   <energy>
    <i name="alphaZ">      7.80469834 </i>
    <i name="ewald">   -393.37510249 </i>
    <i name="hartreedc">   -477.53705267 </i>
    <i name="XCdc">     73.37383957 </i>
    <i name="pawpsdc">    375.95049429 </i>
    <i name="pawaedc">   -382.20592176 </i>
    <i name="eentropy">     -0.01035633 </i>
    <i name="bandstr">    -94.16175255 </i>
    <i name="atom">   1007.15582850 </i>
    <i name="e_fr_energy">    116.99467489 </i>
    <i name="e_wo_entrp">    117.00503122 </i>
    <i name="e_0_energy">    116.99985306 </i>
   </energy>
  </scstep>
  <scstep>
   <time name="dav">    0.79    0.85</time>
   <time name="total">    0.79    0.85</time>
   <energy>
    <i name="e_fr_energy">      0.47923065 </i>
    <i name="e_wo_entrp">      0.49084834 </i>
    <i name="e_0_energy">      0.48503949 </i>
   </energy>
  </scstep>
  <scstep>
   <time name="dav">    0.66    0.66</time>
   <time name="total">    0.66    0.66</time>
   <energy>
    <i name="e_fr_energy">    -12.20387920 </i>
    <i name="e_wo_entrp">    -12.16832067 </i>
    <i name="e_0_energy">    -12.18609994 </i>
   </energy>
  </scstep>
  <scstep>
   <time name="dav">    0.63    0.64</time>
   <time name="total">    0.63    0.64</time>
   <energy>
    <i name="e_fr_energy">    -12.65034976 </i>
    <i name="e_wo_entrp">    -12.60655282 </i>
    <i name="e_0_energy">    -12.62845129 </i>
   </energy>
  </scstep>
  <scstep>
   <time name="dav">    0.64    0.65</time>
   <time name="total">    0.74    0.75</time>
   <energy>
    <i name="e_fr_energy">    -12.68118154 </i>
    <i name="e_wo_entrp">    -12.63732909 </i>
    <i name="e_0_energy">    -12.65925531 </i>
   </energy>
  </scstep>
  <scstep>
   <time name="dav">    0.79    0.80</time>
   <time name="total">    0.99    1.00</time>
   <energy>
    <i name="e_fr_energy">    -14.94983441 </i>
    <i name="e_wo_entrp">    -14.93545560 </i>
    <i name="e_0_energy">    -14.94264501 </i>
   </energy>
  </scstep>
  <scstep>
   <time name="dav">    0.79    0.80</time>
   <time name="total">    0.98    1.00</time>
   <energy>
    <i name="e_fr_energy">    -10.27178787 </i>
    <i name="e_wo_entrp">    -10.24031036 </i>
    <i name="e_0_energy">    -10.25604912 </i>
   </energy>
  </scstep>
  <scstep>
   <time name="dav">    0.69    0.70</time>
   <time name="total">    0.89    0.90</time>
   <energy>
    <i name="e_fr_energy">    -10.44515726 </i>
    <i name="e_wo_entrp">    -10.41190164 </i>
    <i name="e_0_energy">    -10.42852945 </i>
   </energy>
  </scstep>
  <scstep>
   <time name="dav">    0.81    0.82</time>
   <time name="total">    1.01    1.01</time>
   <energy>
    <i name="e_fr_energy">    -10.46822299 </i>
    <i name="e_wo_entrp">    -10.42957536 </i>
    <i name="e_0_energy">    -10.44889917 </i>
   </energy>
  </scstep>
  <scstep>
   <time name="dav">    0.70    0.71</time>
   <time name="total">    0.90    0.91</time>
   <energy>
    <i name="e_fr_energy">    -10.43796449 </i>
    <i name="e_wo_entrp">    -10.40661519 </i>
    <i name="e_0_energy">    -10.42228984 </i>
   </energy>
  </scstep>
  <scstep>
   <time name="dav">    0.71    0.71</time>
   <time name="total">    0.90    0.92</time>
   <energy>
    <i name="e_fr_energy">    -10.44780945 </i>
    <i name="e_wo_entrp">    -10.41222114 </i>
    <i name="e_0_energy">    -10.43001529 </i>
   </energy>
  </scstep>
  <scstep>
   <time name="dav">    0.77    0.77</time>
   <time name="total">    0.96    0.97</time>
   <energy>
    <i name="e_fr_energy">    -10.32322825 </i>
    <i name="e_wo_entrp">    -10.29070698 </i>
    <i name="e_0_energy">    -10.30696762 </i>
   </energy>
  </scstep>
  <scstep>
   <time name="dav">    0.68    0.71</time>
   <time name="total">    0.88    0.91</time>
   <energy>
    <i name="e_fr_energy">    -10.30968563 </i>
    <i name="e_wo_entrp">    -10.27498458 </i>
    <i name="e_0_energy">    -10.29233511 </i>
   </energy>
  </scstep>
  <scstep>
   <time name="dav">    0.65    0.65</time>
   <time name="total">    0.85    0.86</time>
   <energy>
    <i name="e_fr_energy">    -10.31063785 </i>
    <i name="e_wo_entrp">    -10.27632921 </i>
    <i name="e_0_energy">    -10.29348353 </i>
   </energy>
  </scstep>
  <scstep>
   <time name="dav">    0.67    0.67</time>
   <time name="total">    0.87    0.87</time>
   <energy>
    <i name="e_fr_energy">    -10.31206817 </i>
    <i name="e_wo_entrp">    -10.27890457 </i>
    <i name="e_0_energy">    -10.29548637 </i>
   </energy>
  </scstep>
  <scstep>
   <time name="dav">    0.76    0.76</time>
   <time name="total">    0.96    0.96</time>
   <energy>
    <i name="e_fr_energy">    -10.31185693 </i>
    <i name="e_wo_entrp">    -10.27940202 </i>
    <i name="e_0_energy">    -10.29562948 </i>
   </energy>
  </scstep>
  <scstep>
   <time name="dav">    0.67    0.68</time>
   <time name="total">    0.87    0.88</time>
   <energy>
    <i name="e_fr_energy">    -10.31247094 </i>
    <i name="e_wo_entrp">    -10.28035189 </i>
    <i name="e_0_energy">    -10.29641142 </i>
   </energy>
  </scstep>
  <scstep>
   <time name="dav">    0.66    0.67</time>
   <time name="total">    0.87    0.88</time>
   <energy>
    <i name="e_fr_energy">    -10.31365061 </i>
    <i name="e_wo_entrp">    -10.28167062 </i>
    <i name="e_0_energy">    -10.29766061 </i>
   </energy>
  </scstep>
  <scstep>
   <time name="dav">    1.05    1.08</time>
   <time name="total">    1.26    1.40</time>
   <energy>
    <i name="e_fr_energy">    -10.31411325 </i>
    <i name="e_wo_entrp">    -10.28217791 </i>
    <i name="e_0_energy">    -10.29814558 </i>
   </energy>
  </scstep>
  <scstep>
   <time name="dav">    0.99    1.00</time>
   <time name="total">    1.21    1.25</time>
   <energy>
    <i name="e_fr_energy">    -10.31455611 </i>
    <i name="e_wo_entrp">    -10.28252129 </i>
    <i name="e_0_energy">    -10.29853870 </i>
   </energy>
  </scstep>
  <scstep>
   <time name="dav">    0.70    0.71</time>
   <time name="total">    0.91    0.92</time>
   <energy>
    <i name="e_fr_energy">    -10.31478731 </i>
    <i name="e_wo_entrp">    -10.28267433 </i>
    <i name="e_0_energy">    -10.29873082 </i>
   </energy>
  </scstep>
  <scstep>
   <time name="dav">    0.74    0.75</time>
   <time name="total">    0.95    0.96</time>
   <energy>
    <i name="e_fr_energy">    -10.31482712 </i>
    <i name="e_wo_entrp">    -10.28269516 </i>
    <i name="e_0_energy">    -10.29876114 </i>
   </energy>
  </scstep>
  <scstep>
   <time name="dav">    0.56    0.57</time>
   <time name="total">    0.67    0.67</time>
   <energy>
    <i name="alphaZ">      7.80469834 </i>
    <i name="ewald">   -393.37510249 </i>
    <i name="hartreedc">   -482.61897284 </i>
    <i name="XCdc">     73.32801763 </i>
    <i name="pawpsdc">    378.10214017 </i>
    <i name="pawaedc">   -384.17776621 </i>
    <i name="eentropy">     -0.03211716 </i>
    <i name="bandstr">   -216.50155428 </i>
    <i name="atom">   1007.15582850 </i>
    <i name="e_fr_energy">    -10.31482835 </i>
    <i name="e_wo_entrp">    -10.28271119 </i>
    <i name="e_0_energy">    -10.29876977 </i>
   </energy>
  </scstep>
  <structure>
   <crystal>
    <varray name="basis" >
     <v>       9.98845914       0.00000000       0.00000000 </v>
     <v>      -4.99422924       8.65025955       0.00000000 </v>
     <v>       0.00000035       0.00000061       4.62948289 </v>
    </varray>
    <i name="volume">    400.00011798 </i>
    <varray name="rec_basis" >
     <v>       0.10011554       0.05780173      -0.00000002 </v>
     <v>       0.00000000       0.11560347      -0.00000002 </v>
     <v>       0.00000000       0.00000000       0.21600685 </v>
    </varray>
   </crystal>
   <varray name="positions" >
    <v>       0.66670001       0.33329999       0.00000000 </v>
    <v>       0.00000000       0.00000000       0.50000000 </v>
    <v>       0.00000000       0.00000000       0.00000000 </v>
    <v>       0.95117877       0.66206340       0.00000000 </v>
    <v>       0.33793660       0.28911537       0.00000000 </v>
    <v>       0.71088463       0.04882123       0.00000000 </v>
   </varray>
  </structure>
  <varray name="forces" >
   <v>       0.00086720      -0.00050477       0.00000000 </v>
   <v>       0.00001518       0.00003798       0.00000000 </v>
   <v>       0.00008232       0.00008130       0.00000000 </v>
   <v>      -0.68266156      -0.01905865       0.00000000 </v>
   <v>       0.35737094      -0.58226069       0.00000000 </v>
   <v>       0.32432592       0.60170484       0.00000000 </v>
  </varray>
  <varray name="stress" >
   <v>     -37.33883339       0.00447954      -0.00000322 </v>
   <v>       0.00447955     -37.35218561      -0.00000558 </v>
   <v>      -0.00000322      -0.00000558     -42.67252300 </v>
  </varray>
  <energy>
   <i name="e_fr_energy">    738.66615612 </i>
   <i name="e_wo_entrp">    738.68221471 </i>
   <i name="e_0_energy">     -0.03211716 </i>
  </energy>
