<?xml version="1.0" encoding="ISO-8859-1"?>
<modeling>
 <generator>
  <i name="program" type="string">vasp </i>
  <i name="version" type="string">5.4.4.18Apr17-6-g9f103f2a35  </i>
  <i name="subversion" type="string">(build Nov 14 2022 07:55:26) complex            parallel </i>
  <i name="platform" type="string">LinuxIFC </i>
  <i name="date" type="string">2023 04 13 </i>
  <i name="time" type="string">16:28:18 </i>
 </generator>
 <incar>
  <i type="string" name="SYSTEM"> local optimisation</i>
  <i type="string" name="PREC">accurate</i>
  <i type="int" name="IBRION">     2</i>
  <i name="EDIFF">      0.00001000</i>
  <i type="int" name="NSW">   200</i>
  <i type="int" name="ISIF">     3</i>
  <i name="SYMPREC">      0.00010000</i>
  <i name="ENCUT">    600.00000000</i>
  <i name="POTIM">      0.10000000</i>
  <i type="int" name="ISMEAR">     0</i>
  <i name="SIGMA">      0.05000000</i>
  <i name="KSPACING">      0.50000000</i>
  <i name="PSTRESS">   3000.00000000</i>
  <i type="logical" name="LWAVE"> F  </i>
  <i type="logical" name="LCHARG"> F  </i>
  <v type="int" name="KPOINT_BSE">    -1     0     0     0</v>
 </incar>
 <structure name="primitive_cell" >
  <crystal>
   <varray name="basis" >
    <v>       6.82284987       0.00000000       0.00000000 </v>
    <v>      -3.41142471       5.90876145       0.00000000 </v>
    <v>       0.00000075       0.00000130       9.92196818 </v>
   </varray>
   <i name="volume">    400.00010173 </i>
   <varray name="rec_basis" >
    <v>       0.14656632       0.08462010      -0.00000002 </v>
    <v>       0.00000000       0.16924021      -0.00000002 </v>
    <v>       0.00000000       0.00000000       0.10078646 </v>
   </varray>
  </crystal>
  <varray name="positions" >
   <v>       0.00000000       0.00000000       0.39827368 </v>
   <v>       0.00000000       0.00000000      -0.50000000 </v>
   <v>       0.00000000       0.00000000       0.27910937 </v>
   <v>      -0.24146381       0.00000000      -0.50000000 </v>
   <v>       0.00000000      -0.24146381      -0.50000000 </v>
   <v>       0.24146381       0.24146381      -0.50000000 </v>
   <v>       0.00000000       0.00000000      -0.39827368 </v>
   <v>       0.00000000       0.00000000      -0.27910937 </v>
  </varray>
 </structure>
 <varray name="primitive_index" >
  <v type="int" >        1 </v>
  <v type="int" >        5 </v>
  <v type="int" >        4 </v>
  <v type="int" >        6 </v>
  <v type="int" >        7 </v>
  <v type="int" >        8 </v>
  <v type="int" >        2 </v>
  <v type="int" >        3 </v>
 </varray>
 <kpoints>
  <generation param="Gamma">
   <v type="int" name="divisions">       3        3        2 </v>
   <v name="usershift">      0.00000000       0.00000000       0.00000000 </v>
   <v name="genvec1">      0.33333333       0.00000000       0.00000000 </v>
   <v name="genvec2">      0.00000000       0.33333333      -0.00000000 </v>
   <v name="genvec3">      0.00000000       0.00000000       0.50000000 </v>
   <v name="shift">      0.00000000       0.00000000       0.00000000 </v>
  </generation>
  <varray name="kpointlist" >
   <v>       0.00000000       0.00000000       0.00000000 </v>
   <v>       0.33333333       0.00000000       0.00000000 </v>
   <v>       0.33333333       0.33333333       0.00000000 </v>
   <v>       0.00000000       0.00000000       0.50000000 </v>
   <v>       0.33333333       0.00000000       0.50000000 </v>
   <v>       0.33333333       0.33333333       0.50000000 </v>
  </varray>
  <varray name="weights" >
   <v>       0.05555556 </v>
   <v>       0.33333333 </v>
   <v>       0.11111111 </v>
   <v>       0.05555556 </v>
   <v>       0.33333333 </v>
   <v>       0.11111111 </v>
  </varray>
 </kpoints>
 <parameters>
  <separator name="general" >
   <i type="string" name="SYSTEM">local optimisation</i>
   <i type="logical" name="LCOMPAT"> F  </i>
  </separator>
  <separator name="electronic" >
   <i type="string" name="PREC">accura</i>
   <i name="ENMAX">    600.00000000</i>
   <i name="ENAUG">    627.11200000</i>
   <i name="EDIFF">      0.00001000</i>
   <i type="int" name="IALGO">    38</i>
   <i type="int" name="IWAVPR">    11</i>
   <i type="int" name="NBANDS">    32</i>
   <i name="NELECT">     30.00000000</i>
   <i type="int" name="TURBO">     0</i>
   <i type="int" name="IRESTART">     0</i>
   <i type="int" name="NREBOOT">     0</i>
   <i type="int" name="NMIN">     0</i>
   <i name="EREF">      0.00000000</i>
   <separator name="electronic smearing" >
    <i type="int" name="ISMEAR">     0</i>
    <i name="SIGMA">      0.05000000</i>
    <i name="KSPACING">      0.50000000</i>
    <i type="logical" name="KGAMMA"> T  </i>
   </separator>
   <separator name="electronic projectors" >
    <i type="logical" name="LREAL"> F  </i>
    <v name="ROPT">      0.00000000      0.00000000</v>
    <i type="int" name="LMAXPAW">  -100</i>
    <i type="int" name="LMAXMIX">     2</i>
    <i type="logical" name="NLSPLINE"> F  </i>
   </separator>
   <separator name="electronic startup" >
    <i type="int" name="ISTART">     0</i>
    <i type="int" name="ICHARG">     2</i>
    <i type="int" name="INIWAV">     1</i>
   </separator>
   <separator name="electronic spin" >
    <i type="int" name="ISPIN">     1</i>
    <i type="logical" name="LNONCOLLINEAR"> F  </i>
    <v name="MAGMOM">      1.00000000      1.00000000      1.00000000      1.00000000      1.00000000      1.00000000      1.00000000      1.00000000</v>
    <i name="NUPDOWN">     -1.00000000</i>
    <i type="logical" name="LSORBIT"> F  </i>
    <v name="SAXIS">      0.00000000      0.00000000      1.00000000</v>
    <i type="logical" name="LSPIRAL"> F  </i>
    <v name="QSPIRAL">      0.00000000      0.00000000      0.00000000</v>
    <i type="logical" name="LZEROZ"> F  </i>
   </separator>
   <separator name="electronic exchange-correlation" >
    <i type="logical" name="LASPH"> F  </i>
    <i type="logical" name="LMETAGGA"> F  </i>
   </separator>
   <separator name="electronic convergence" >
    <i type="int" name="NELM">    60</i>
    <i type="int" name="NELMDL">     0</i>
    <i type="int" name="NELMIN">     2</i>
    <i name="ENINI">    600.00000000</i>
    <separator name="electronic convergence detail" >
     <i type="logical" name="LDIAG"> T  </i>
     <i type="logical" name="LSUBROT"> F  </i>
     <i name="WEIMIN">      0.00100000</i>
     <i name="EBREAK">      0.00000008</i>
     <i name="DEPER">      0.30000000</i>
     <i type="int" name="NRMM">     4</i>
     <i name="TIME">      0.40000000</i>
    </separator>
   </separator>
   <separator name="electronic mixer" >
    <i name="AMIX">      0.40000000</i>
    <i name="BMIX">      1.00000000</i>
    <i name="AMIN">      0.10000000</i>
    <i name="AMIX_MAG">      1.60000000</i>
    <i name="BMIX_MAG">      1.00000000</i>
    <separator name="electronic mixer details" >
     <i type="int" name="IMIX">     4</i>
     <i type="logical" name="MIXFIRST"> F  </i>
     <i type="int" name="MAXMIX">   -45</i>
     <i name="WC">    100.00000000</i>
     <i type="int" name="INIMIX">     1</i>
     <i type="int" name="MIXPRE">     1</i>
     <i type="int" name="MREMOVE">     5</i>
    </separator>
   </separator>
   <separator name="electronic dipolcorrection" >
    <i type="logical" name="LDIPOL"> F  </i>
    <i type="logical" name="LMONO"> F  </i>
    <i type="int" name="IDIPOL">     0</i>
    <i name="EPSILON">      1.00000000</i>
    <v name="DIPOL">   -100.00000000   -100.00000000   -100.00000000</v>
    <i name="EFIELD">      0.00000000</i>
   </separator>
  </separator>
  <separator name="grids" >
   <i type="int" name="NGX">    56</i>
   <i type="int" name="NGY">    56</i>
   <i type="int" name="NGZ">    80</i>
   <i type="int" name="NGXF">   112</i>
   <i type="int" name="NGYF">   112</i>
   <i type="int" name="NGZF">   160</i>
   <i type="logical" name="ADDGRID"> F  </i>
  </separator>
  <separator name="ionic" >
   <i type="int" name="NSW">   200</i>
   <i type="int" name="IBRION">     2</i>
   <i type="int" name="MDALGO">     0</i>
   <i type="int" name="ISIF">     3</i>
   <i name="PSTRESS">   3000.00000000</i>
   <i name="EDIFFG">      0.00010000</i>
   <i type="int" name="NFREE">     1</i>
   <i name="POTIM">      0.10000000</i>
   <i name="SMASS">     -3.00000000</i>
   <i name="SCALEE">      1.00000000</i>
  </separator>
  <separator name="ionic md" >
   <i name="TEBEG">      0.00010000</i>
   <i name="TEEND">      0.00010000</i>
   <i type="int" name="NBLOCK">     1</i>
   <i type="int" name="KBLOCK">   200</i>
   <i type="int" name="NPACO">   256</i>
   <i name="APACO">     16.00000000</i>
  </separator>
  <separator name="symmetry" >
   <i type="int" name="ISYM">     2</i>
   <i name="SYMPREC">      0.00010000</i>
  </separator>
  <separator name="dos" >
   <i type="int" name="LORBIT">     0</i>
   <v name="RWIGS">     -1.00000000     -1.00000000</v>
   <i type="int" name="NEDOS">   301</i>
   <i name="EMIN">     10.00000000</i>
   <i name="EMAX">    -10.00000000</i>
   <i name="EFERMI">      0.00000000</i>
  </separator>
  <separator name="writing" >
   <i type="int" name="NWRITE">     2</i>
   <i type="logical" name="LWAVE"> F  </i>
   <i type="logical" name="LDOWNSAMPLE"> F  </i>
   <i type="logical" name="LCHARG"> F  </i>
   <i type="logical" name="LPARD"> F  </i>
   <i type="logical" name="LVTOT"> F  </i>
   <i type="logical" name="LVHAR"> F  </i>
   <i type="logical" name="LELF"> F  </i>
   <i type="logical" name="LOPTICS"> F  </i>
   <v name="STM">      0.00000000      0.00000000      0.00000000      0.00000000      0.00000000      0.00000000      0.00000000</v>
  </separator>
  <separator name="performance" >
   <i type="int" name="NPAR">    16</i>
   <i type="int" name="NSIM">     4</i>
   <i type="int" name="NBLK">    -1</i>
   <i type="logical" name="LPLANE"> T  </i>
   <i type="logical" name="LSCALAPACK"> T  </i>
   <i type="logical" name="LSCAAWARE"> F  </i>
   <i type="logical" name="LSCALU"> F  </i>
   <i type="logical" name="LASYNC"> F  </i>
   <i type="logical" name="LORBITALREAL"> F  </i>
  </separator>
  <separator name="miscellaneous" >
   <i type="int" name="IDIOT">     3</i>
   <i type="int" name="ISPECIAL">     0</i>
   <i type="logical" name="LMUSIC"> F  </i>
   <v name="POMASS">     10.81100000     14.00100000</v>
   <v name="DARWINR">      0.00000000      0.00000000</v>
   <v name="DARWINV">      1.00000000      1.00000000</v>
   <i type="logical" name="LCORR"> T  </i>
  </separator>
  <i type="logical" name="GGA_COMPAT"> T  </i>
  <i type="logical" name="LBERRY"> F  </i>
  <i type="int" name="ICORELEVEL">     0</i>
  <i type="logical" name="LDAU"> F  </i>
  <i type="int" name="I_CONSTRAINED_M">     0</i>
  <separator name="electronic exchange-correlation" >
   <i type="string" name="GGA">--</i>
   <i type="int" name="VOSKOWN">     0</i>
   <i type="logical" name="LHFCALC"> F  </i>
   <i type="string" name="PRECFOCK"></i>
   <i type="logical" name="LSYMGRAD"> F  </i>
   <i type="logical" name="LHFONE"> F  </i>
   <i type="logical" name="LRHFCALC"> F  </i>
   <i type="logical" name="LTHOMAS"> F  </i>
   <i type="logical" name="LMODELHF"> F  </i>
   <i name="ENCUT4O">     -1.00000000</i>
   <i type="int" name="EXXOEP">     0</i>
   <i type="int" name="FOURORBIT">     0</i>
   <i name="AEXX">      0.00000000</i>
   <i name="HFALPHA">      0.00000000</i>
   <i name="MCALPHA">      0.00000000</i>
   <i name="ALDAX">      1.00000000</i>
   <i name="AGGAX">      1.00000000</i>
   <i name="ALDAC">      1.00000000</i>
   <i name="AGGAC">      1.00000000</i>
   <i type="int" name="NKREDX">     1</i>
   <i type="int" name="NKREDY">     1</i>
   <i type="int" name="NKREDZ">     1</i>
   <i type="logical" name="SHIFTRED"> F  </i>
   <i type="logical" name="ODDONLY"> F  </i>
   <i type="logical" name="EVENONLY"> F  </i>
   <i type="int" name="LMAXFOCK">     0</i>
   <i type="int" name="NMAXFOCKAE">     0</i>
   <i type="logical" name="LFOCKAEDFT"> F  </i>
   <i name="HFSCREEN">      0.00000000</i>
   <i name="HFSCREENC">      0.00000000</i>
   <i type="int" name="NBANDSGWLOW">     0</i>
  </separator>
  <separator name="vdW DFT" >
   <i type="logical" name="LUSE_VDW"> F  </i>
   <i name="Zab_VDW">     -0.84910000</i>
   <i name="PARAM1">      0.12340000</i>
   <i name="PARAM2">      1.00000000</i>
   <i name="PARAM3">      0.00000000</i>
  </separator>
  <separator name="model GW" >
   <i type="int" name="MODEL_GW">     0</i>
   <i name="MODEL_EPS0">     30.00000763</i>
   <i name="MODEL_ALPHA">      1.00000000</i>
  </separator>
  <separator name="linear response parameters" >
   <i type="logical" name="LEPSILON"> F  </i>
   <i type="logical" name="LRPA"> F  </i>
   <i type="logical" name="LNABLA"> F  </i>
   <i type="logical" name="LVEL"> F  </i>
   <i type="int" name="KINTER">     0</i>
   <i name="CSHIFT">      0.10000000</i>
   <i name="OMEGAMAX">     -1.00000000</i>
   <i name="DEG_THRESHOLD">      0.00200000</i>
   <i name="RTIME">     -0.10000000</i>
   <i name="WPLASMAI">      0.00000000</i>
   <v name="DFIELD">      0.00000000      0.00000000      0.00000000</v>
   <v name="WPLASMA">      0.00000000      0.00000000      0.00000000      0.00000000      0.00000000      0.00000000      0.00000000      0.00000000      0.00000000</v>
  </separator>
  <separator name="orbital magnetization" >
   <i type="logical" name="NUCIND"> F  </i>
   <v name="MAGPOS">      0.00000000      0.00000000      0.00000000</v>
   <i type="logical" name="LNICSALL"> T  </i>
   <i type="logical" name="ORBITALMAG"> F  </i>
   <i type="logical" name="LMAGBLOCH"> F  </i>
   <i type="logical" name="LCHIMAG"> F  </i>
   <i type="logical" name="LGAUGE"> T  </i>
   <i type="int" name="MAGATOM">     0</i>
   <v name="MAGDIPOL">      0.00000000      0.00000000      0.00000000</v>
   <v name="AVECCONST">      0.00000000      0.00000000      0.00000000</v>
  </separator>
  <separator name="response functions" >
   <i type="logical" name="LADDER"> F  </i>
   <i type="logical" name="LRPAFORCE"> F  </i>
   <i type="logical" name="LFXC"> F  </i>
   <i type="logical" name="LHARTREE"> T  </i>
   <i type="int" name="IBSE">     0</i>
   <v type="int" name="KPOINT">    -1     0     0     0</v>
   <i type="logical" name="LTCTE"> F  </i>
   <i type="logical" name="LTETE"> F  </i>
   <i type="logical" name="LTRIPLET"> F  </i>
   <i type="logical" name="LFXCEPS"> F  </i>
   <i type="logical" name="LFXHEG"> F  </i>
   <i type="int" name="NATURALO">     2</i>
   <i type="logical" name="L2ORDER"> F  </i>
   <i type="logical" name="LMP2LT"> F  </i>
   <i type="logical" name="LUSEW"> F  </i>
   <i name="ENCUTGW">     -2.00000000</i>
   <i name="ENCUTGWSOFT">     -2.00000000</i>
   <i name="ENCUTLF">     -1.00000000</i>
   <i type="int" name="LMAXMP2">    -1</i>
   <i name="SCISSOR">      0.00000000</i>
   <i type="int" name="NOMEGA">     0</i>
   <i type="int" name="NOMEGAR">     0</i>
   <i type="int" name="NBANDSGW">    -1</i>
   <i type="int" name="NBANDSO">    -1</i>
   <i type="int" name="NBANDSV">    -1</i>
   <i type="int" name="NELM">     1</i>
   <i type="int" name="NELMHF">     1</i>
   <i type="int" name="DIM">     3</i>
   <i type="int" name="ANTIRES">     0</i>
   <i name="OMEGAMAX">    -30.00000000</i>
   <i name="OMEGAMIN">    -30.00000000</i>
   <i name="OMEGATL">   -200.00000000</i>
   <i type="int" name="OMEGAGRID">   140</i>
   <i name="CSHIFT">     -0.10000000</i>
   <i type="logical" name="SELFENERGY"> F  </i>
   <i type="logical" name="LSPECTRAL"> F  </i>
   <i type="logical" name="LSPECTRALGW"> F  </i>
   <i type="logical" name="LSINGLES"> F  </i>
   <i type="logical" name="LFERMIGW"> F  </i>
   <i type="logical" name="ODDONLYGW"> F  </i>
   <i type="logical" name="EVENONLYGW"> F  </i>
   <i type="int" name="NKREDLFX">     1</i>
   <i type="int" name="NKREDLFY">     1</i>
   <i type="int" name="NKREDLFZ">     1</i>
   <i type="int" name="MAXMEM">  2800</i>
   <i type="int" name="TELESCOPE">     0</i>
   <i type="int" name="TAUPAR">     1</i>
   <i type="int" name="OMEGAPAR">    -1</i>
   <i name="LAMBDA">      1.00000000</i>
  </separator>
  <separator name="External order field" >
   <i name="OFIELD_KAPPA">      0.00000000</i>
   <v name="OFIELD_K">      0.00000000      0.00000000      0.00000000</v>
   <i name="OFIELD_Q6_NEAR">      0.00000000</i>
   <i name="OFIELD_Q6_FAR">      0.00000000</i>
   <i name="OFIELD_A">      0.00000000</i>
  </separator>
 </parameters>
 <atominfo>
  <atoms>       8 </atoms>
  <types>       2 </types>
  <array name="atoms" >
   <dimension dim="1">ion</dimension>
   <field type="string">element</field>
   <field type="int">atomtype</field>
   <set>
    <rc><c>B </c><c>   1</c></rc>
    <rc><c>B </c><c>   1</c></rc>
    <rc><c>B </c><c>   1</c></rc>
    <rc><c>B </c><c>   1</c></rc>
    <rc><c>B </c><c>   1</c></rc>
    <rc><c>N </c><c>   2</c></rc>
    <rc><c>N </c><c>   2</c></rc>
    <rc><c>N </c><c>   2</c></rc>
   </set>
  </array>
  <array name="atomtypes" >
   <dimension dim="1">type</dimension>
   <field type="int">atomspertype</field>
   <field type="string">element</field>
   <field>mass</field>
   <field>valence</field>
   <field type="string">pseudopotential</field>
   <set>
    <rc><c>   5</c><c>B </c><c>     10.81100000</c><c>      3.00000000</c><c> PAW_PBE B 06Sep2000                    </c></rc>
    <rc><c>   3</c><c>N </c><c>     14.00100000</c><c>      5.00000000</c><c> PAW_PBE N 08Apr2002                    </c></rc>
   </set>
  </array>
 </atominfo>
 <structure name="initialpos" >
  <crystal>
   <varray name="basis" >
    <v>       6.82284987       0.00000000       0.00000000 </v>
    <v>      -3.41142471       5.90876145       0.00000000 </v>
    <v>       0.00000075       0.00000130       9.92196818 </v>
   </varray>
   <i name="volume">    400.00010173 </i>
   <varray name="rec_basis" >
    <v>       0.14656632       0.08462010      -0.00000002 </v>
    <v>       0.00000000       0.16924021      -0.00000002 </v>
    <v>       0.00000000       0.00000000       0.10078646 </v>
   </varray>
  </crystal>
  <varray name="positions" >
   <v>       0.00000000       0.00000000       0.39827368 </v>
   <v>       0.00000000       0.00000000       0.60172632 </v>
   <v>       0.00000000       0.00000000       0.72089063 </v>
   <v>       0.00000000       0.00000000       0.27910937 </v>
   <v>       0.00000000       0.00000000       0.50000000 </v>
   <v>       0.75853619       0.00000000       0.50000000 </v>
   <v>       0.00000000       0.75853619       0.50000000 </v>
   <v>       0.24146381       0.24146381       0.50000000 </v>
  </varray>
 </structure>
 <calculation>
  <scstep>
   <time name="dav">    0.86    0.88</time>
   <time name="total">    1.00    1.04</time>
   <energy>
    <i name="alphaZ">     13.03098884 </i>
    <i name="ewald">    492.72781946 </i>
    <i name="hartreedc">  -1330.28948737 </i>
    <i name="XCdc">     98.23485516 </i>
    <i name="pawpsdc">    402.49010569 </i>
    <i name="pawaedc">   -410.15627605 </i>
    <i name="eentropy">     -0.00732011 </i>
    <i name="bandstr">   -168.11860381 </i>
    <i name="atom">   1149.51643243 </i>
    <i name="e_fr_energy">    247.42851424 </i>
    <i name="e_wo_entrp">    247.43583435 </i>
    <i name="e_0_energy">    247.43217429 </i>
   </energy>
  </scstep>
  <scstep>
   <time name="dav">    1.27    1.28</time>
   <time name="total">    1.27    1.28</time>
   <energy>
    <i name="e_fr_energy">      0.95703984 </i>
    <i name="e_wo_entrp">      0.96365689 </i>
    <i name="e_0_energy">      0.96034836 </i>
   </energy>
  </scstep>
  <scstep>
   <time name="dav">    1.01    1.01</time>
   <time name="total">    1.01    1.01</time>
   <energy>
    <i name="e_fr_energy">    -28.53125053 </i>
    <i name="e_wo_entrp">    -28.53122632 </i>
    <i name="e_0_energy">    -28.53123843 </i>
   </energy>
  </scstep>
  <scstep>
   <time name="dav">    0.86    0.87</time>
   <time name="total">    0.86    0.87</time>
   <energy>
    <i name="e_fr_energy">    -28.99884649 </i>
    <i name="e_wo_entrp">    -28.99883488 </i>
    <i name="e_0_energy">    -28.99884068 </i>
   </energy>
  </scstep>
  <scstep>
   <time name="dav">    1.12    1.13</time>
   <time name="total">    1.22    1.23</time>
   <energy>
    <i name="e_fr_energy">    -29.00761809 </i>
    <i name="e_wo_entrp">    -29.00760668 </i>
    <i name="e_0_energy">    -29.00761239 </i>
   </energy>
  </scstep>
  <scstep>
   <time name="dav">    0.87    0.88</time>
   <time name="total">    1.07    1.09</time>
   <energy>
    <i name="e_fr_energy">    -11.95076940 </i>
    <i name="e_wo_entrp">    -11.95076940 </i>
    <i name="e_0_energy">    -11.95076940 </i>
   </energy>
  </scstep>
  <scstep>
   <time name="dav">    1.08    1.10</time>
   <time name="total">    1.29    1.30</time>
   <energy>
    <i name="e_fr_energy">    -11.08272363 </i>
    <i name="e_wo_entrp">    -11.08272333 </i>
    <i name="e_0_energy">    -11.08272348 </i>
   </energy>
  </scstep>
  <scstep>
   <time name="dav">    1.01    1.01</time>
   <time name="total">    1.21    1.22</time>
   <energy>
    <i name="e_fr_energy">     -5.99848083 </i>
    <i name="e_wo_entrp">     -5.95085227 </i>
    <i name="e_0_energy">     -5.97466655 </i>
   </energy>
  </scstep>
  <scstep>
   <time name="dav">    0.95    0.95</time>
   <time name="total">    1.14    1.15</time>
   <energy>
    <i name="e_fr_energy">     -5.79078411 </i>
    <i name="e_wo_entrp">     -5.76314687 </i>
    <i name="e_0_energy">     -5.77696549 </i>
   </energy>
  </scstep>
  <scstep>
   <time name="dav">    1.01    1.01</time>
   <time name="total">    1.20    1.21</time>
   <energy>
    <i name="e_fr_energy">     -6.69876624 </i>
    <i name="e_wo_entrp">     -6.69876624 </i>
    <i name="e_0_energy">     -6.69876624 </i>
   </energy>
  </scstep>
  <scstep>
   <time name="dav">    0.97    0.97</time>
   <time name="total">    1.17    1.17</time>
   <energy>
    <i name="e_fr_energy">     -6.15121506 </i>
    <i name="e_wo_entrp">     -6.15121506 </i>
    <i name="e_0_energy">     -6.15121506 </i>
   </energy>
  </scstep>
  <scstep>
   <time name="dav">    0.98    0.98</time>
   <time name="total">    1.17    1.18</time>
   <energy>
    <i name="e_fr_energy">     -5.48688240 </i>
    <i name="e_wo_entrp">     -5.44535666 </i>
    <i name="e_0_energy">     -5.46611953 </i>
   </energy>
  </scstep>
  <scstep>
   <time name="dav">    0.85    0.85</time>
   <time name="total">    1.04    1.05</time>
   <energy>
    <i name="e_fr_energy">     -5.51179861 </i>
    <i name="e_wo_entrp">     -5.46965969 </i>
    <i name="e_0_energy">     -5.49072915 </i>
   </energy>
  </scstep>
  <scstep>
   <time name="dav">    0.99    1.00</time>
   <time name="total">    1.19    1.21</time>
   <energy>
    <i name="e_fr_energy">     -5.56663081 </i>
    <i name="e_wo_entrp">     -5.53949664 </i>
    <i name="e_0_energy">     -5.55306372 </i>
   </energy>
  </scstep>
  <scstep>
   <time name="dav">    0.83    0.83</time>
   <time name="total">    1.03    1.04</time>
   <energy>
    <i name="e_fr_energy">     -5.51679963 </i>
    <i name="e_wo_entrp">     -5.47874257 </i>
    <i name="e_0_energy">     -5.49777110 </i>
   </energy>
  </scstep>
  <scstep>
   <time name="dav">    0.88    0.89</time>
   <time name="total">    1.08    1.09</time>
   <energy>
    <i name="e_fr_energy">     -5.50407381 </i>
    <i name="e_wo_entrp">     -5.45909983 </i>
    <i name="e_0_energy">     -5.48158682 </i>
   </energy>
  </scstep>
  <scstep>
   <time name="dav">    0.85    0.86</time>
   <time name="total">    1.05    1.06</time>
   <energy>
    <i name="e_fr_energy">     -5.50663798 </i>
    <i name="e_wo_entrp">     -5.46233840 </i>
    <i name="e_0_energy">     -5.48448819 </i>
   </energy>
  </scstep>
  <scstep>
   <time name="dav">    0.87    0.88</time>
   <time name="total">    1.07    1.08</time>
   <energy>
    <i name="e_fr_energy">     -5.50628788 </i>
    <i name="e_wo_entrp">     -5.46131385 </i>
    <i name="e_0_energy">     -5.48380086 </i>
   </energy>
  </scstep>
  <scstep>
   <time name="dav">    0.84    0.84</time>
   <time name="total">    1.04    1.04</time>
   <energy>
    <i name="e_fr_energy">     -5.50615324 </i>
    <i name="e_wo_entrp">     -5.46121310 </i>
    <i name="e_0_energy">     -5.48368317 </i>
   </energy>
  </scstep>
  <scstep>
   <time name="dav">    0.87    0.88</time>
   <time name="total">    1.07    1.08</time>
   <energy>
    <i name="e_fr_energy">     -5.50610195 </i>
    <i name="e_wo_entrp">     -5.46123479 </i>
    <i name="e_0_energy">     -5.48366837 </i>
   </energy>
  </scstep>
  <scstep>
   <time name="dav">    0.83    0.84</time>
   <time name="total">    1.03    1.04</time>
   <energy>
    <i name="e_fr_energy">     -5.50613312 </i>
    <i name="e_wo_entrp">     -5.46129664 </i>
    <i name="e_0_energy">     -5.48371488 </i>
   </energy>
  </scstep>
  <scstep>
   <time name="dav">    0.70    0.70</time>
   <time name="total">    0.81    0.81</time>
   <energy>
    <i name="alphaZ">     13.03098884 </i>
    <i name="ewald">    492.72781946 </i>
    <i name="hartreedc">  -1432.17120324 </i>
    <i name="XCdc">    102.54004625 </i>
    <i name="pawpsdc">    713.75321400 </i>
    <i name="pawaedc">   -723.95163863 </i>
    <i name="eentropy">     -0.04483556 </i>
    <i name="bandstr">   -320.90695998 </i>
    <i name="atom">   1149.51643243 </i>
    <i name="e_fr_energy">     -5.50613644 </i>
    <i name="e_wo_entrp">     -5.46130088 </i>
    <i name="e_0_energy">     -5.48371866 </i>
   </energy>
  </scstep>
  <structure>
   <crystal>
    <varray name="basis" >
     <v>       6.82284987       0.00000000       0.00000000 </v>
     <v>      -3.41142471       5.90876145       0.00000000 </v>
     <v>       0.00000075       0.00000130       9.92196818 </v>
    </varray>
    <i name="volume">    400.00010173 </i>
    <varray name="rec_basis" >
     <v>       0.14656632       0.08462010      -0.00000002 </v>
     <v>       0.00000000       0.16924021      -0.00000002 </v>
     <v>       0.00000000       0.00000000       0.10078646 </v>
    </varray>
   </crystal>
   <varray name="positions" >
    <v>       0.00000000       0.00000000       0.39827368 </v>
    <v>       0.00000000       0.00000000       0.60172632 </v>
    <v>       0.00000000       0.00000000       0.72089063 </v>
    <v>       0.00000000       0.00000000       0.27910937 </v>
    <v>       0.00000000       0.00000000       0.50000000 </v>
    <v>       0.75853619       0.00000000       0.50000000 </v>
    <v>       0.00000000       0.75853619       0.50000000 </v>
    <v>       0.24146381       0.24146381       0.50000000 </v>
   </varray>
  </structure>
  <varray name="forces" >
   <v>      -0.00000205      -0.00000355     -27.15448810 </v>
   <v>       0.00000205       0.00000355      27.15448810 </v>
   <v>       0.00000211       0.00000365      27.89178680 </v>
   <v>      -0.00000211      -0.00000365     -27.89178680 </v>
   <v>       0.00000000      -0.00000000       0.00000000 </v>
   <v>       5.40071819      -0.00000000       0.00000000 </v>
   <v>      -2.70035891       4.67715925      -0.00000000 </v>
   <v>      -2.70035927      -4.67715925       0.00000000 </v>
  </varray>
  <varray name="stress" >
   <v>     -54.02394915      -0.00000207       0.00005332 </v>
   <v>      -0.00000207     -54.02395154       0.00009235 </v>
   <v>       0.00005332       0.00009235     706.19231117 </v>
  </varray>
  <energy>
   <i name="e_fr_energy">    743.47481761 </i>
   <i name="e_wo_entrp">    743.49723539 </i>
   <i name="e_0_energy">     -0.04483556 </i>
  </energy>
