<?xml version="1.0" encoding="ISO-8859-1"?>
<modeling>
 <generator>
  <i name="program" type="string">vasp </i>
  <i name="version" type="string">5.4.4.18Apr17-6-g9f103f2a35  </i>
  <i name="subversion" type="string">(build Nov 14 2022 07:55:26) complex            parallel </i>
  <i name="platform" type="string">LinuxIFC </i>
  <i name="date" type="string">2023 04 13 </i>
  <i name="time" type="string">16:28:18 </i>
 </generator>
 <incar>
  <i type="string" name="SYSTEM"> local optimisation</i>
  <i type="string" name="PREC">accurate</i>
  <i type="int" name="IBRION">     2</i>
  <i name="EDIFF">      0.00001000</i>
  <i type="int" name="NSW">   200</i>
  <i type="int" name="ISIF">     3</i>
  <i name="SYMPREC">      0.00010000</i>
  <i name="ENCUT">    600.00000000</i>
  <i name="POTIM">      0.10000000</i>
  <i type="int" name="ISMEAR">     0</i>
  <i name="SIGMA">      0.05000000</i>
  <i name="KSPACING">      0.50000000</i>
  <i name="PSTRESS">   3000.00000000</i>
  <i type="logical" name="LWAVE"> F  </i>
  <i type="logical" name="LCHARG"> F  </i>
  <v type="int" name="KPOINT_BSE">    -1     0     0     0</v>
 </incar>
 <structure name="primitive_cell" >
  <crystal>
   <varray name="basis" >
    <v>       7.39607443       0.00000000       0.00000000 </v>
    <v>       0.00000056       7.39607443       0.00000000 </v>
    <v>       0.00000055       0.00000055       7.31235950 </v>
   </varray>
   <i name="volume">    400.00008238 </i>
   <varray name="rec_basis" >
    <v>       0.13520686      -0.00000001      -0.00000001 </v>
    <v>       0.00000000       0.13520686      -0.00000001 </v>
    <v>       0.00000000       0.00000000       0.13675476 </v>
   </varray>
  </crystal>
  <varray name="positions" >
   <v>       0.00000000       0.00000000      -0.43112004 </v>
   <v>       0.00000000       0.00000000       0.43112004 </v>
   <v>       0.00000000       0.00000000      -0.23419648 </v>
   <v>       0.00000000       0.00000000       0.23419648 </v>
   <v>      -0.50000000       0.00000000      -0.50000000 </v>
   <v>       0.00000000      -0.50000000      -0.50000000 </v>
  </varray>
 </structure>
 <varray name="primitive_index" >
  <v type="int" >        1 </v>
  <v type="int" >        2 </v>
  <v type="int" >        6 </v>
  <v type="int" >        5 </v>
  <v type="int" >        3 </v>
  <v type="int" >        4 </v>
 </varray>
 <kpoints>
  <generation param="Gamma">
   <v type="int" name="divisions">       2        2        2 </v>
   <v name="usershift">      0.00000000       0.00000000       0.00000000 </v>
   <v name="genvec1">      0.50000000      -0.00000000      -0.00000000 </v>
   <v name="genvec2">      0.00000000       0.50000000      -0.00000000 </v>
   <v name="genvec3">      0.00000000       0.00000000       0.50000000 </v>
   <v name="shift">      0.00000000       0.00000000       0.00000000 </v>
  </generation>
  <varray name="kpointlist" >
   <v>       0.00000000       0.00000000       0.00000000 </v>
   <v>       0.50000000       0.00000000       0.00000000 </v>
   <v>       0.50000000       0.50000000       0.00000000 </v>
   <v>       0.00000000       0.00000000       0.50000000 </v>
   <v>       0.50000000       0.00000000       0.50000000 </v>
   <v>       0.50000000       0.50000000       0.50000000 </v>
  </varray>
  <varray name="weights" >
   <v>       0.12500000 </v>
   <v>       0.25000000 </v>
   <v>       0.12500000 </v>
   <v>       0.12500000 </v>
   <v>       0.25000000 </v>
   <v>       0.12500000 </v>
  </varray>
 </kpoints>
 <parameters>
  <separator name="general" >
   <i type="string" name="SYSTEM">local optimisation</i>
   <i type="logical" name="LCOMPAT"> F  </i>
  </separator>
  <separator name="electronic" >
   <i type="string" name="PREC">accura</i>
   <i name="ENMAX">    600.00000000</i>
   <i name="ENAUG">    627.11200000</i>
   <i name="EDIFF">      0.00001000</i>
   <i type="int" name="IALGO">    38</i>
   <i type="int" name="IWAVPR">    11</i>
   <i type="int" name="NBANDS">    16</i>
   <i name="NELECT">     22.00000000</i>
   <i type="int" name="TURBO">     0</i>
   <i type="int" name="IRESTART">     0</i>
   <i type="int" name="NREBOOT">     0</i>
   <i type="int" name="NMIN">     0</i>
   <i name="EREF">      0.00000000</i>
   <separator name="electronic smearing" >
    <i type="int" name="ISMEAR">     0</i>
    <i name="SIGMA">      0.05000000</i>
    <i name="KSPACING">      0.50000000</i>
    <i type="logical" name="KGAMMA"> T  </i>
   </separator>
   <separator name="electronic projectors" >
    <i type="logical" name="LREAL"> F  </i>
    <v name="ROPT">      0.00000000      0.00000000</v>
    <i type="int" name="LMAXPAW">  -100</i>
    <i type="int" name="LMAXMIX">     2</i>
    <i type="logical" name="NLSPLINE"> F  </i>
   </separator>
   <separator name="electronic startup" >
    <i type="int" name="ISTART">     0</i>
    <i type="int" name="ICHARG">     2</i>
    <i type="int" name="INIWAV">     1</i>
   </separator>
   <separator name="electronic spin" >
    <i type="int" name="ISPIN">     1</i>
    <i type="logical" name="LNONCOLLINEAR"> F  </i>
    <v name="MAGMOM">      1.00000000      1.00000000      1.00000000      1.00000000      1.00000000      1.00000000</v>
    <i name="NUPDOWN">     -1.00000000</i>
    <i type="logical" name="LSORBIT"> F  </i>
    <v name="SAXIS">      0.00000000      0.00000000      1.00000000</v>
    <i type="logical" name="LSPIRAL"> F  </i>
    <v name="QSPIRAL">      0.00000000      0.00000000      0.00000000</v>
    <i type="logical" name="LZEROZ"> F  </i>
   </separator>
   <separator name="electronic exchange-correlation" >
    <i type="logical" name="LASPH"> F  </i>
    <i type="logical" name="LMETAGGA"> F  </i>
   </separator>
   <separator name="electronic convergence" >
    <i type="int" name="NELM">    60</i>
    <i type="int" name="NELMDL">     0</i>
    <i type="int" name="NELMIN">     2</i>
    <i name="ENINI">    600.00000000</i>
    <separator name="electronic convergence detail" >
     <i type="logical" name="LDIAG"> T  </i>
     <i type="logical" name="LSUBROT"> F  </i>
     <i name="WEIMIN">      0.00100000</i>
     <i name="EBREAK">      0.00000016</i>
     <i name="DEPER">      0.30000000</i>
     <i type="int" name="NRMM">     4</i>
     <i name="TIME">      0.40000000</i>
    </separator>
   </separator>
   <separator name="electronic mixer" >
    <i name="AMIX">      0.40000000</i>
    <i name="BMIX">      1.00000000</i>
    <i name="AMIN">      0.10000000</i>
    <i name="AMIX_MAG">      1.60000000</i>
    <i name="BMIX_MAG">      1.00000000</i>
    <separator name="electronic mixer details" >
     <i type="int" name="IMIX">     4</i>
     <i type="logical" name="MIXFIRST"> F  </i>
     <i type="int" name="MAXMIX">   -45</i>
     <i name="WC">    100.00000000</i>
     <i type="int" name="INIMIX">     1</i>
     <i type="int" name="MIXPRE">     1</i>
     <i type="int" name="MREMOVE">     5</i>
    </separator>
   </separator>
   <separator name="electronic dipolcorrection" >
    <i type="logical" name="LDIPOL"> F  </i>
    <i type="logical" name="LMONO"> F  </i>
    <i type="int" name="IDIPOL">     0</i>
    <i name="EPSILON">      1.00000000</i>
    <v name="DIPOL">   -100.00000000   -100.00000000   -100.00000000</v>
    <i name="EFIELD">      0.00000000</i>
   </separator>
  </separator>
  <separator name="grids" >
   <i type="int" name="NGX">    60</i>
   <i type="int" name="NGY">    60</i>
   <i type="int" name="NGZ">    60</i>
   <i type="int" name="NGXF">   120</i>
   <i type="int" name="NGYF">   120</i>
   <i type="int" name="NGZF">   120</i>
   <i type="logical" name="ADDGRID"> F  </i>
  </separator>
  <separator name="ionic" >
   <i type="int" name="NSW">   200</i>
   <i type="int" name="IBRION">     2</i>
   <i type="int" name="MDALGO">     0</i>
   <i type="int" name="ISIF">     3</i>
   <i name="PSTRESS">   3000.00000000</i>
   <i name="EDIFFG">      0.00010000</i>
   <i type="int" name="NFREE">     1</i>
   <i name="POTIM">      0.10000000</i>
   <i name="SMASS">     -3.00000000</i>
   <i name="SCALEE">      1.00000000</i>
  </separator>
  <separator name="ionic md" >
   <i name="TEBEG">      0.00010000</i>
   <i name="TEEND">      0.00010000</i>
   <i type="int" name="NBLOCK">     1</i>
   <i type="int" name="KBLOCK">   200</i>
   <i type="int" name="NPACO">   256</i>
   <i name="APACO">     16.00000000</i>
  </separator>
  <separator name="symmetry" >
   <i type="int" name="ISYM">     2</i>
   <i name="SYMPREC">      0.00010000</i>
  </separator>
  <separator name="dos" >
   <i type="int" name="LORBIT">     0</i>
   <v name="RWIGS">     -1.00000000     -1.00000000</v>
   <i type="int" name="NEDOS">   301</i>
   <i name="EMIN">     10.00000000</i>
   <i name="EMAX">    -10.00000000</i>
   <i name="EFERMI">      0.00000000</i>
  </separator>
  <separator name="writing" >
   <i type="int" name="NWRITE">     2</i>
   <i type="logical" name="LWAVE"> F  </i>
   <i type="logical" name="LDOWNSAMPLE"> F  </i>
   <i type="logical" name="LCHARG"> F  </i>
   <i type="logical" name="LPARD"> F  </i>
   <i type="logical" name="LVTOT"> F  </i>
   <i type="logical" name="LVHAR"> F  </i>
   <i type="logical" name="LELF"> F  </i>
   <i type="logical" name="LOPTICS"> F  </i>
   <v name="STM">      0.00000000      0.00000000      0.00000000      0.00000000      0.00000000      0.00000000      0.00000000</v>
  </separator>
  <separator name="performance" >
   <i type="int" name="NPAR">    16</i>
   <i type="int" name="NSIM">     4</i>
   <i type="int" name="NBLK">    -1</i>
   <i type="logical" name="LPLANE"> T  </i>
   <i type="logical" name="LSCALAPACK"> T  </i>
   <i type="logical" name="LSCAAWARE"> F  </i>
   <i type="logical" name="LSCALU"> F  </i>
   <i type="logical" name="LASYNC"> F  </i>
   <i type="logical" name="LORBITALREAL"> F  </i>
  </separator>
  <separator name="miscellaneous" >
   <i type="int" name="IDIOT">     3</i>
   <i type="int" name="ISPECIAL">     0</i>
   <i type="logical" name="LMUSIC"> F  </i>
   <v name="POMASS">     10.81100000     14.00100000</v>
   <v name="DARWINR">      0.00000000      0.00000000</v>
   <v name="DARWINV">      1.00000000      1.00000000</v>
   <i type="logical" name="LCORR"> T  </i>
  </separator>
  <i type="logical" name="GGA_COMPAT"> T  </i>
  <i type="logical" name="LBERRY"> F  </i>
  <i type="int" name="ICORELEVEL">     0</i>
  <i type="logical" name="LDAU"> F  </i>
  <i type="int" name="I_CONSTRAINED_M">     0</i>
  <separator name="electronic exchange-correlation" >
   <i type="string" name="GGA">--</i>
   <i type="int" name="VOSKOWN">     0</i>
   <i type="logical" name="LHFCALC"> F  </i>
   <i type="string" name="PRECFOCK"></i>
   <i type="logical" name="LSYMGRAD"> F  </i>
   <i type="logical" name="LHFONE"> F  </i>
   <i type="logical" name="LRHFCALC"> F  </i>
   <i type="logical" name="LTHOMAS"> F  </i>
   <i type="logical" name="LMODELHF"> F  </i>
   <i name="ENCUT4O">     -1.00000000</i>
   <i type="int" name="EXXOEP">     0</i>
   <i type="int" name="FOURORBIT">     0</i>
   <i name="AEXX">      0.00000000</i>
   <i name="HFALPHA">      0.00000000</i>
   <i name="MCALPHA">      0.00000000</i>
   <i name="ALDAX">      1.00000000</i>
   <i name="AGGAX">      1.00000000</i>
   <i name="ALDAC">      1.00000000</i>
   <i name="AGGAC">      1.00000000</i>
   <i type="int" name="NKREDX">     1</i>
   <i type="int" name="NKREDY">     1</i>
   <i type="int" name="NKREDZ">     1</i>
   <i type="logical" name="SHIFTRED"> F  </i>
   <i type="logical" name="ODDONLY"> F  </i>
   <i type="logical" name="EVENONLY"> F  </i>
   <i type="int" name="LMAXFOCK">     0</i>
   <i type="int" name="NMAXFOCKAE">     0</i>
   <i type="logical" name="LFOCKAEDFT"> F  </i>
   <i name="HFSCREEN">      0.00000000</i>
   <i name="HFSCREENC">      0.00000000</i>
   <i type="int" name="NBANDSGWLOW">     0</i>
  </separator>
  <separator name="vdW DFT" >
   <i type="logical" name="LUSE_VDW"> F  </i>
   <i name="Zab_VDW">     -0.84910000</i>
   <i name="PARAM1">      0.12340000</i>
   <i name="PARAM2">      1.00000000</i>
   <i name="PARAM3">      0.00000000</i>
  </separator>
  <separator name="model GW" >
   <i type="int" name="MODEL_GW">     0</i>
   <i name="MODEL_EPS0">     40.00000824</i>
   <i name="MODEL_ALPHA">      1.00000000</i>
  </separator>
  <separator name="linear response parameters" >
   <i type="logical" name="LEPSILON"> F  </i>
   <i type="logical" name="LRPA"> F  </i>
   <i type="logical" name="LNABLA"> F  </i>
   <i type="logical" name="LVEL"> F  </i>
   <i type="int" name="KINTER">     0</i>
   <i name="CSHIFT">      0.10000000</i>
   <i name="OMEGAMAX">     -1.00000000</i>
   <i name="DEG_THRESHOLD">      0.00200000</i>
   <i name="RTIME">     -0.10000000</i>
   <i name="WPLASMAI">      0.00000000</i>
   <v name="DFIELD">      0.00000000      0.00000000      0.00000000</v>
   <v name="WPLASMA">      0.00000000      0.00000000      0.00000000      0.00000000      0.00000000      0.00000000      0.00000000      0.00000000      0.00000000</v>
  </separator>
  <separator name="orbital magnetization" >
   <i type="logical" name="NUCIND"> F  </i>
   <v name="MAGPOS">      0.00000000      0.00000000      0.00000000</v>
   <i type="logical" name="LNICSALL"> T  </i>
   <i type="logical" name="ORBITALMAG"> F  </i>
   <i type="logical" name="LMAGBLOCH"> F  </i>
   <i type="logical" name="LCHIMAG"> F  </i>
   <i type="logical" name="LGAUGE"> T  </i>
   <i type="int" name="MAGATOM">     0</i>
   <v name="MAGDIPOL">      0.00000000      0.00000000      0.00000000</v>
   <v name="AVECCONST">      0.00000000      0.00000000      0.00000000</v>
  </separator>
  <separator name="response functions" >
   <i type="logical" name="LADDER"> F  </i>
   <i type="logical" name="LRPAFORCE"> F  </i>
   <i type="logical" name="LFXC"> F  </i>
   <i type="logical" name="LHARTREE"> T  </i>
   <i type="int" name="IBSE">     0</i>
   <v type="int" name="KPOINT">    -1     0     0     0</v>
   <i type="logical" name="LTCTE"> F  </i>
   <i type="logical" name="LTETE"> F  </i>
   <i type="logical" name="LTRIPLET"> F  </i>
   <i type="logical" name="LFXCEPS"> F  </i>
   <i type="logical" name="LFXHEG"> F  </i>
   <i type="int" name="NATURALO">     2</i>
   <i type="logical" name="L2ORDER"> F  </i>
   <i type="logical" name="LMP2LT"> F  </i>
   <i type="logical" name="LUSEW"> F  </i>
   <i name="ENCUTGW">     -2.00000000</i>
   <i name="ENCUTGWSOFT">     -2.00000000</i>
   <i name="ENCUTLF">     -1.00000000</i>
   <i type="int" name="LMAXMP2">    -1</i>
   <i name="SCISSOR">      0.00000000</i>
   <i type="int" name="NOMEGA">     0</i>
   <i type="int" name="NOMEGAR">     0</i>
   <i type="int" name="NBANDSGW">    -1</i>
   <i type="int" name="NBANDSO">    -1</i>
   <i type="int" name="NBANDSV">    -1</i>
   <i type="int" name="NELM">     1</i>
   <i type="int" name="NELMHF">     1</i>
   <i type="int" name="DIM">     3</i>
   <i type="int" name="ANTIRES">     0</i>
   <i name="OMEGAMAX">    -30.00000000</i>
   <i name="OMEGAMIN">    -30.00000000</i>
   <i name="OMEGATL">   -200.00000000</i>
   <i type="int" name="OMEGAGRID">   140</i>
   <i name="CSHIFT">     -0.10000000</i>
   <i type="logical" name="SELFENERGY"> F  </i>
   <i type="logical" name="LSPECTRAL"> F  </i>
   <i type="logical" name="LSPECTRALGW"> F  </i>
   <i type="logical" name="LSINGLES"> F  </i>
   <i type="logical" name="LFERMIGW"> F  </i>
   <i type="logical" name="ODDONLYGW"> F  </i>
   <i type="logical" name="EVENONLYGW"> F  </i>
   <i type="int" name="NKREDLFX">     1</i>
   <i type="int" name="NKREDLFY">     1</i>
   <i type="int" name="NKREDLFZ">     1</i>
   <i type="int" name="MAXMEM">  2800</i>
   <i type="int" name="TELESCOPE">     0</i>
   <i type="int" name="TAUPAR">     1</i>
   <i type="int" name="OMEGAPAR">    -1</i>
   <i name="LAMBDA">      1.00000000</i>
  </separator>
  <separator name="External order field" >
   <i name="OFIELD_KAPPA">      0.00000000</i>
   <v name="OFIELD_K">      0.00000000      0.00000000      0.00000000</v>
   <i name="OFIELD_Q6_NEAR">      0.00000000</i>
   <i name="OFIELD_Q6_FAR">      0.00000000</i>
   <i name="OFIELD_A">      0.00000000</i>
  </separator>
 </parameters>
 <atominfo>
  <atoms>       6 </atoms>
  <types>       2 </types>
  <array name="atoms" >
   <dimension dim="1">ion</dimension>
   <field type="string">element</field>
   <field type="int">atomtype</field>
   <set>
    <rc><c>B </c><c>   1</c></rc>
    <rc><c>B </c><c>   1</c></rc>
    <rc><c>B </c><c>   1</c></rc>
    <rc><c>B </c><c>   1</c></rc>
    <rc><c>N </c><c>   2</c></rc>
    <rc><c>N </c><c>   2</c></rc>
   </set>
  </array>
  <array name="atomtypes" >
   <dimension dim="1">type</dimension>
   <field type="int">atomspertype</field>
   <field type="string">element</field>
   <field>mass</field>
   <field>valence</field>
   <field type="string">pseudopotential</field>
   <set>
    <rc><c>   4</c><c>B </c><c>     10.81100000</c><c>      3.00000000</c><c> PAW_PBE B 06Sep2000                    </c></rc>
    <rc><c>   2</c><c>N </c><c>     14.00100000</c><c>      5.00000000</c><c> PAW_PBE N 08Apr2002                    </c></rc>
   </set>
  </array>
 </atominfo>
 <structure name="initialpos" >
  <crystal>
   <varray name="basis" >
    <v>       7.39607443       0.00000000       0.00000000 </v>
    <v>       0.00000056       7.39607443       0.00000000 </v>
    <v>       0.00000055       0.00000055       7.31235950 </v>
   </varray>
   <i name="volume">    400.00008238 </i>
   <varray name="rec_basis" >
    <v>       0.13520686      -0.00000001      -0.00000001 </v>
    <v>       0.00000000       0.13520686      -0.00000001 </v>
    <v>       0.00000000       0.00000000       0.13675476 </v>
   </varray>
  </crystal>
  <varray name="positions" >
   <v>       0.00000000       0.00000000       0.56887996 </v>
   <v>       0.00000000       0.00000000       0.43112004 </v>
   <v>       0.50000000       0.00000000       0.50000000 </v>
   <v>       0.00000000       0.50000000       0.50000000 </v>
   <v>       0.00000000       0.00000000       0.23419648 </v>
   <v>       0.00000000       0.00000000       0.76580352 </v>
  </varray>
 </structure>
 <calculation>
  <scstep>
   <time name="dav">    0.33    0.33</time>
   <time name="total">    0.43    0.45</time>
   <energy>
    <i name="alphaZ">      7.17128979 </i>
    <i name="ewald">    -60.49775463 </i>
    <i name="hartreedc">   -576.05230897 </i>
    <i name="XCdc">     65.94121009 </i>
    <i name="pawpsdc">    277.17327426 </i>
    <i name="pawaedc">   -282.75430213 </i>
    <i name="eentropy">     -0.00701075 </i>
    <i name="bandstr">   -103.19769832 </i>
    <i name="atom">    813.79782293 </i>
    <i name="e_fr_energy">    141.57452228 </i>
    <i name="e_wo_entrp">    141.58153303 </i>
    <i name="e_0_energy">    141.57802766 </i>
   </energy>
  </scstep>
  <scstep>
   <time name="dav">    0.54    0.54</time>
   <time name="total">    0.54    0.54</time>
   <energy>
    <i name="e_fr_energy">    -14.98658362 </i>
    <i name="e_wo_entrp">    -14.98658362 </i>
    <i name="e_0_energy">    -14.98658362 </i>
   </energy>
  </scstep>
  <scstep>
   <time name="dav">    0.40    0.41</time>
   <time name="total">    0.40    0.41</time>
   <energy>
    <i name="e_fr_energy">    -29.82722518 </i>
    <i name="e_wo_entrp">    -29.82722518 </i>
    <i name="e_0_energy">    -29.82722518 </i>
   </energy>
  </scstep>
  <scstep>
   <time name="dav">    0.48    0.50</time>
   <time name="total">    0.48    0.50</time>
   <energy>
    <i name="e_fr_energy">    -30.16431680 </i>
    <i name="e_wo_entrp">    -30.16431680 </i>
    <i name="e_0_energy">    -30.16431680 </i>
   </energy>
  </scstep>
  <scstep>
   <time name="dav">    0.43    0.44</time>
   <time name="total">    0.50    0.51</time>
   <energy>
    <i name="e_fr_energy">    -30.16559180 </i>
    <i name="e_wo_entrp">    -30.16559180 </i>
    <i name="e_0_energy">    -30.16559180 </i>
   </energy>
  </scstep>
  <scstep>
   <time name="dav">    0.37    0.37</time>
   <time name="total">    0.53    0.54</time>
   <energy>
    <i name="e_fr_energy">    -16.14933507 </i>
    <i name="e_wo_entrp">    -16.14933507 </i>
    <i name="e_0_energy">    -16.14933507 </i>
   </energy>
  </scstep>
  <scstep>
   <time name="dav">    0.56    0.56</time>
   <time name="total">    0.72    0.73</time>
   <energy>
    <i name="e_fr_energy">    -16.58612422 </i>
    <i name="e_wo_entrp">    -16.53819758 </i>
    <i name="e_0_energy">    -16.56216090 </i>
   </energy>
  </scstep>
  <scstep>
   <time name="dav">    0.41    0.42</time>
   <time name="total">    0.56    0.58</time>
   <energy>
    <i name="e_fr_energy">    -13.96492222 </i>
    <i name="e_wo_entrp">    -13.96492222 </i>
    <i name="e_0_energy">    -13.96492222 </i>
   </energy>
  </scstep>
  <scstep>
   <time name="dav">    0.48    0.48</time>
   <time name="total">    0.64    0.65</time>
   <energy>
    <i name="e_fr_energy">    -13.21730257 </i>
    <i name="e_wo_entrp">    -13.20215688 </i>
    <i name="e_0_energy">    -13.20972973 </i>
   </energy>
  </scstep>
  <scstep>
   <time name="dav">    0.41    0.41</time>
   <time name="total">    0.57    0.57</time>
   <energy>
    <i name="e_fr_energy">    -13.24256179 </i>
    <i name="e_wo_entrp">    -13.23810924 </i>
    <i name="e_0_energy">    -13.24033551 </i>
   </energy>
  </scstep>
  <scstep>
   <time name="dav">    0.50    0.51</time>
   <time name="total">    0.67    0.68</time>
   <energy>
    <i name="e_fr_energy">    -13.25469193 </i>
    <i name="e_wo_entrp">    -13.20715004 </i>
    <i name="e_0_energy">    -13.23092098 </i>
   </energy>
  </scstep>
  <scstep>
   <time name="dav">    0.41    0.41</time>
   <time name="total">    0.58    0.58</time>
   <energy>
    <i name="e_fr_energy">    -13.17701065 </i>
    <i name="e_wo_entrp">    -13.15900112 </i>
    <i name="e_0_energy">    -13.16800589 </i>
   </energy>
  </scstep>
  <scstep>
   <time name="dav">    0.37    0.37</time>
   <time name="total">    0.53    0.53</time>
   <energy>
    <i name="e_fr_energy">    -13.19682973 </i>
    <i name="e_wo_entrp">    -13.17738815 </i>
    <i name="e_0_energy">    -13.18710894 </i>
   </energy>
  </scstep>
  <scstep>
   <time name="dav">    0.57    0.58</time>
   <time name="total">    0.74    0.75</time>
   <energy>
    <i name="e_fr_energy">    -13.19545264 </i>
    <i name="e_wo_entrp">    -13.17824968 </i>
    <i name="e_0_energy">    -13.18685116 </i>
   </energy>
  </scstep>
  <scstep>
   <time name="dav">    0.41    0.42</time>
   <time name="total">    0.58    0.59</time>
   <energy>
    <i name="e_fr_energy">    -13.19525001 </i>
    <i name="e_wo_entrp">    -13.17977034 </i>
    <i name="e_0_energy">    -13.18751017 </i>
   </energy>
  </scstep>
  <scstep>
   <time name="dav">    0.50    0.51</time>
   <time name="total">    0.66    0.67</time>
   <energy>
    <i name="e_fr_energy">    -13.19581066 </i>
    <i name="e_wo_entrp">    -13.18032447 </i>
    <i name="e_0_energy">    -13.18806756 </i>
   </energy>
  </scstep>
  <scstep>
   <time name="dav">    0.44    0.45</time>
   <time name="total">    0.60    0.62</time>
   <energy>
    <i name="e_fr_energy">    -13.19595396 </i>
    <i name="e_wo_entrp">    -13.18032604 </i>
    <i name="e_0_energy">    -13.18814000 </i>
   </energy>
  </scstep>
  <scstep>
   <time name="dav">    0.41    0.41</time>
   <time name="total">    0.50    0.51</time>
   <energy>
    <i name="alphaZ">      7.17128979 </i>
    <i name="ewald">    -60.49775463 </i>
    <i name="hartreedc">   -645.58424170 </i>
    <i name="XCdc">     68.76551941 </i>
    <i name="pawpsdc">    415.80368656 </i>
    <i name="pawaedc">   -422.37874769 </i>
    <i name="eentropy">     -0.01561140 </i>
    <i name="bandstr">   -190.25792291 </i>
    <i name="atom">    813.79782293 </i>
    <i name="e_fr_energy">    -13.19595964 </i>
    <i name="e_wo_entrp">    -13.18034824 </i>
    <i name="e_0_energy">    -13.18815394 </i>
   </energy>
  </scstep>
  <structure>
   <crystal>
    <varray name="basis" >
     <v>       7.39607443       0.00000000       0.00000000 </v>
     <v>       0.00000056       7.39607443       0.00000000 </v>
     <v>       0.00000055       0.00000055       7.31235950 </v>
    </varray>
    <i name="volume">    400.00008238 </i>
    <varray name="rec_basis" >
     <v>       0.13520686      -0.00000001      -0.00000001 </v>
     <v>       0.00000000       0.13520686      -0.00000001 </v>
     <v>       0.00000000       0.00000000       0.13675476 </v>
    </varray>
   </crystal>
   <varray name="positions" >
    <v>       0.00000000       0.00000000       0.56887996 </v>
    <v>       0.00000000       0.00000000       0.43112004 </v>
    <v>       0.50000000       0.00000000       0.50000000 </v>
    <v>       0.00000000       0.50000000       0.50000000 </v>
    <v>       0.00000000       0.00000000       0.23419648 </v>
    <v>       0.00000000       0.00000000       0.76580352 </v>
   </varray>
  </structure>
  <varray name="forces" >
   <v>       0.00000500       0.00000500      66.24952106 </v>
   <v>      -0.00000500      -0.00000500     -66.24952106 </v>
   <v>       0.00000000      -0.00000000      -0.00000000 </v>
   <v>       0.00000000      -0.00000000      -0.00000000 </v>
   <v>       0.00000039       0.00000039       5.15025502 </v>
   <v>      -0.00000039      -0.00000039      -5.15025502 </v>
  </varray>
  <varray name="stress" >
   <v>     -12.68478432      -0.00000096       0.00001435 </v>
   <v>      -0.00000096     -12.68478432       0.00001435 </v>
   <v>       0.00001435       0.00001435     190.10634148 </v>
  </varray>
  <energy>
   <i name="e_fr_energy">    735.78495819 </i>
   <i name="e_wo_entrp">    735.79276389 </i>
   <i name="e_0_energy">     -0.01561140 </i>
  </energy>
