<?xml version="1.0" encoding="ISO-8859-1"?>
<modeling>
 <generator>
  <i name="program" type="string">vasp </i>
  <i name="version" type="string">5.4.4.18Apr17-6-g9f103f2a35  </i>
  <i name="subversion" type="string">(build Nov 14 2022 07:55:26) complex            parallel </i>
  <i name="platform" type="string">LinuxIFC </i>
  <i name="date" type="string">2023 04 13 </i>
  <i name="time" type="string">16:38:04 </i>
 </generator>
 <incar>
  <i type="string" name="SYSTEM"> local optimisation</i>
  <i type="string" name="PREC">accurate</i>
  <i type="int" name="IBRION">     2</i>
  <i name="EDIFF">      0.00001000</i>
  <i type="int" name="NSW">   200</i>
  <i type="int" name="ISIF">     3</i>
  <i name="SYMPREC">      0.00010000</i>
  <i name="ENCUT">    600.00000000</i>
  <i name="POTIM">      0.10000000</i>
  <i type="int" name="ISMEAR">     0</i>
  <i name="SIGMA">      0.05000000</i>
  <i name="KSPACING">      0.50000000</i>
  <i name="PSTRESS">   3000.00000000</i>
  <i type="logical" name="LWAVE"> F  </i>
  <i type="logical" name="LCHARG"> F  </i>
  <v type="int" name="KPOINT_BSE">    -1     0     0     0</v>
 </incar>
 <structure name="primitive_cell" >
  <crystal>
   <varray name="basis" >
    <v>       5.19249528       0.00000000       0.00000000 </v>
    <v>       0.00000039       5.19249528       0.00000000 </v>
    <v>       0.00000039       0.00000039       5.19249528 </v>
   </varray>
   <i name="volume">    140.00009494 </i>
   <varray name="rec_basis" >
    <v>       0.19258564      -0.00000001      -0.00000001 </v>
    <v>       0.00000000       0.19258564      -0.00000001 </v>
    <v>       0.00000000       0.00000000       0.19258564 </v>
   </varray>
  </crystal>
  <varray name="positions" >
   <v>      -0.50000000       0.00000000       0.00000000 </v>
   <v>      -0.50000000      -0.50000000       0.00000000 </v>
   <v>      -0.50000000       0.00000000      -0.50000000 </v>
   <v>       0.00000000      -0.50000000       0.00000000 </v>
   <v>      -0.50000000      -0.50000000      -0.50000000 </v>
   <v>       0.00000000       0.00000000      -0.50000000 </v>
   <v>       0.00000000      -0.50000000      -0.50000000 </v>
  </varray>
 </structure>
 <varray name="primitive_index" >
  <v type="int" >        1 </v>
  <v type="int" >        7 </v>
  <v type="int" >        6 </v>
  <v type="int" >        2 </v>
  <v type="int" >        4 </v>
  <v type="int" >        3 </v>
  <v type="int" >        5 </v>
 </varray>
 <kpoints>
  <generation param="Gamma">
   <v type="int" name="divisions">       3        3        3 </v>
   <v name="usershift">      0.00000000       0.00000000       0.00000000 </v>
   <v name="genvec1">      0.33333333       0.00000000       0.00000000 </v>
   <v name="genvec2">      0.00000000       0.33333333       0.00000000 </v>
   <v name="genvec3">      0.00000000       0.00000000       0.33333333 </v>
   <v name="shift">      0.00000000       0.00000000       0.00000000 </v>
  </generation>
  <varray name="kpointlist" >
   <v>       0.00000000       0.00000000       0.00000000 </v>
   <v>       0.33333333      -0.00000000      -0.00000000 </v>
   <v>       0.33333333       0.33333333      -0.00000000 </v>
   <v>       0.33333333       0.33333333       0.33333333 </v>
  </varray>
  <varray name="weights" >
   <v>       0.03703704 </v>
   <v>       0.22222222 </v>
   <v>       0.44444444 </v>
   <v>       0.29629630 </v>
  </varray>
 </kpoints>
 <parameters>
  <separator name="general" >
   <i type="string" name="SYSTEM">local optimisation</i>
   <i type="logical" name="LCOMPAT"> F  </i>
  </separator>
  <separator name="electronic" >
   <i type="string" name="PREC">accura</i>
   <i name="ENMAX">    600.00000000</i>
   <i name="ENAUG">    627.11200000</i>
   <i name="EDIFF">      0.00001000</i>
   <i type="int" name="IALGO">    38</i>
   <i type="int" name="IWAVPR">    11</i>
   <i type="int" name="NBANDS">    32</i>
   <i name="NELECT">     27.00000000</i>
   <i type="int" name="TURBO">     0</i>
   <i type="int" name="IRESTART">     0</i>
   <i type="int" name="NREBOOT">     0</i>
   <i type="int" name="NMIN">     0</i>
   <i name="EREF">      0.00000000</i>
   <separator name="electronic smearing" >
    <i type="int" name="ISMEAR">     0</i>
    <i name="SIGMA">      0.05000000</i>
    <i name="KSPACING">      0.50000000</i>
    <i type="logical" name="KGAMMA"> T  </i>
   </separator>
   <separator name="electronic projectors" >
    <i type="logical" name="LREAL"> F  </i>
    <v name="ROPT">      0.00000000      0.00000000</v>
    <i type="int" name="LMAXPAW">  -100</i>
    <i type="int" name="LMAXMIX">     2</i>
    <i type="logical" name="NLSPLINE"> F  </i>
   </separator>
   <separator name="electronic startup" >
    <i type="int" name="ISTART">     0</i>
    <i type="int" name="ICHARG">     2</i>
    <i type="int" name="INIWAV">     1</i>
   </separator>
   <separator name="electronic spin" >
    <i type="int" name="ISPIN">     1</i>
    <i type="logical" name="LNONCOLLINEAR"> F  </i>
    <v name="MAGMOM">      1.00000000      1.00000000      1.00000000      1.00000000      1.00000000      1.00000000      1.00000000</v>
    <i name="NUPDOWN">     -1.00000000</i>
    <i type="logical" name="LSORBIT"> F  </i>
    <v name="SAXIS">      0.00000000      0.00000000      1.00000000</v>
    <i type="logical" name="LSPIRAL"> F  </i>
    <v name="QSPIRAL">      0.00000000      0.00000000      0.00000000</v>
    <i type="logical" name="LZEROZ"> F  </i>
   </separator>
   <separator name="electronic exchange-correlation" >
    <i type="logical" name="LASPH"> F  </i>
    <i type="logical" name="LMETAGGA"> F  </i>
   </separator>
   <separator name="electronic convergence" >
    <i type="int" name="NELM">    60</i>
    <i type="int" name="NELMDL">     0</i>
    <i type="int" name="NELMIN">     2</i>
    <i name="ENINI">    600.00000000</i>
    <separator name="electronic convergence detail" >
     <i type="logical" name="LDIAG"> T  </i>
     <i type="logical" name="LSUBROT"> F  </i>
     <i name="WEIMIN">      0.00100000</i>
     <i name="EBREAK">      0.00000008</i>
     <i name="DEPER">      0.30000000</i>
     <i type="int" name="NRMM">     4</i>
     <i name="TIME">      0.40000000</i>
    </separator>
   </separator>
   <separator name="electronic mixer" >
    <i name="AMIX">      0.40000000</i>
    <i name="BMIX">      1.00000000</i>
    <i name="AMIN">      0.10000000</i>
    <i name="AMIX_MAG">      1.60000000</i>
    <i name="BMIX_MAG">      1.00000000</i>
    <separator name="electronic mixer details" >
     <i type="int" name="IMIX">     4</i>
     <i type="logical" name="MIXFIRST"> F  </i>
     <i type="int" name="MAXMIX">   -45</i>
     <i name="WC">    100.00000000</i>
     <i type="int" name="INIMIX">     1</i>
     <i type="int" name="MIXPRE">     1</i>
     <i type="int" name="MREMOVE">     5</i>
    </separator>
   </separator>
   <separator name="electronic dipolcorrection" >
    <i type="logical" name="LDIPOL"> F  </i>
    <i type="logical" name="LMONO"> F  </i>
    <i type="int" name="IDIPOL">     0</i>
    <i name="EPSILON">      1.00000000</i>
    <v name="DIPOL">   -100.00000000   -100.00000000   -100.00000000</v>
    <i name="EFIELD">      0.00000000</i>
   </separator>
  </separator>
  <separator name="grids" >
   <i type="int" name="NGX">    42</i>
   <i type="int" name="NGY">    42</i>
   <i type="int" name="NGZ">    42</i>
   <i type="int" name="NGXF">    84</i>
   <i type="int" name="NGYF">    84</i>
   <i type="int" name="NGZF">    84</i>
   <i type="logical" name="ADDGRID"> F  </i>
  </separator>
  <separator name="ionic" >
   <i type="int" name="NSW">   200</i>
   <i type="int" name="IBRION">     2</i>
   <i type="int" name="MDALGO">     0</i>
   <i type="int" name="ISIF">     3</i>
   <i name="PSTRESS">   3000.00000000</i>
   <i name="EDIFFG">      0.00010000</i>
   <i type="int" name="NFREE">     1</i>
   <i name="POTIM">      0.10000000</i>
   <i name="SMASS">     -3.00000000</i>
   <i name="SCALEE">      1.00000000</i>
  </separator>
  <separator name="ionic md" >
   <i name="TEBEG">      0.00010000</i>
   <i name="TEEND">      0.00010000</i>
   <i type="int" name="NBLOCK">     1</i>
   <i type="int" name="KBLOCK">   200</i>
   <i type="int" name="NPACO">   256</i>
   <i name="APACO">     16.00000000</i>
  </separator>
  <separator name="symmetry" >
   <i type="int" name="ISYM">     2</i>
   <i name="SYMPREC">      0.00010000</i>
  </separator>
  <separator name="dos" >
   <i type="int" name="LORBIT">     0</i>
   <v name="RWIGS">     -1.00000000     -1.00000000</v>
   <i type="int" name="NEDOS">   301</i>
   <i name="EMIN">     10.00000000</i>
   <i name="EMAX">    -10.00000000</i>
   <i name="EFERMI">      0.00000000</i>
  </separator>
  <separator name="writing" >
   <i type="int" name="NWRITE">     2</i>
   <i type="logical" name="LWAVE"> F  </i>
   <i type="logical" name="LDOWNSAMPLE"> F  </i>
   <i type="logical" name="LCHARG"> F  </i>
   <i type="logical" name="LPARD"> F  </i>
   <i type="logical" name="LVTOT"> F  </i>
   <i type="logical" name="LVHAR"> F  </i>
   <i type="logical" name="LELF"> F  </i>
   <i type="logical" name="LOPTICS"> F  </i>
   <v name="STM">      0.00000000      0.00000000      0.00000000      0.00000000      0.00000000      0.00000000      0.00000000</v>
  </separator>
  <separator name="performance" >
   <i type="int" name="NPAR">    16</i>
   <i type="int" name="NSIM">     4</i>
   <i type="int" name="NBLK">    -1</i>
   <i type="logical" name="LPLANE"> T  </i>
   <i type="logical" name="LSCALAPACK"> T  </i>
   <i type="logical" name="LSCAAWARE"> F  </i>
   <i type="logical" name="LSCALU"> F  </i>
   <i type="logical" name="LASYNC"> F  </i>
   <i type="logical" name="LORBITALREAL"> F  </i>
  </separator>
  <separator name="miscellaneous" >
   <i type="int" name="IDIOT">     3</i>
   <i type="int" name="ISPECIAL">     0</i>
   <i type="logical" name="LMUSIC"> F  </i>
   <v name="POMASS">     10.81100000     14.00100000</v>
   <v name="DARWINR">      0.00000000      0.00000000</v>
   <v name="DARWINV">      1.00000000      1.00000000</v>
   <i type="logical" name="LCORR"> T  </i>
  </separator>
  <i type="logical" name="GGA_COMPAT"> T  </i>
  <i type="logical" name="LBERRY"> F  </i>
  <i type="int" name="ICORELEVEL">     0</i>
  <i type="logical" name="LDAU"> F  </i>
  <i type="int" name="I_CONSTRAINED_M">     0</i>
  <separator name="electronic exchange-correlation" >
   <i type="string" name="GGA">--</i>
   <i type="int" name="VOSKOWN">     0</i>
   <i type="logical" name="LHFCALC"> F  </i>
   <i type="string" name="PRECFOCK"></i>
   <i type="logical" name="LSYMGRAD"> F  </i>
   <i type="logical" name="LHFONE"> F  </i>
   <i type="logical" name="LRHFCALC"> F  </i>
   <i type="logical" name="LTHOMAS"> F  </i>
   <i type="logical" name="LMODELHF"> F  </i>
   <i name="ENCUT4O">     -1.00000000</i>
   <i type="int" name="EXXOEP">     0</i>
   <i type="int" name="FOURORBIT">     0</i>
   <i name="AEXX">      0.00000000</i>
   <i name="HFALPHA">      0.00000000</i>
   <i name="MCALPHA">      0.00000000</i>
   <i name="ALDAX">      1.00000000</i>
   <i name="AGGAX">      1.00000000</i>
   <i name="ALDAC">      1.00000000</i>
   <i name="AGGAC">      1.00000000</i>
   <i type="int" name="NKREDX">     1</i>
   <i type="int" name="NKREDY">     1</i>
   <i type="int" name="NKREDZ">     1</i>
   <i type="logical" name="SHIFTRED"> F  </i>
   <i type="logical" name="ODDONLY"> F  </i>
   <i type="logical" name="EVENONLY"> F  </i>
   <i type="int" name="LMAXFOCK">     0</i>
   <i type="int" name="NMAXFOCKAE">     0</i>
   <i type="logical" name="LFOCKAEDFT"> F  </i>
   <i name="HFSCREEN">      0.00000000</i>
   <i name="HFSCREENC">      0.00000000</i>
   <i type="int" name="NBANDSGWLOW">     0</i>
  </separator>
  <separator name="vdW DFT" >
   <i type="logical" name="LUSE_VDW"> F  </i>
   <i name="Zab_VDW">     -0.84910000</i>
   <i name="PARAM1">      0.12340000</i>
   <i name="PARAM2">      1.00000000</i>
   <i name="PARAM3">      0.00000000</i>
  </separator>
  <separator name="model GW" >
   <i type="int" name="MODEL_GW">     0</i>
   <i name="MODEL_EPS0">     12.00000814</i>
   <i name="MODEL_ALPHA">      1.00000000</i>
  </separator>
  <separator name="linear response parameters" >
   <i type="logical" name="LEPSILON"> F  </i>
   <i type="logical" name="LRPA"> F  </i>
   <i type="logical" name="LNABLA"> F  </i>
   <i type="logical" name="LVEL"> F  </i>
   <i type="int" name="KINTER">     0</i>
   <i name="CSHIFT">      0.10000000</i>
   <i name="OMEGAMAX">     -1.00000000</i>
   <i name="DEG_THRESHOLD">      0.00200000</i>
   <i name="RTIME">     -0.10000000</i>
   <i name="WPLASMAI">      0.00000000</i>
   <v name="DFIELD">      0.00000000      0.00000000      0.00000000</v>
   <v name="WPLASMA">      0.00000000      0.00000000      0.00000000      0.00000000      0.00000000      0.00000000      0.00000000      0.00000000      0.00000000</v>
  </separator>
  <separator name="orbital magnetization" >
   <i type="logical" name="NUCIND"> F  </i>
   <v name="MAGPOS">      0.00000000      0.00000000      0.00000000</v>
   <i type="logical" name="LNICSALL"> T  </i>
   <i type="logical" name="ORBITALMAG"> F  </i>
   <i type="logical" name="LMAGBLOCH"> F  </i>
   <i type="logical" name="LCHIMAG"> F  </i>
   <i type="logical" name="LGAUGE"> T  </i>
   <i type="int" name="MAGATOM">     0</i>
   <v name="MAGDIPOL">      0.00000000      0.00000000      0.00000000</v>
   <v name="AVECCONST">      0.00000000      0.00000000      0.00000000</v>
  </separator>
  <separator name="response functions" >
   <i type="logical" name="LADDER"> F  </i>
   <i type="logical" name="LRPAFORCE"> F  </i>
   <i type="logical" name="LFXC"> F  </i>
   <i type="logical" name="LHARTREE"> T  </i>
   <i type="int" name="IBSE">     0</i>
   <v type="int" name="KPOINT">    -1     0     0     0</v>
   <i type="logical" name="LTCTE"> F  </i>
   <i type="logical" name="LTETE"> F  </i>
   <i type="logical" name="LTRIPLET"> F  </i>
   <i type="logical" name="LFXCEPS"> F  </i>
   <i type="logical" name="LFXHEG"> F  </i>
   <i type="int" name="NATURALO">     2</i>
   <i type="logical" name="L2ORDER"> F  </i>
   <i type="logical" name="LMP2LT"> F  </i>
   <i type="logical" name="LUSEW"> F  </i>
   <i name="ENCUTGW">     -2.00000000</i>
   <i name="ENCUTGWSOFT">     -2.00000000</i>
   <i name="ENCUTLF">     -1.00000000</i>
   <i type="int" name="LMAXMP2">    -1</i>
   <i name="SCISSOR">      0.00000000</i>
   <i type="int" name="NOMEGA">     0</i>
   <i type="int" name="NOMEGAR">     0</i>
   <i type="int" name="NBANDSGW">    -1</i>
   <i type="int" name="NBANDSO">    -1</i>
   <i type="int" name="NBANDSV">    -1</i>
   <i type="int" name="NELM">     1</i>
   <i type="int" name="NELMHF">     1</i>
   <i type="int" name="DIM">     3</i>
   <i type="int" name="ANTIRES">     0</i>
   <i name="OMEGAMAX">    -30.00000000</i>
   <i name="OMEGAMIN">    -30.00000000</i>
   <i name="OMEGATL">   -200.00000000</i>
   <i type="int" name="OMEGAGRID">   140</i>
   <i name="CSHIFT">     -0.10000000</i>
   <i type="logical" name="SELFENERGY"> F  </i>
   <i type="logical" name="LSPECTRAL"> F  </i>
   <i type="logical" name="LSPECTRALGW"> F  </i>
   <i type="logical" name="LSINGLES"> F  </i>
   <i type="logical" name="LFERMIGW"> F  </i>
   <i type="logical" name="ODDONLYGW"> F  </i>
   <i type="logical" name="EVENONLYGW"> F  </i>
   <i type="int" name="NKREDLFX">     1</i>
   <i type="int" name="NKREDLFY">     1</i>
   <i type="int" name="NKREDLFZ">     1</i>
   <i type="int" name="MAXMEM">  2800</i>
   <i type="int" name="TELESCOPE">     0</i>
   <i type="int" name="TAUPAR">     1</i>
   <i type="int" name="OMEGAPAR">    -1</i>
   <i name="LAMBDA">      1.00000000</i>
  </separator>
  <separator name="External order field" >
   <i name="OFIELD_KAPPA">      0.00000000</i>
   <v name="OFIELD_K">      0.00000000      0.00000000      0.00000000</v>
   <i name="OFIELD_Q6_NEAR">      0.00000000</i>
   <i name="OFIELD_Q6_FAR">      0.00000000</i>
   <i name="OFIELD_A">      0.00000000</i>
  </separator>
 </parameters>
 <atominfo>
  <atoms>       7 </atoms>
  <types>       2 </types>
  <array name="atoms" >
   <dimension dim="1">ion</dimension>
   <field type="string">element</field>
   <field type="int">atomtype</field>
   <set>
    <rc><c>B </c><c>   1</c></rc>
    <rc><c>B </c><c>   1</c></rc>
    <rc><c>B </c><c>   1</c></rc>
    <rc><c>B </c><c>   1</c></rc>
    <rc><c>N </c><c>   2</c></rc>
    <rc><c>N </c><c>   2</c></rc>
    <rc><c>N </c><c>   2</c></rc>
   </set>
  </array>
  <array name="atomtypes" >
   <dimension dim="1">type</dimension>
   <field type="int">atomspertype</field>
   <field type="string">element</field>
   <field>mass</field>
   <field>valence</field>
   <field type="string">pseudopotential</field>
   <set>
    <rc><c>   4</c><c>B </c><c>     10.81100000</c><c>      3.00000000</c><c> PAW_PBE B 06Sep2000                    </c></rc>
    <rc><c>   3</c><c>N </c><c>     14.00100000</c><c>      5.00000000</c><c> PAW_PBE N 08Apr2002                    </c></rc>
   </set>
  </array>
 </atominfo>
 <structure name="initialpos" >
  <crystal>
   <varray name="basis" >
    <v>       5.19249528       0.00000000       0.00000000 </v>
    <v>       0.00000039       5.19249528       0.00000000 </v>
    <v>       0.00000039       0.00000039       5.19249528 </v>
   </varray>
   <i name="volume">    140.00009494 </i>
   <varray name="rec_basis" >
    <v>       0.19258564      -0.00000001      -0.00000001 </v>
    <v>       0.00000000       0.19258564      -0.00000001 </v>
    <v>       0.00000000       0.00000000       0.19258564 </v>
   </varray>
  </crystal>
  <varray name="positions" >
   <v>       0.50000000       0.00000000       0.00000000 </v>
   <v>       0.00000000       0.50000000       0.00000000 </v>
   <v>       0.00000000       0.00000000       0.50000000 </v>
   <v>       0.50000000       0.50000000       0.50000000 </v>
   <v>       0.00000000       0.50000000       0.50000000 </v>
   <v>       0.50000000       0.00000000       0.50000000 </v>
   <v>       0.50000000       0.50000000       0.00000000 </v>
  </varray>
 </structure>
 <calculation>
  <scstep>
   <time name="dav">    0.17    0.17</time>
   <time name="total">    0.21    0.25</time>
   <energy>
    <i name="alphaZ">     29.29738178 </i>
    <i name="ewald">   -781.07866307 </i>
    <i name="hartreedc">   -261.08544196 </i>
    <i name="XCdc">     82.13647819 </i>
    <i name="pawpsdc">    389.22029999 </i>
    <i name="pawaedc">   -396.18109891 </i>
    <i name="eentropy">     -0.01246925 </i>
    <i name="bandstr">    -62.96692213 </i>
    <i name="atom">   1078.33613046 </i>
    <i name="e_fr_energy">     77.66569511 </i>
    <i name="e_wo_entrp">     77.67816436 </i>
    <i name="e_0_energy">     77.67192973 </i>
   </energy>
  </scstep>
  <scstep>
   <time name="dav">    0.22    0.32</time>
   <time name="total">    0.22    0.32</time>
   <energy>
    <i name="e_fr_energy">    -17.62131047 </i>
    <i name="e_wo_entrp">    -17.60635138 </i>
    <i name="e_0_energy">    -17.61383093 </i>
   </energy>
  </scstep>
  <scstep>
   <time name="dav">    0.16    0.17</time>
   <time name="total">    0.16    0.17</time>
   <energy>
    <i name="e_fr_energy">    -24.93899876 </i>
    <i name="e_wo_entrp">    -24.92395761 </i>
    <i name="e_0_energy">    -24.93147819 </i>
   </energy>
  </scstep>
  <scstep>
   <time name="dav">    0.22    0.22</time>
   <time name="total">    0.22    0.22</time>
   <energy>
    <i name="e_fr_energy">    -24.99252980 </i>
    <i name="e_wo_entrp">    -24.97747056 </i>
    <i name="e_0_energy">    -24.98500018 </i>
   </energy>
  </scstep>
  <scstep>
   <time name="dav">    0.17    0.17</time>
   <time name="total">    0.19    0.20</time>
   <energy>
    <i name="e_fr_energy">    -24.99292765 </i>
    <i name="e_wo_entrp">    -24.97786838 </i>
    <i name="e_0_energy">    -24.98539801 </i>
   </energy>
  </scstep>
  <scstep>
   <time name="dav">    0.20    0.20</time>
   <time name="total">    0.25    0.25</time>
   <energy>
    <i name="e_fr_energy">    -24.85064863 </i>
    <i name="e_wo_entrp">    -24.84500655 </i>
    <i name="e_0_energy">    -24.84782759 </i>
   </energy>
  </scstep>
  <scstep>
   <time name="dav">    0.20    0.21</time>
   <time name="total">    0.26    0.26</time>
   <energy>
    <i name="e_fr_energy">    -21.91087932 </i>
    <i name="e_wo_entrp">    -21.90397904 </i>
    <i name="e_0_energy">    -21.90742918 </i>
   </energy>
  </scstep>
  <scstep>
   <time name="dav">    0.18    0.18</time>
   <time name="total">    0.23    0.23</time>
   <energy>
    <i name="e_fr_energy">    -21.86616437 </i>
    <i name="e_wo_entrp">    -21.86038050 </i>
    <i name="e_0_energy">    -21.86327243 </i>
   </energy>
  </scstep>
  <scstep>
   <time name="dav">    0.20    0.20</time>
   <time name="total">    0.25    0.25</time>
   <energy>
    <i name="e_fr_energy">    -21.79029848 </i>
    <i name="e_wo_entrp">    -21.77812405 </i>
    <i name="e_0_energy">    -21.78421127 </i>
   </energy>
  </scstep>
  <scstep>
   <time name="dav">    0.16    0.16</time>
   <time name="total">    0.22    0.22</time>
   <energy>
    <i name="e_fr_energy">    -21.78023613 </i>
    <i name="e_wo_entrp">    -21.76986858 </i>
    <i name="e_0_energy">    -21.77505236 </i>
   </energy>
  </scstep>
  <scstep>
   <time name="dav">    0.18    0.18</time>
   <time name="total">    0.23    0.24</time>
   <energy>
    <i name="e_fr_energy">    -21.77855503 </i>
    <i name="e_wo_entrp">    -21.76916277 </i>
    <i name="e_0_energy">    -21.77385890 </i>
   </energy>
  </scstep>
  <scstep>
   <time name="dav">    0.20    0.20</time>
   <time name="total">    0.25    0.25</time>
   <energy>
    <i name="e_fr_energy">    -21.77858971 </i>
    <i name="e_wo_entrp">    -21.76940974 </i>
    <i name="e_0_energy">    -21.77399972 </i>
   </energy>
  </scstep>
  <scstep>
   <time name="dav">    0.17    0.17</time>
   <time name="total">    0.22    0.22</time>
   <energy>
    <i name="e_fr_energy">    -21.77859323 </i>
    <i name="e_wo_entrp">    -21.76908817 </i>
    <i name="e_0_energy">    -21.77384070 </i>
   </energy>
  </scstep>
  <scstep>
   <time name="dav">    0.20    0.20</time>
   <time name="total">    0.23    0.23</time>
   <energy>
    <i name="alphaZ">     29.29738178 </i>
    <i name="ewald">   -781.07866307 </i>
    <i name="hartreedc">   -272.18140182 </i>
    <i name="XCdc">     81.98789085 </i>
    <i name="pawpsdc">    390.36697321 </i>
    <i name="pawaedc">   -396.98967953 </i>
    <i name="eentropy">     -0.00945755 </i>
    <i name="bandstr">   -151.50777201 </i>
    <i name="atom">   1078.33613046 </i>
    <i name="e_fr_energy">    -21.77859767 </i>
    <i name="e_wo_entrp">    -21.76914012 </i>
    <i name="e_0_energy">    -21.77386890 </i>
   </energy>
  </scstep>
  <structure>
   <crystal>
    <varray name="basis" >
     <v>       5.19249528       0.00000000       0.00000000 </v>
     <v>       0.00000039       5.19249528       0.00000000 </v>
     <v>       0.00000039       0.00000039       5.19249528 </v>
    </varray>
    <i name="volume">    140.00009494 </i>
    <varray name="rec_basis" >
     <v>       0.19258564      -0.00000001      -0.00000001 </v>
     <v>       0.00000000       0.19258564      -0.00000001 </v>
     <v>       0.00000000       0.00000000       0.19258564 </v>
    </varray>
   </crystal>
   <varray name="positions" >
    <v>       0.50000000       0.00000000       0.00000000 </v>
    <v>       0.00000000       0.50000000       0.00000000 </v>
    <v>       0.00000000       0.00000000       0.50000000 </v>
    <v>       0.50000000       0.50000000       0.50000000 </v>
    <v>       0.00000000       0.50000000       0.50000000 </v>
    <v>       0.50000000       0.00000000       0.50000000 </v>
    <v>       0.50000000       0.50000000       0.00000000 </v>
   </varray>
  </structure>
  <varray name="forces" >
   <v>      -0.00000000      -0.00000000       0.00000000 </v>
   <v>      -0.00000000      -0.00000000       0.00000000 </v>
   <v>      -0.00000000      -0.00000000       0.00000000 </v>
   <v>      -0.00000000       0.00000000       0.00000000 </v>
   <v>       0.00000000       0.00000000       0.00000000 </v>
   <v>      -0.00000000       0.00000000       0.00000000 </v>
   <v>       0.00000000      -0.00000000       0.00000000 </v>
  </varray>
  <varray name="stress" >
   <v>    -226.95089376      -0.00001713      -0.00001713 </v>
   <v>      -0.00001713    -226.95089376      -0.00001713 </v>
   <v>      -0.00001713      -0.00001713    -226.95089376 </v>
  </varray>
  <energy>
   <i name="e_fr_energy">    240.36484735 </i>
   <i name="e_wo_entrp">    240.36957612 </i>
   <i name="e_0_energy">     -0.00945755 </i>
  </energy>
  <time name="totalsc">    3.47    3.68</time>
 </calculation>
 <calculation>
  <scstep>
   <time name="dav">    0.17    0.17</time>
   <time name="total">    0.23    0.25</time>
   <energy>
    <i name="alphaZ">    128.22918139 </i>
    <i name="ewald">  -1277.65655462 </i>
    <i name="hartreedc">   -445.20641816 </i>
    <i name="XCdc">    130.38442992 </i>
    <i name="pawpsdc">    390.30400250 </i>
    <i name="pawaedc">   -396.92635145 </i>
    <i name="eentropy">     -0.01541756 </i>
    <i name="bandstr">    212.83309379 </i>
    <i name="atom">   1078.33613046 </i>
    <i name="e_fr_energy">   -179.71790372 </i>
    <i name="e_wo_entrp">   -179.70248616 </i>
    <i name="e_0_energy">   -179.71019494 </i>
   </energy>
  </scstep>
  <scstep>
   <time name="dav">    0.22    0.22</time>
   <time name="total">    0.27    0.28</time>
   <energy>
    <i name="e_fr_energy">    -60.75123668 </i>
    <i name="e_wo_entrp">    -60.74476733 </i>
    <i name="e_0_energy">    -60.74800200 </i>
   </energy>
  </scstep>
  <scstep>
   <time name="dav">    0.19    0.19</time>
   <time name="total">    0.24    0.25</time>
   <energy>
    <i name="e_fr_energy">    -45.27004498 </i>
    <i name="e_wo_entrp">    -45.26357562 </i>
    <i name="e_0_energy">    -45.26681030 </i>
   </energy>
  </scstep>
  <scstep>
   <time name="dav">    0.18    0.19</time>
   <time name="total">    0.24    0.24</time>
   <energy>
    <i name="e_fr_energy">    -42.28909925 </i>
    <i name="e_wo_entrp">    -42.28262990 </i>
    <i name="e_0_energy">    -42.28586457 </i>
   </energy>
  </scstep>
  <scstep>
   <time name="dav">    0.18    0.18</time>
   <time name="total">    0.23    0.23</time>
   <energy>
    <i name="e_fr_energy">    -42.05264324 </i>
    <i name="e_wo_entrp">    -42.04617389 </i>
    <i name="e_0_energy">    -42.04940857 </i>
   </energy>
  </scstep>
  <scstep>
   <time name="dav">    0.18    0.19</time>
   <time name="total">    0.23    0.24</time>
   <energy>
    <i name="e_fr_energy">    -42.04864229 </i>
    <i name="e_wo_entrp">    -42.04217294 </i>
    <i name="e_0_energy">    -42.04540761 </i>
   </energy>
  </scstep>
  <scstep>
   <time name="dav">    0.18    0.19</time>
   <time name="total">    0.24    0.24</time>
   <energy>
    <i name="e_fr_energy">    -42.04794998 </i>
    <i name="e_wo_entrp">    -42.04148063 </i>
    <i name="e_0_energy">    -42.04471531 </i>
   </energy>
  </scstep>
  <scstep>
   <time name="dav">    0.16    0.16</time>
   <time name="total">    0.21    0.22</time>
   <energy>
    <i name="e_fr_energy">    -42.04792134 </i>
    <i name="e_wo_entrp">    -42.04145198 </i>
    <i name="e_0_energy">    -42.04468666 </i>
   </energy>
  </scstep>
  <scstep>
   <time name="dav">    0.11    0.11</time>
   <time name="total">    0.15    0.15</time>
   <energy>
    <i name="alphaZ">    128.22918139 </i>
    <i name="ewald">  -1277.65655462 </i>
    <i name="hartreedc">   -142.76312568 </i>
    <i name="XCdc">    105.86399394 </i>
    <i name="pawpsdc">    670.81993202 </i>
    <i name="pawaedc">   -679.42145880 </i>
    <i name="eentropy">     -0.00646935 </i>
    <i name="bandstr">     74.55044858 </i>
    <i name="atom">   1078.33613046 </i>
    <i name="e_fr_energy">    -42.04792206 </i>
    <i name="e_wo_entrp">    -42.04145271 </i>
    <i name="e_0_energy">    -42.04468739 </i>
   </energy>
  </scstep>
  <structure>
   <crystal>
    <varray name="basis" >
     <v>       3.17436423      -0.00000001      -0.00000001 </v>
     <v>       0.00000023       3.17436423      -0.00000001 </v>
     <v>       0.00000023       0.00000023       3.17436423 </v>
    </varray>
    <i name="volume">     31.98676141 </i>
    <varray name="rec_basis" >
     <v>       0.31502371      -0.00000002      -0.00000002 </v>
     <v>       0.00000000       0.31502371      -0.00000002 </v>
     <v>       0.00000000       0.00000000       0.31502371 </v>
    </varray>
   </crystal>
   <varray name="positions" >
    <v>       0.50000000      -0.00000000       0.00000000 </v>
    <v>      -0.00000000       0.50000000       0.00000000 </v>
    <v>      -0.00000000      -0.00000000       0.50000000 </v>
    <v>       0.50000000       0.50000000       0.50000000 </v>
    <v>       0.00000000       0.50000000       0.50000000 </v>
    <v>       0.50000000       0.00000000       0.50000000 </v>
    <v>       0.50000000       0.50000000       0.00000000 </v>
   </varray>
  </structure>
  <varray name="forces" >
   <v>      -0.00000000       0.00000000       0.00000000 </v>
   <v>       0.00000000       0.00000000       0.00000000 </v>
   <v>       0.00000000      -0.00000000       0.00000000 </v>
   <v>      -0.00000000      -0.00000000       0.00000000 </v>
   <v>      -0.00000000       0.00000000      -0.00000000 </v>
   <v>      -0.00000000      -0.00000000       0.00000000 </v>
   <v>       0.00000000       0.00000000       0.00000000 </v>
  </varray>
  <varray name="stress" >
   <v>    1208.90375410       0.00008311       0.00008311 </v>
   <v>       0.00008311    1208.90375410       0.00008311 </v>
   <v>       0.00008311       0.00008311    1208.90375410 </v>
  </varray>
  <energy>
   <i name="e_fr_energy">     17.84575040 </i>
   <i name="e_wo_entrp">     17.84898507 </i>
   <i name="e_0_energy">     -0.00646935 </i>
  </energy>
  <time name="totalsc">    2.42    2.52</time>
 </calculation>
 <calculation>
  <scstep>
   <time name="dav">    0.17    0.17</time>
   <time name="total">    0.23    0.25</time>
   <energy>
    <i name="alphaZ">    149.63693986 </i>
    <i name="ewald">  -1345.13160449 </i>
    <i name="hartreedc">   -150.30902969 </i>
    <i name="XCdc">    111.18542702 </i>
    <i name="pawpsdc">    670.80089084 </i>
    <i name="pawaedc">   -679.40095417 </i>
    <i name="eentropy">     -0.00646935 </i>
    <i name="bandstr">    127.24767777 </i>
    <i name="atom">   1078.33613046 </i>
    <i name="e_fr_energy">    -37.64099174 </i>
    <i name="e_wo_entrp">    -37.63452239 </i>
    <i name="e_0_energy">    -37.63775706 </i>
   </energy>
  </scstep>
  <scstep>
   <time name="dav">    0.18    0.29</time>
   <time name="total">    0.24    0.34</time>
   <energy>
    <i name="e_fr_energy">    -36.75931374 </i>
    <i name="e_wo_entrp">    -36.75284439 </i>
    <i name="e_0_energy">    -36.75607907 </i>
   </energy>
  </scstep>
  <scstep>
   <time name="dav">    0.17    0.18</time>
   <time name="total">    0.23    0.24</time>
   <energy>
    <i name="e_fr_energy">    -36.70542871 </i>
    <i name="e_wo_entrp">    -36.69895936 </i>
    <i name="e_0_energy">    -36.70219403 </i>
   </energy>
  </scstep>
  <scstep>
   <time name="dav">    0.19    0.19</time>
   <time name="total">    0.24    0.24</time>
   <energy>
    <i name="e_fr_energy">    -36.69570522 </i>
    <i name="e_wo_entrp">    -36.68923586 </i>
    <i name="e_0_energy">    -36.69247054 </i>
   </energy>
  </scstep>
  <scstep>
   <time name="dav">    0.16    0.16</time>
   <time name="total">    0.21    0.22</time>
   <energy>
    <i name="e_fr_energy">    -36.69525850 </i>
    <i name="e_wo_entrp">    -36.68878915 </i>
    <i name="e_0_energy">    -36.69202383 </i>
   </energy>
  </scstep>
  <scstep>
   <time name="dav">    0.16    0.16</time>
   <time name="total">    0.19    0.19</time>
   <energy>
    <i name="alphaZ">    149.63693986 </i>
    <i name="ewald">  -1345.13160449 </i>
    <i name="hartreedc">   -133.95971305 </i>
    <i name="XCdc">    109.97674499 </i>
    <i name="pawpsdc">    769.07728253 </i>
    <i name="pawaedc">   -778.19806901 </i>
    <i name="eentropy">     -0.00646935 </i>
    <i name="bandstr">    113.57350765 </i>
    <i name="atom">   1078.33613046 </i>
    <i name="e_fr_energy">    -36.69525041 </i>
    <i name="e_wo_entrp">    -36.68878105 </i>
    <i name="e_0_energy">    -36.69201573 </i>
   </energy>
  </scstep>
  <structure>
   <crystal>
    <varray name="basis" >
     <v>       3.01513046      -0.00000001      -0.00000001 </v>
     <v>       0.00000022       3.01513046      -0.00000001 </v>
     <v>       0.00000022       0.00000022       3.01513046 </v>
    </varray>
    <i name="volume">     27.41058615 </i>
    <varray name="rec_basis" >
     <v>       0.33166061      -0.00000002      -0.00000002 </v>
     <v>       0.00000000       0.33166061      -0.00000002 </v>
     <v>       0.00000000       0.00000000       0.33166061 </v>
    </varray>
   </crystal>
   <varray name="positions" >
    <v>       0.50000000      -0.00000000      -0.00000000 </v>
    <v>      -0.00000000       0.50000000      -0.00000000 </v>
    <v>      -0.00000000      -0.00000000       0.50000000 </v>
    <v>       0.50000000       0.50000000       0.50000000 </v>
    <v>       0.00000000       0.50000000       0.50000000 </v>
    <v>       0.50000000       0.00000000       0.50000000 </v>
    <v>       0.50000000       0.50000000       0.00000000 </v>
   </varray>
  </structure>
  <varray name="forces" >
   <v>      -0.00000000      -0.00000000      -0.00000000 </v>
   <v>       0.00000000      -0.00000000      -0.00000000 </v>
   <v>       0.00000000      -0.00000000      -0.00000000 </v>
   <v>      -0.00000000       0.00000000      -0.00000000 </v>
   <v>      -0.00000000       0.00000000      -0.00000000 </v>
   <v>      -0.00000000      -0.00000000       0.00000000 </v>
   <v>      -0.00000000       0.00000000      -0.00000000 </v>
  </varray>
  <varray name="stress" >
   <v>    2690.71727981       0.00018251       0.00018251 </v>
   <v>       0.00018251    2690.71727981       0.00018251 </v>
   <v>       0.00018251       0.00018251    2690.71727981 </v>
  </varray>
  <energy>
   <i name="e_fr_energy">     14.62975395 </i>
   <i name="e_wo_entrp">     14.63298863 </i>
   <i name="e_0_energy">     -0.00646935 </i>
  </energy>
  <time name="totalsc">    1.72    1.90</time>
 </calculation>
 <calculation>
  <scstep>
   <time name="dav">    0.17    0.18</time>
   <time name="total">    0.23    0.25</time>
   <energy>
    <i name="alphaZ">    153.83101955 </i>
    <i name="ewald">  -1357.58326843 </i>
    <i name="hartreedc">   -135.20723611 </i>
    <i name="XCdc">    110.94821539 </i>
    <i name="pawpsdc">    769.25899493 </i>
    <i name="pawaedc">   -778.38005691 </i>
    <i name="eentropy">     -0.00646935 </i>
    <i name="bandstr">    123.41240695 </i>
    <i name="atom">   1078.33613046 </i>
    <i name="e_fr_energy">    -35.39026352 </i>
    <i name="e_wo_entrp">    -35.38379417 </i>
    <i name="e_0_energy">    -35.38702884 </i>
   </energy>
  </scstep>
  <scstep>
   <time name="dav">    0.19    0.19</time>
   <time name="total">    0.24    0.24</time>
   <energy>
    <i name="e_fr_energy">    -35.36389311 </i>
    <i name="e_wo_entrp">    -35.35742376 </i>
    <i name="e_0_energy">    -35.36065844 </i>
   </energy>
  </scstep>
  <scstep>
   <time name="dav">    0.17    0.17</time>
   <time name="total">    0.23    0.23</time>
   <energy>
    <i name="e_fr_energy">    -35.36224572 </i>
    <i name="e_wo_entrp">    -35.35577636 </i>
    <i name="e_0_energy">    -35.35901104 </i>
   </energy>
  </scstep>
  <scstep>
   <time name="dav">    0.21    0.22</time>
   <time name="total">    0.27    0.28</time>
   <energy>
    <i name="e_fr_energy">    -35.36197624 </i>
    <i name="e_wo_entrp">    -35.35550689 </i>
    <i name="e_0_energy">    -35.35874157 </i>
   </energy>
  </scstep>
  <scstep>
   <time name="dav">    0.14    0.15</time>
   <time name="total">    0.18    0.18</time>
   <energy>
    <i name="alphaZ">    153.83101955 </i>
    <i name="ewald">  -1357.58326843 </i>
    <i name="hartreedc">   -132.46071022 </i>
    <i name="XCdc">    110.74638475 </i>
    <i name="pawpsdc">    789.82395569 </i>
    <i name="pawaedc">   -799.05037014 </i>
    <i name="eentropy">     -0.00646935 </i>
    <i name="bandstr">    121.00136097 </i>
    <i name="atom">   1078.33613046 </i>
    <i name="e_fr_energy">    -35.36196673 </i>
    <i name="e_wo_entrp">    -35.35549738 </i>
    <i name="e_0_energy">    -35.35873205 </i>
   </energy>
  </scstep>
  <structure>
   <crystal>
    <varray name="basis" >
     <v>       2.98747588      -0.00000001      -0.00000001 </v>
     <v>       0.00000021       2.98747588      -0.00000001 </v>
     <v>       0.00000021       0.00000021       2.98747588 </v>
    </varray>
    <i name="volume">     26.66325844 </i>
    <varray name="rec_basis" >
     <v>       0.33473074      -0.00000002      -0.00000002 </v>
     <v>       0.00000000       0.33473074      -0.00000002 </v>
     <v>       0.00000000       0.00000000       0.33473074 </v>
    </varray>
   </crystal>
   <varray name="positions" >
    <v>       0.50000000      -0.00000000      -0.00000000 </v>
    <v>      -0.00000000       0.50000000      -0.00000000 </v>
    <v>      -0.00000000      -0.00000000       0.50000000 </v>
    <v>       0.50000000       0.50000000       0.50000000 </v>
    <v>       0.00000000       0.50000000       0.50000000 </v>
    <v>       0.50000000       0.00000000       0.50000000 </v>
    <v>       0.50000000       0.50000000       0.00000000 </v>
   </varray>
  </structure>
  <varray name="forces" >
   <v>      -0.00000000      -0.00000000      -0.00000000 </v>
   <v>      -0.00000000       0.00000000      -0.00000000 </v>
   <v>       0.00000000      -0.00000000      -0.00000000 </v>
   <v>      -0.00000000       0.00000000      -0.00000000 </v>
   <v>       0.00000000       0.00000000       0.00000000 </v>
   <v>      -0.00000000       0.00000000       0.00000000 </v>
   <v>       0.00000000      -0.00000000      -0.00000000 </v>
  </varray>
  <varray name="stress" >
   <v>    3033.08096239       0.00020522       0.00020522 </v>
   <v>       0.00020522    3033.08096239       0.00020522 </v>
   <v>       0.00020522       0.00020522    3033.08096239 </v>
  </varray>
  <energy>
   <i name="e_fr_energy">     14.56370244 </i>
   <i name="e_wo_entrp">     14.56693712 </i>
   <i name="e_0_energy">     -0.00646935 </i>
  </energy>
  <time name="totalsc">    1.53    1.60</time>
 </calculation>
 <calculation>
  <scstep>
   <time name="dav">    0.17    0.18</time>
   <time name="total">    0.23    0.25</time>
   <energy>
    <i name="alphaZ">    153.42913485 </i>
    <i name="ewald">  -1356.40000522 </i>
    <i name="hartreedc">   -132.34993667 </i>
    <i name="XCdc">    110.65472943 </i>
    <i name="pawpsdc">    789.73876532 </i>
    <i name="pawaedc">   -798.96449497 </i>
    <i name="eentropy">     -0.00646935 </i>
    <i name="bandstr">    120.06844732 </i>
    <i name="atom">   1078.33613046 </i>
    <i name="e_fr_energy">    -35.49369884 </i>
    <i name="e_wo_entrp">    -35.48722949 </i>
    <i name="e_0_energy">    -35.49046416 </i>
   </energy>
  </scstep>
  <scstep>
   <time name="dav">    0.18    0.19</time>
   <time name="total">    0.24    0.24</time>
   <energy>
    <i name="e_fr_energy">    -35.49345748 </i>
    <i name="e_wo_entrp">    -35.48698813 </i>
    <i name="e_0_energy">    -35.49022281 </i>
   </energy>
  </scstep>
  <scstep>
   <time name="dav">    0.17    0.18</time>
   <time name="total">    0.23    0.24</time>
   <energy>
    <i name="e_fr_energy">    -35.49344080 </i>
    <i name="e_wo_entrp">    -35.48697144 </i>
    <i name="e_0_energy">    -35.49020612 </i>
   </energy>
  </scstep>
  <scstep>
   <time name="dav">    0.11    0.11</time>
   <time name="total">    0.14    0.14</time>
   <energy>
    <i name="alphaZ">    153.42913485 </i>
    <i name="ewald">  -1356.40000522 </i>
    <i name="hartreedc">   -132.60377771 </i>
    <i name="XCdc">    110.67334929 </i>
    <i name="pawpsdc">    787.90711542 </i>
    <i name="pawaedc">   -797.12295795 </i>
    <i name="eentropy">     -0.00646935 </i>
    <i name="bandstr">    120.29404323 </i>
    <i name="atom">   1078.33613046 </i>
    <i name="e_fr_energy">    -35.49343699 </i>
    <i name="e_wo_entrp">    -35.48696763 </i>
    <i name="e_0_energy">    -35.49020231 </i>
   </energy>
  </scstep>
  <structure>
   <crystal>
    <varray name="basis" >
     <v>       2.99008202      -0.00000001      -0.00000001 </v>
     <v>       0.00000021       2.99008202      -0.00000001 </v>
     <v>       0.00000021       0.00000021       2.99008202 </v>
    </varray>
    <i name="volume">     26.73309887 </i>
    <varray name="rec_basis" >
     <v>       0.33443899      -0.00000002      -0.00000002 </v>
     <v>       0.00000000       0.33443899      -0.00000002 </v>
     <v>       0.00000000       0.00000000       0.33443899 </v>
    </varray>
   </crystal>
   <varray name="positions" >
    <v>       0.50000000      -0.00000000      -0.00000000 </v>
    <v>      -0.00000000       0.50000000      -0.00000000 </v>
    <v>      -0.00000000      -0.00000000       0.50000000 </v>
    <v>       0.50000000       0.50000000       0.50000000 </v>
    <v>       0.00000000       0.50000000       0.50000000 </v>
    <v>       0.50000000       0.00000000       0.50000000 </v>
    <v>       0.50000000       0.50000000       0.00000000 </v>
   </varray>
  </structure>
  <varray name="forces" >
   <v>      -0.00000000      -0.00000000      -0.00000000 </v>
   <v>      -0.00000000      -0.00000000      -0.00000000 </v>
   <v>      -0.00000000      -0.00000000      -0.00000000 </v>
   <v>      -0.00000000       0.00000000      -0.00000000 </v>
   <v>      -0.00000000       0.00000000      -0.00000000 </v>
   <v>       0.00000000       0.00000000       0.00000000 </v>
   <v>       0.00000000       0.00000000      -0.00000000 </v>
  </varray>
  <varray name="stress" >
   <v>    2999.56926923       0.00020300       0.00020300 </v>
   <v>       0.00020300    2999.56926923       0.00020300 </v>
   <v>       0.00020300       0.00020300    2999.56926923 </v>
  </varray>
  <energy>
   <i name="e_fr_energy">     14.56300502 </i>
   <i name="e_wo_entrp">     14.56623970 </i>
   <i name="e_0_energy">     -0.00646935 </i>
  </energy>
  <time name="totalsc">    1.18    1.43</time>
  <eigenvalues>
   <array>
    <dimension dim="1">band</dimension>
    <dimension dim="2">kpoint</dimension>
    <dimension dim="3">spin</dimension>
    <field>eigene</field>
    <field>occ</field>
    <set>
     <set comment="spin 1">
      <set comment="kpoint 1">
       <r>  -12.3946    1.0000 </r>
       <r>   -0.8782    1.0000 </r>
       <r>   -0.8782    1.0000 </r>
       <r>   -0.8782    1.0000 </r>
       <r>   -0.6522    1.0000 </r>
       <r>   -0.6522    1.0000 </r>
       <r>    7.4462    1.0000 </r>
       <r>    7.4462    1.0000 </r>
       <r>    7.4463    1.0000 </r>
       <r>   10.8736    1.0000 </r>
       <r>   10.8736    1.0000 </r>
       <r>   10.8736    1.0000 </r>
       <r>   11.0434    1.0000 </r>
       <r>   22.9320    0.0000 </r>
       <r>   22.9320    0.0000 </r>
       <r>   22.9320    0.0000 </r>
       <r>   23.4286    0.0000 </r>
       <r>   23.4286    0.0000 </r>
       <r>   25.4704    0.0000 </r>
       <r>   25.4704    0.0000 </r>
       <r>   25.4704    0.0000 </r>
       <r>   26.3118    0.0000 </r>
       <r>   34.7033    0.0000 </r>
       <r>   34.7033    0.0000 </r>
       <r>   34.7033    0.0000 </r>
       <r>   38.7139    0.0000 </r>
       <r>   38.7139    0.0000 </r>
       <r>   38.7139    0.0000 </r>
       <r>   39.6577    0.0000 </r>
       <r>   39.6577    0.0000 </r>
       <r>   39.6577    0.0000 </r>
       <r>   40.0509    0.0000 </r>
      </set>
      <set comment="kpoint 2">
       <r>  -11.1910    1.0000 </r>
       <r>   -6.7459    1.0000 </r>
       <r>   -0.7010    1.0000 </r>
       <r>    0.4588    1.0000 </r>
       <r>    0.4588    1.0000 </r>
       <r>    5.3161    1.0000 </r>
       <r>    5.3246    1.0000 </r>
       <r>    5.3246    1.0000 </r>
       <r>    7.3244    1.0000 </r>
       <r>    9.3126    1.0000 </r>
       <r>   10.2527    1.0000 </r>
       <r>   10.2527    1.0000 </r>
       <r>   14.4442    1.0000 </r>
       <r>   20.1520    0.0000 </r>
       <r>   20.1520    0.0000 </r>
       <r>   21.4591    0.0000 </r>
       <r>   23.4860    0.0000 </r>
       <r>   26.2321    0.0000 </r>
       <r>   26.6749    0.0000 </r>
       <r>   27.1487    0.0000 </r>
       <r>   29.9775    0.0000 </r>
       <r>   32.3406    0.0000 </r>
       <r>   32.3406    0.0000 </r>
       <r>   33.1742    0.0000 </r>
       <r>   33.3858    0.0000 </r>
       <r>   35.4826    0.0000 </r>
       <r>   35.4826    0.0000 </r>
       <r>   36.7572    0.0000 </r>
       <r>   37.8660    0.0000 </r>
       <r>   37.8660    0.0000 </r>
       <r>   39.8168    0.0000 </r>
       <r>   39.8168    0.0000 </r>
      </set>
      <set comment="kpoint 3">
       <r>   -9.9904    1.0000 </r>
       <r>   -6.4164    1.0000 </r>
       <r>   -5.2126    1.0000 </r>
       <r>    0.5441    1.0000 </r>
       <r>    1.8546    1.0000 </r>
       <r>    4.5587    1.0000 </r>
       <r>    5.5036    1.0000 </r>
       <r>    7.3183    1.0000 </r>
       <r>    7.4941    1.0000 </r>
       <r>    8.4260    1.0000 </r>
       <r>   10.7095    1.0000 </r>
       <r>   12.6254    1.0000 </r>
       <r>   14.3141    1.0000 </r>
       <r>   16.9555    1.0000 </r>
       <r>   18.8739    0.1250 </r>
       <r>   23.5794    0.0000 </r>
       <r>   24.9838    0.0000 </r>
       <r>   25.1721    0.0000 </r>
       <r>   27.2835    0.0000 </r>
       <r>   28.5578    0.0000 </r>
       <r>   29.5426    0.0000 </r>
       <r>   30.0173    0.0000 </r>
       <r>   32.5819    0.0000 </r>
       <r>   33.1619    0.0000 </r>
       <r>   33.6256    0.0000 </r>
       <r>   34.2720    0.0000 </r>
       <r>   36.8276    0.0000 </r>
       <r>   38.2127    0.0000 </r>
       <r>   38.4302    0.0000 </r>
       <r>   38.9128    0.0000 </r>
       <r>   39.7470    0.0000 </r>
       <r>   41.4386    0.0000 </r>
      </set>
      <set comment="kpoint 4">
       <r>   -8.8481    1.0000 </r>
       <r>   -5.8368    1.0000 </r>
       <r>   -5.8368    1.0000 </r>
       <r>   -1.2230    1.0000 </r>
       <r>    1.8180    1.0000 </r>
       <r>    1.8180    1.0000 </r>
       <r>    2.1970    1.0000 </r>
       <r>    9.3234    1.0000 </r>
       <r>   10.6138    1.0000 </r>
       <r>   10.6138    1.0000 </r>
       <r>   11.7919    1.0000 </r>
       <r>   13.2086    1.0000 </r>
       <r>   13.2086    1.0000 </r>
       <r>   19.7072    0.0000 </r>
       <r>   23.2881    0.0000 </r>
       <r>   23.2881    0.0000 </r>
       <r>   24.4274    0.0000 </r>
       <r>   24.4274    0.0000 </r>
       <r>   25.8667    0.0000 </r>
       <r>   25.8667    0.0000 </r>
       <r>   27.3882    0.0000 </r>
       <r>   27.6853    0.0000 </r>
       <r>   31.9116    0.0000 </r>
       <r>   31.9843    0.0000 </r>
       <r>   31.9843    0.0000 </r>
       <r>   33.6195    0.0000 </r>
       <r>   33.6195    0.0000 </r>
       <r>   39.8155    0.0000 </r>
       <r>   41.0611    0.0000 </r>
       <r>   41.4972    0.0000 </r>
       <r>   41.4972    0.0000 </r>
       <r>   41.6504    0.0000 </r>
      </set>
     </set>
    </set>
   </array>
  </eigenvalues>
  <separator name="orbital magnetization" >
   <v name="MAGDIPOLOUT">      0.00000000      0.00000000      0.00000000</v>
  </separator>
  <dos>
   <i name="efermi">     18.83326825 </i>
   <total>
    <array>
     <dimension dim="1">gridpoints</dimension>
     <dimension dim="2">spin</dimension>
     <field>energy</field>
     <field>total</field>
     <field>integrated</field>
     <set>
      <set comment="spin 1">
       <r>   -15.0968     0.0000     0.0000 </r>
       <r>   -14.8987     0.0000     0.0000 </r>
       <r>   -14.7005     0.0000     0.0000 </r>
       <r>   -14.5023     0.0000     0.0000 </r>
       <r>   -14.3042     0.0000     0.0000 </r>
       <r>   -14.1060     0.0000     0.0000 </r>
       <r>   -13.9078     0.0000     0.0000 </r>
       <r>   -13.7097     0.0000     0.0000 </r>
       <r>   -13.5115     0.0000     0.0000 </r>
       <r>   -13.3133     0.0000     0.0000 </r>
       <r>   -13.1152     0.0000     0.0000 </r>
       <r>   -12.9170     0.0000     0.0000 </r>
       <r>   -12.7188     0.0000     0.0000 </r>
       <r>   -12.5207     0.0001     0.0000 </r>
       <r>   -12.3225     0.3660     0.0725 </r>
       <r>   -12.1244     0.0078     0.0741 </r>
       <r>   -11.9262     0.0000     0.0741 </r>
       <r>   -11.7280     0.0000     0.0741 </r>
       <r>   -11.5299     0.0000     0.0741 </r>
       <r>   -11.3317     0.0001     0.0741 </r>
       <r>   -11.1335     2.1259     0.4954 </r>
       <r>   -10.9354     0.1169     0.5185 </r>
       <r>   -10.7372     0.0000     0.5185 </r>
       <r>   -10.5390     0.0000     0.5185 </r>
       <r>   -10.3409     0.0000     0.5185 </r>
       <r>   -10.1427     0.0000     0.5185 </r>
       <r>    -9.9445     4.0482     1.3207 </r>
       <r>    -9.7464     0.4373     1.4074 </r>
       <r>    -9.5482     0.0000     1.4074 </r>
       <r>    -9.3500     0.0000     1.4074 </r>
       <r>    -9.1519     0.0000     1.4074 </r>
       <r>    -8.9537     0.0042     1.4082 </r>
       <r>    -8.7556     2.9730     1.9974 </r>
       <r>    -8.5574     0.0132     2.0000 </r>
       <r>    -8.3592     0.0000     2.0000 </r>
       <r>    -8.1611     0.0000     2.0000 </r>
       <r>    -7.9629     0.0000     2.0000 </r>
       <r>    -7.7647     0.0000     2.0000 </r>
       <r>    -7.5666     0.0000     2.0000 </r>
       <r>    -7.3684     0.0000     2.0000 </r>
       <r>    -7.1702     0.0000     2.0000 </r>
       <r>    -6.9721     0.0000     2.0000 </r>
       <r>    -6.7739     0.4812     2.0953 </r>
       <r>    -6.5757     1.7617     2.4444 </r>
       <r>    -6.3776     3.8759     3.2125 </r>
       <r>    -6.1794     0.6097     3.3333 </r>
       <r>    -5.9812     0.0001     3.3334 </r>
       <r>    -5.7831     5.5956     4.4422 </r>
       <r>    -5.5849     0.3850     4.5185 </r>
       <r>    -5.3868     0.0000     4.5185 </r>
       <r>    -5.1886     3.3725     5.1868 </r>
       <r>    -4.9904     1.1131     5.4074 </r>
       <r>    -4.7923     0.0000     5.4074 </r>
       <r>    -4.5941     0.0000     5.4074 </r>
       <r>    -4.3959     0.0000     5.4074 </r>
       <r>    -4.1978     0.0000     5.4074 </r>
       <r>    -3.9996     0.0000     5.4074 </r>
       <r>    -3.8014     0.0000     5.4074 </r>
       <r>    -3.6033     0.0000     5.4074 </r>
       <r>    -3.4051     0.0000     5.4074 </r>
       <r>    -3.2069     0.0000     5.4074 </r>
       <r>    -3.0088     0.0000     5.4074 </r>
       <r>    -2.8106     0.0000     5.4074 </r>
       <r>    -2.6124     0.0000     5.4074 </r>
       <r>    -2.4143     0.0000     5.4074 </r>
       <r>    -2.2161     0.0000     5.4074 </r>
       <r>    -2.0180     0.0000     5.4074 </r>
       <r>    -1.8198     0.0000     5.4074 </r>
       <r>    -1.6216     0.0000     5.4074 </r>
       <r>    -1.4235     0.0000     5.4074 </r>
       <r>    -1.2253     1.4169     5.6882 </r>
       <r>    -1.0271     1.5735     6.0000 </r>
       <r>    -0.8290     1.0298     6.2041 </r>
       <r>    -0.6308     2.8259     6.7641 </r>
       <r>    -0.4326     0.2560     6.8148 </r>
       <r>    -0.2345     0.0000     6.8148 </r>
       <r>    -0.0363     0.0000     6.8148 </r>
       <r>     0.1619     0.0000     6.8148 </r>
       <r>     0.3600     0.0117     6.8171 </r>
       <r>     0.5582     7.4023     8.2840 </r>
       <r>     0.7564     1.5573     8.5926 </r>
       <r>     0.9545     0.0000     8.5926 </r>
       <r>     1.1527     0.0000     8.5926 </r>
       <r>     1.3508     0.0000     8.5926 </r>
       <r>     1.5490     0.0000     8.5926 </r>
       <r>     1.7472     0.1405     8.6204 </r>
       <r>     1.9453    10.3020    10.6619 </r>
       <r>     2.1435     0.2189    10.7053 </r>
       <r>     2.3417     2.7954    11.2592 </r>
       <r>     2.5398     0.0001    11.2593 </r>
       <r>     2.7380     0.0000    11.2593 </r>
       <r>     2.9362     0.0000    11.2593 </r>
       <r>     3.1343     0.0000    11.2593 </r>
       <r>     3.3325     0.0000    11.2593 </r>
       <r>     3.5307     0.0000    11.2593 </r>
       <r>     3.7288     0.0000    11.2593 </r>
       <r>     3.9270     0.0000    11.2593 </r>
       <r>     4.1252     0.0000    11.2593 </r>
       <r>     4.3233     0.0000    11.2593 </r>
       <r>     4.5215     0.6547    11.3890 </r>
       <r>     4.7197     3.8309    12.1481 </r>
       <r>     4.9178     0.0000    12.1481 </r>
       <r>     5.1160     0.0000    12.1481 </r>
       <r>     5.3141     2.7952    12.7021 </r>
       <r>     5.5123     6.6139    14.0127 </r>
       <r>     5.7105     1.8049    14.3704 </r>
       <r>     5.9086     0.0000    14.3704 </r>
       <r>     6.1068     0.0000    14.3704 </r>
       <r>     6.3050     0.0000    14.3704 </r>
       <r>     6.5031     0.0000    14.3704 </r>
       <r>     6.7013     0.0000    14.3704 </r>
       <r>     6.8995     0.0000    14.3704 </r>
       <r>     7.0976     0.0000    14.3704 </r>
       <r>     7.2958     1.6443    14.6962 </r>
       <r>     7.4940     8.3397    16.3488 </r>
       <r>     7.6921     2.3514    16.8148 </r>
       <r>     7.8903     0.0000    16.8148 </r>
       <r>     8.0885     0.0000    16.8148 </r>
       <r>     8.2866     0.0002    16.8149 </r>
       <r>     8.4848     4.2691    17.6608 </r>
       <r>     8.6829     0.2163    17.7037 </r>
       <r>     8.8811     0.0000    17.7037 </r>
       <r>     9.0793     0.0000    17.7037 </r>
       <r>     9.2774     0.6478    17.8321 </r>
       <r>     9.4756     4.5854    18.7407 </r>
       <r>     9.6738     0.0000    18.7407 </r>
       <r>     9.8719     0.0000    18.7407 </r>
       <r>    10.0701     0.0000    18.7407 </r>
       <r>    10.2683     3.0079    19.3368 </r>
       <r>    10.4664     1.4778    19.6296 </r>
       <r>    10.6646     5.9881    20.8163 </r>
       <r>    10.8628     4.9038    21.7880 </r>
       <r>    11.0609     0.9538    21.9771 </r>
       <r>    11.2591     0.1158    22.0000 </r>
       <r>    11.4573     0.0000    22.0000 </r>
       <r>    11.6554     0.0002    22.0000 </r>
       <r>    11.8536     2.8694    22.5686 </r>
       <r>    12.0517     0.1209    22.5926 </r>
       <r>    12.2499     0.0000    22.5926 </r>
       <r>    12.4481     0.0000    22.5926 </r>
       <r>    12.6462     3.2378    23.2342 </r>
       <r>    12.8444     1.2478    23.4815 </r>
       <r>    13.0426     0.0000    23.4815 </r>
       <r>    13.2407     4.8939    24.4513 </r>
       <r>    13.4389     1.0869    24.6667 </r>
       <r>    13.6371     0.0000    24.6667 </r>
       <r>    13.8352     0.0000    24.6667 </r>
       <r>    14.0334     0.0000    24.6667 </r>
       <r>    14.2316     0.0439    24.6754 </r>
       <r>    14.4297     5.2042    25.7066 </r>
       <r>    14.6279     1.4803    26.0000 </r>
       <r>    14.8261     0.0000    26.0000 </r>
       <r>    15.0242     0.0000    26.0000 </r>
       <r>    15.2224     0.0000    26.0000 </r>
       <r>    15.4205     0.0000    26.0000 </r>
       <r>    15.6187     0.0000    26.0000 </r>
       <r>    15.8169     0.0000    26.0000 </r>
       <r>    16.0150     0.0000    26.0000 </r>
       <r>    16.2132     0.0000    26.0000 </r>
       <r>    16.4114     0.0000    26.0000 </r>
       <r>    16.6095     0.0000    26.0000 </r>
       <r>    16.8077     0.0001    26.0000 </r>
       <r>    17.0059     4.1404    26.8205 </r>
       <r>    17.2040     0.3452    26.8889 </r>
       <r>    17.4022     0.0000    26.8889 </r>
       <r>    17.6004     0.0000    26.8889 </r>
       <r>    17.7985     0.0000    26.8889 </r>
       <r>    17.9967     0.0000    26.8889 </r>
       <r>    18.1949     0.0000    26.8889 </r>
       <r>    18.3930     0.0000    26.8889 </r>
       <r>    18.5912     0.0000    26.8889 </r>
       <r>    18.7893     0.0375    26.8963 </r>
       <r>    18.9875     4.4451    27.7772 </r>
       <r>    19.1857     0.0030    27.7778 </r>
       <r>    19.3838     0.0000    27.7778 </r>
       <r>    19.5820     0.0006    27.7779 </r>
       <r>    19.7802     2.9316    28.3588 </r>
       <r>    19.9783     0.0582    28.3704 </r>
       <r>    20.1765     3.3912    29.0424 </r>
       <r>    20.3747     1.0944    29.2593 </r>
       <r>    20.5728     0.0000    29.2593 </r>
       <r>    20.7710     0.0000    29.2593 </r>
       <r>    20.9692     0.0000    29.2593 </r>
       <r>    21.1673     0.0000    29.2593 </r>
       <r>    21.3655     0.0091    29.2611 </r>
       <r>    21.5637     2.2303    29.7030 </r>
       <r>    21.7618     0.0035    29.7037 </r>
       <r>    21.9600     0.0000    29.7037 </r>
       <r>    22.1581     0.0000    29.7037 </r>
       <r>    22.3563     0.0000    29.7037 </r>
       <r>    22.5545     0.0000    29.7037 </r>
       <r>    22.7526     0.0000    29.7037 </r>
       <r>    22.9508     0.7882    29.8599 </r>
       <r>    23.1490     0.3334    29.9260 </r>
       <r>    23.3471     5.7050    31.0565 </r>
       <r>    23.5453     3.9118    31.8317 </r>
       <r>    23.7435     3.8397    32.5926 </r>
       <r>    23.9416     0.0000    32.5926 </r>
       <r>    24.1398     0.0000    32.5926 </r>
       <r>    24.3380     0.0341    32.5994 </r>
       <r>    24.5361     5.9404    33.7765 </r>
       <r>    24.7343     0.0063    33.7778 </r>
       <r>    24.9325     0.3289    33.8430 </r>
       <r>    25.1306     4.6968    34.7737 </r>
       <r>    25.3288     3.9455    35.5556 </r>
       <r>    25.5270     1.0598    35.7656 </r>
       <r>    25.7251     0.0617    35.7778 </r>
       <r>    25.9233     5.6524    36.8979 </r>
       <r>    26.1214     0.3302    36.9634 </r>
       <r>    26.3196     2.4454    37.4480 </r>
       <r>    26.5178     0.1692    37.4815 </r>
       <r>    26.7159     1.9671    37.8713 </r>
       <r>    26.9141     0.2757    37.9259 </r>
       <r>    27.1123     0.3402    37.9933 </r>
       <r>    27.3104     5.4277    39.0689 </r>
       <r>    27.5086     3.9500    39.8517 </r>
       <r>    27.7068     2.1791    40.2835 </r>
       <r>    27.9049     0.8123    40.4444 </r>
       <r>    28.1031     0.0000    40.4444 </r>
       <r>    28.3013     0.0000    40.4444 </r>
       <r>    28.4994     0.2213    40.4883 </r>
       <r>    28.6976     4.2641    41.3333 </r>
       <r>    28.8958     0.0002    41.3333 </r>
       <r>    29.0939     0.0000    41.3333 </r>
       <r>    29.2921     0.0000    41.3333 </r>
       <r>    29.4902     0.3112    41.3950 </r>
       <r>    29.6884     4.1744    42.2222 </r>
       <r>    29.8866     0.0119    42.2246 </r>
       <r>    30.0847     6.5874    43.5299 </r>
       <r>    30.2829     0.1292    43.5556 </r>
       <r>    30.4811     0.0000    43.5556 </r>
       <r>    30.6792     0.0000    43.5556 </r>
       <r>    30.8774     0.0000    43.5556 </r>
       <r>    31.0756     0.0000    43.5556 </r>
       <r>    31.2737     0.0000    43.5556 </r>
       <r>    31.4719     0.0000    43.5556 </r>
       <r>    31.6701     0.0000    43.5556 </r>
       <r>    31.8682     0.3314    43.6212 </r>
       <r>    32.0664     8.5793    45.3214 </r>
       <r>    32.2646     0.1311    45.3473 </r>
       <r>    32.4627     4.4153    46.2223 </r>
       <r>    32.6609     4.4278    47.0997 </r>
       <r>    32.8590     0.0573    47.1111 </r>
       <r>    33.0572     0.0079    47.1127 </r>
       <r>    33.2554     6.6780    48.4360 </r>
       <r>    33.4535     2.2232    48.8766 </r>
       <r>    33.6517     8.4155    50.5442 </r>
       <r>    33.8499     2.1130    50.9630 </r>
       <r>    34.0480     0.0000    50.9630 </r>
       <r>    34.2462     1.0438    51.1698 </r>
       <r>    34.4444     3.4418    51.8519 </r>
       <r>    34.6425     0.0480    51.8614 </r>
       <r>    34.8407     1.0733    52.0741 </r>
       <r>    35.0389     0.0001    52.0741 </r>
       <r>    35.2370     0.0000    52.0741 </r>
       <r>    35.4352     0.4036    52.1541 </r>
       <r>    35.6334     4.0820    52.9630 </r>
       <r>    35.8315     0.0000    52.9630 </r>
       <r>    36.0297     0.0000    52.9630 </r>
       <r>    36.2278     0.0000    52.9630 </r>
       <r>    36.4260     0.0000    52.9630 </r>
       <r>    36.6242     0.0002    52.9630 </r>
       <r>    36.8223     4.1461    53.7846 </r>
       <r>    37.0205     2.5821    54.2963 </r>
       <r>    37.2187     0.0000    54.2963 </r>
       <r>    37.4168     0.0000    54.2963 </r>
       <r>    37.6150     0.0000    54.2963 </r>
       <r>    37.8132     0.3038    54.3565 </r>
       <r>    38.0113     4.1818    55.1852 </r>
       <r>    38.2095     2.0829    55.5979 </r>
       <r>    38.4077     3.5786    56.3071 </r>
       <r>    38.6058     3.3110    56.9632 </r>
       <r>    38.8040     1.1188    57.1849 </r>
       <r>    39.0022     4.4613    58.0690 </r>
       <r>    39.2003     0.0257    58.0741 </r>
       <r>    39.3985     0.0000    58.0741 </r>
       <r>    39.5966     0.0472    58.0834 </r>
       <r>    39.7948     7.1989    59.5100 </r>
       <r>    39.9930     5.8558    60.6704 </r>
       <r>    40.1911     0.3549    60.7407 </r>
       <r>    40.3893     0.0000    60.7407 </r>
       <r>    40.5875     0.0000    60.7407 </r>
       <r>    40.7856     0.0000    60.7407 </r>
       <r>    40.9838     0.0431    60.7493 </r>
       <r>    41.1820     2.9463    61.3331 </r>
       <r>    41.3801     0.2236    61.3775 </r>
       <r>    41.5783    10.2404    63.4067 </r>
       <r>    41.7765     2.9932    63.9999 </r>
       <r>    41.9746     0.0005    64.0000 </r>
       <r>    42.1728     0.0000    64.0000 </r>
       <r>    42.3710     0.0000    64.0000 </r>
       <r>    42.5691     0.0000    64.0000 </r>
       <r>    42.7673     0.0000    64.0000 </r>
       <r>    42.9654     0.0000    64.0000 </r>
       <r>    43.1636     0.0000    64.0000 </r>
       <r>    43.3618     0.0000    64.0000 </r>
       <r>    43.5599     0.0000    64.0000 </r>
       <r>    43.7581     0.0000    64.0000 </r>
       <r>    43.9563     0.0000    64.0000 </r>
       <r>    44.1544     0.0000    64.0000 </r>
       <r>    44.3526     0.0000    64.0000 </r>
      </set>
     </set>
    </array>
   </total>
  </dos>
 </calculation>
 <structure name="finalpos" >
  <crystal>
   <varray name="basis" >
    <v>       2.99008202      -0.00000001      -0.00000001 </v>
    <v>       0.00000021       2.99008202      -0.00000001 </v>
    <v>       0.00000021       0.00000021       2.99008202 </v>
   </varray>
   <i name="volume">     26.73309887 </i>
   <varray name="rec_basis" >
    <v>       0.33443899      -0.00000002      -0.00000002 </v>
    <v>       0.00000000       0.33443899      -0.00000002 </v>
    <v>       0.00000000       0.00000000       0.33443899 </v>
   </varray>
  </crystal>
  <varray name="positions" >
   <v>       0.50000000      -0.00000000      -0.00000000 </v>
   <v>      -0.00000000       0.50000000      -0.00000000 </v>
   <v>      -0.00000000      -0.00000000       0.50000000 </v>
   <v>       0.50000000       0.50000000       0.50000000 </v>
   <v>       0.00000000       0.50000000       0.50000000 </v>
   <v>       0.50000000       0.00000000       0.50000000 </v>
   <v>       0.50000000       0.50000000       0.00000000 </v>
  </varray>
 </structure>
</modeling>
