<?xml version="1.0" encoding="ISO-8859-1"?>
<modeling>
 <generator>
  <i name="program" type="string">vasp </i>
  <i name="version" type="string">5.4.4.18Apr17-6-g9f103f2a35  </i>
  <i name="subversion" type="string">(build Nov 14 2022 07:55:26) complex            parallel </i>
  <i name="platform" type="string">LinuxIFC </i>
  <i name="date" type="string">2023 04 13 </i>
  <i name="time" type="string">16:28:07 </i>
 </generator>
 <incar>
  <i type="string" name="SYSTEM"> local optimisation</i>
  <i type="string" name="PREC">accurate</i>
  <i type="int" name="IBRION">     2</i>
  <i name="EDIFF">      0.00001000</i>
  <i type="int" name="NSW">   200</i>
  <i type="int" name="ISIF">     3</i>
  <i name="SYMPREC">      0.00010000</i>
  <i name="ENCUT">    600.00000000</i>
  <i name="POTIM">      0.10000000</i>
  <i type="int" name="ISMEAR">     0</i>
  <i name="SIGMA">      0.05000000</i>
  <i name="KSPACING">      0.50000000</i>
  <i name="PSTRESS">   3000.00000000</i>
  <i type="logical" name="LWAVE"> F  </i>
  <i type="logical" name="LCHARG"> F  </i>
  <v type="int" name="KPOINT_BSE">    -1     0     0     0</v>
 </incar>
 <structure name="primitive_cell" >
  <crystal>
   <varray name="basis" >
    <v>       9.62485017       0.00000000       0.00000000 </v>
    <v>       0.00000073       9.62485017       0.00000000 </v>
    <v>       0.00000033       0.00000033       4.31789553 </v>
   </varray>
   <i name="volume">    400.00008709 </i>
   <varray name="rec_basis" >
    <v>       0.10389772      -0.00000001      -0.00000001 </v>
    <v>       0.00000000       0.10389772      -0.00000001 </v>
    <v>       0.00000000       0.00000000       0.23159430 </v>
   </varray>
  </crystal>
  <varray name="positions" >
   <v>      -0.50000000       0.00000000      -0.50000000 </v>
   <v>       0.00000000       0.00000000      -0.50000000 </v>
   <v>      -0.50000000      -0.50000000       0.00000000 </v>
   <v>       0.00000000      -0.50000000      -0.50000000 </v>
  </varray>
 </structure>
 <varray name="primitive_index" >
  <v type="int" >        1 </v>
  <v type="int" >        3 </v>
  <v type="int" >        4 </v>
  <v type="int" >        2 </v>
 </varray>
 <kpoints>
  <generation param="Gamma">
   <v type="int" name="divisions">       2        2        3 </v>
   <v name="usershift">      0.00000000       0.00000000       0.00000000 </v>
   <v name="genvec1">      0.50000000       0.00000000       0.00000000 </v>
   <v name="genvec2">      0.00000000       0.50000000       0.00000000 </v>
   <v name="genvec3">      0.00000000       0.00000000       0.33333333 </v>
   <v name="shift">      0.00000000       0.00000000       0.00000000 </v>
  </generation>
  <varray name="kpointlist" >
   <v>       0.00000000       0.00000000       0.00000000 </v>
   <v>       0.50000000       0.00000000       0.00000000 </v>
   <v>       0.50000000       0.50000000       0.00000000 </v>
   <v>       0.00000000       0.00000000       0.33333333 </v>
   <v>       0.50000000       0.00000000       0.33333333 </v>
   <v>       0.50000000       0.50000000       0.33333333 </v>
  </varray>
  <varray name="weights" >
   <v>       0.08333333 </v>
   <v>       0.16666667 </v>
   <v>       0.08333333 </v>
   <v>       0.16666667 </v>
   <v>       0.33333333 </v>
   <v>       0.16666667 </v>
  </varray>
 </kpoints>
 <parameters>
  <separator name="general" >
   <i type="string" name="SYSTEM">local optimisation</i>
   <i type="logical" name="LCOMPAT"> F  </i>
  </separator>
  <separator name="electronic" >
   <i type="string" name="PREC">accura</i>
   <i name="ENMAX">    600.00000000</i>
   <i name="ENAUG">    627.11200000</i>
   <i name="EDIFF">      0.00001000</i>
   <i type="int" name="IALGO">    38</i>
   <i type="int" name="IWAVPR">    11</i>
   <i type="int" name="NBANDS">    16</i>
   <i name="NELECT">     14.00000000</i>
   <i type="int" name="TURBO">     0</i>
   <i type="int" name="IRESTART">     0</i>
   <i type="int" name="NREBOOT">     0</i>
   <i type="int" name="NMIN">     0</i>
   <i name="EREF">      0.00000000</i>
   <separator name="electronic smearing" >
    <i type="int" name="ISMEAR">     0</i>
    <i name="SIGMA">      0.05000000</i>
    <i name="KSPACING">      0.50000000</i>
    <i type="logical" name="KGAMMA"> T  </i>
   </separator>
   <separator name="electronic projectors" >
    <i type="logical" name="LREAL"> F  </i>
    <v name="ROPT">      0.00000000      0.00000000</v>
    <i type="int" name="LMAXPAW">  -100</i>
    <i type="int" name="LMAXMIX">     2</i>
    <i type="logical" name="NLSPLINE"> F  </i>
   </separator>
   <separator name="electronic startup" >
    <i type="int" name="ISTART">     0</i>
    <i type="int" name="ICHARG">     2</i>
    <i type="int" name="INIWAV">     1</i>
   </separator>
   <separator name="electronic spin" >
    <i type="int" name="ISPIN">     1</i>
    <i type="logical" name="LNONCOLLINEAR"> F  </i>
    <v name="MAGMOM">      1.00000000      1.00000000      1.00000000      1.00000000</v>
    <i name="NUPDOWN">     -1.00000000</i>
    <i type="logical" name="LSORBIT"> F  </i>
    <v name="SAXIS">      0.00000000      0.00000000      1.00000000</v>
    <i type="logical" name="LSPIRAL"> F  </i>
    <v name="QSPIRAL">      0.00000000      0.00000000      0.00000000</v>
    <i type="logical" name="LZEROZ"> F  </i>
   </separator>
   <separator name="electronic exchange-correlation" >
    <i type="logical" name="LASPH"> F  </i>
    <i type="logical" name="LMETAGGA"> F  </i>
   </separator>
   <separator name="electronic convergence" >
    <i type="int" name="NELM">    60</i>
    <i type="int" name="NELMDL">     0</i>
    <i type="int" name="NELMIN">     2</i>
    <i name="ENINI">    600.00000000</i>
    <separator name="electronic convergence detail" >
     <i type="logical" name="LDIAG"> T  </i>
     <i type="logical" name="LSUBROT"> F  </i>
     <i name="WEIMIN">      0.00100000</i>
     <i name="EBREAK">      0.00000016</i>
     <i name="DEPER">      0.30000000</i>
     <i type="int" name="NRMM">     4</i>
     <i name="TIME">      0.40000000</i>
    </separator>
   </separator>
   <separator name="electronic mixer" >
    <i name="AMIX">      0.40000000</i>
    <i name="BMIX">      1.00000000</i>
    <i name="AMIN">      0.10000000</i>
    <i name="AMIX_MAG">      1.60000000</i>
    <i name="BMIX_MAG">      1.00000000</i>
    <separator name="electronic mixer details" >
     <i type="int" name="IMIX">     4</i>
     <i type="logical" name="MIXFIRST"> F  </i>
     <i type="int" name="MAXMIX">   -45</i>
     <i name="WC">    100.00000000</i>
     <i type="int" name="INIMIX">     1</i>
     <i type="int" name="MIXPRE">     1</i>
     <i type="int" name="MREMOVE">     5</i>
    </separator>
   </separator>
   <separator name="electronic dipolcorrection" >
    <i type="logical" name="LDIPOL"> F  </i>
    <i type="logical" name="LMONO"> F  </i>
    <i type="int" name="IDIPOL">     0</i>
    <i name="EPSILON">      1.00000000</i>
    <v name="DIPOL">   -100.00000000   -100.00000000   -100.00000000</v>
    <i name="EFIELD">      0.00000000</i>
   </separator>
  </separator>
  <separator name="grids" >
   <i type="int" name="NGX">    80</i>
   <i type="int" name="NGY">    80</i>
   <i type="int" name="NGZ">    36</i>
   <i type="int" name="NGXF">   160</i>
   <i type="int" name="NGYF">   160</i>
   <i type="int" name="NGZF">    72</i>
   <i type="logical" name="ADDGRID"> F  </i>
  </separator>
  <separator name="ionic" >
   <i type="int" name="NSW">   200</i>
   <i type="int" name="IBRION">     2</i>
   <i type="int" name="MDALGO">     0</i>
   <i type="int" name="ISIF">     3</i>
   <i name="PSTRESS">   3000.00000000</i>
   <i name="EDIFFG">      0.00010000</i>
   <i type="int" name="NFREE">     1</i>
   <i name="POTIM">      0.10000000</i>
   <i name="SMASS">     -3.00000000</i>
   <i name="SCALEE">      1.00000000</i>
  </separator>
  <separator name="ionic md" >
   <i name="TEBEG">      0.00010000</i>
   <i name="TEEND">      0.00010000</i>
   <i type="int" name="NBLOCK">     1</i>
   <i type="int" name="KBLOCK">   200</i>
   <i type="int" name="NPACO">   256</i>
   <i name="APACO">     16.00000000</i>
  </separator>
  <separator name="symmetry" >
   <i type="int" name="ISYM">     2</i>
   <i name="SYMPREC">      0.00010000</i>
  </separator>
  <separator name="dos" >
   <i type="int" name="LORBIT">     0</i>
   <v name="RWIGS">     -1.00000000     -1.00000000</v>
   <i type="int" name="NEDOS">   301</i>
   <i name="EMIN">     10.00000000</i>
   <i name="EMAX">    -10.00000000</i>
   <i name="EFERMI">      0.00000000</i>
  </separator>
  <separator name="writing" >
   <i type="int" name="NWRITE">     2</i>
   <i type="logical" name="LWAVE"> F  </i>
   <i type="logical" name="LDOWNSAMPLE"> F  </i>
   <i type="logical" name="LCHARG"> F  </i>
   <i type="logical" name="LPARD"> F  </i>
   <i type="logical" name="LVTOT"> F  </i>
   <i type="logical" name="LVHAR"> F  </i>
   <i type="logical" name="LELF"> F  </i>
   <i type="logical" name="LOPTICS"> F  </i>
   <v name="STM">      0.00000000      0.00000000      0.00000000      0.00000000      0.00000000      0.00000000      0.00000000</v>
  </separator>
  <separator name="performance" >
   <i type="int" name="NPAR">    16</i>
   <i type="int" name="NSIM">     4</i>
   <i type="int" name="NBLK">    -1</i>
   <i type="logical" name="LPLANE"> T  </i>
   <i type="logical" name="LSCALAPACK"> T  </i>
   <i type="logical" name="LSCAAWARE"> F  </i>
   <i type="logical" name="LSCALU"> F  </i>
   <i type="logical" name="LASYNC"> F  </i>
   <i type="logical" name="LORBITALREAL"> F  </i>
  </separator>
  <separator name="miscellaneous" >
   <i type="int" name="IDIOT">     3</i>
   <i type="int" name="ISPECIAL">     0</i>
   <i type="logical" name="LMUSIC"> F  </i>
   <v name="POMASS">     10.81100000     14.00100000</v>
   <v name="DARWINR">      0.00000000      0.00000000</v>
   <v name="DARWINV">      1.00000000      1.00000000</v>
   <i type="logical" name="LCORR"> T  </i>
  </separator>
  <i type="logical" name="GGA_COMPAT"> T  </i>
  <i type="logical" name="LBERRY"> F  </i>
  <i type="int" name="ICORELEVEL">     0</i>
  <i type="logical" name="LDAU"> F  </i>
  <i type="int" name="I_CONSTRAINED_M">     0</i>
  <separator name="electronic exchange-correlation" >
   <i type="string" name="GGA">--</i>
   <i type="int" name="VOSKOWN">     0</i>
   <i type="logical" name="LHFCALC"> F  </i>
   <i type="string" name="PRECFOCK"></i>
   <i type="logical" name="LSYMGRAD"> F  </i>
   <i type="logical" name="LHFONE"> F  </i>
   <i type="logical" name="LRHFCALC"> F  </i>
   <i type="logical" name="LTHOMAS"> F  </i>
   <i type="logical" name="LMODELHF"> F  </i>
   <i name="ENCUT4O">     -1.00000000</i>
   <i type="int" name="EXXOEP">     0</i>
   <i type="int" name="FOURORBIT">     0</i>
   <i name="AEXX">      0.00000000</i>
   <i name="HFALPHA">      0.00000000</i>
   <i name="MCALPHA">      0.00000000</i>
   <i name="ALDAX">      1.00000000</i>
   <i name="AGGAX">      1.00000000</i>
   <i name="ALDAC">      1.00000000</i>
   <i name="AGGAC">      1.00000000</i>
   <i type="int" name="NKREDX">     1</i>
   <i type="int" name="NKREDY">     1</i>
   <i type="int" name="NKREDZ">     1</i>
   <i type="logical" name="SHIFTRED"> F  </i>
   <i type="logical" name="ODDONLY"> F  </i>
   <i type="logical" name="EVENONLY"> F  </i>
   <i type="int" name="LMAXFOCK">     0</i>
   <i type="int" name="NMAXFOCKAE">     0</i>
   <i type="logical" name="LFOCKAEDFT"> F  </i>
   <i name="HFSCREEN">      0.00000000</i>
   <i name="HFSCREENC">      0.00000000</i>
   <i type="int" name="NBANDSGWLOW">     0</i>
  </separator>
  <separator name="vdW DFT" >
   <i type="logical" name="LUSE_VDW"> F  </i>
   <i name="Zab_VDW">     -0.84910000</i>
   <i name="PARAM1">      0.12340000</i>
   <i name="PARAM2">      1.00000000</i>
   <i name="PARAM3">      0.00000000</i>
  </separator>
  <separator name="model GW" >
   <i type="int" name="MODEL_GW">     0</i>
   <i name="MODEL_EPS0">     60.00001306</i>
   <i name="MODEL_ALPHA">      1.00000000</i>
  </separator>
  <separator name="linear response parameters" >
   <i type="logical" name="LEPSILON"> F  </i>
   <i type="logical" name="LRPA"> F  </i>
   <i type="logical" name="LNABLA"> F  </i>
   <i type="logical" name="LVEL"> F  </i>
   <i type="int" name="KINTER">     0</i>
   <i name="CSHIFT">      0.10000000</i>
   <i name="OMEGAMAX">     -1.00000000</i>
   <i name="DEG_THRESHOLD">      0.00200000</i>
   <i name="RTIME">     -0.10000000</i>
   <i name="WPLASMAI">      0.00000000</i>
   <v name="DFIELD">      0.00000000      0.00000000      0.00000000</v>
   <v name="WPLASMA">      0.00000000      0.00000000      0.00000000      0.00000000      0.00000000      0.00000000      0.00000000      0.00000000      0.00000000</v>
  </separator>
  <separator name="orbital magnetization" >
   <i type="logical" name="NUCIND"> F  </i>
   <v name="MAGPOS">      0.00000000      0.00000000      0.00000000</v>
   <i type="logical" name="LNICSALL"> T  </i>
   <i type="logical" name="ORBITALMAG"> F  </i>
   <i type="logical" name="LMAGBLOCH"> F  </i>
   <i type="logical" name="LCHIMAG"> F  </i>
   <i type="logical" name="LGAUGE"> T  </i>
   <i type="int" name="MAGATOM">     0</i>
   <v name="MAGDIPOL">      0.00000000      0.00000000      0.00000000</v>
   <v name="AVECCONST">      0.00000000      0.00000000      0.00000000</v>
  </separator>
  <separator name="response functions" >
   <i type="logical" name="LADDER"> F  </i>
   <i type="logical" name="LRPAFORCE"> F  </i>
   <i type="logical" name="LFXC"> F  </i>
   <i type="logical" name="LHARTREE"> T  </i>
   <i type="int" name="IBSE">     0</i>
   <v type="int" name="KPOINT">    -1     0     0     0</v>
   <i type="logical" name="LTCTE"> F  </i>
   <i type="logical" name="LTETE"> F  </i>
   <i type="logical" name="LTRIPLET"> F  </i>
   <i type="logical" name="LFXCEPS"> F  </i>
   <i type="logical" name="LFXHEG"> F  </i>
   <i type="int" name="NATURALO">     2</i>
   <i type="logical" name="L2ORDER"> F  </i>
   <i type="logical" name="LMP2LT"> F  </i>
   <i type="logical" name="LUSEW"> F  </i>
   <i name="ENCUTGW">     -2.00000000</i>
   <i name="ENCUTGWSOFT">     -2.00000000</i>
   <i name="ENCUTLF">     -1.00000000</i>
   <i type="int" name="LMAXMP2">    -1</i>
   <i name="SCISSOR">      0.00000000</i>
   <i type="int" name="NOMEGA">     0</i>
   <i type="int" name="NOMEGAR">     0</i>
   <i type="int" name="NBANDSGW">    -1</i>
   <i type="int" name="NBANDSO">    -1</i>
   <i type="int" name="NBANDSV">    -1</i>
   <i type="int" name="NELM">     1</i>
   <i type="int" name="NELMHF">     1</i>
   <i type="int" name="DIM">     3</i>
   <i type="int" name="ANTIRES">     0</i>
   <i name="OMEGAMAX">    -30.00000000</i>
   <i name="OMEGAMIN">    -30.00000000</i>
   <i name="OMEGATL">   -200.00000000</i>
   <i type="int" name="OMEGAGRID">   140</i>
   <i name="CSHIFT">     -0.10000000</i>
   <i type="logical" name="SELFENERGY"> F  </i>
   <i type="logical" name="LSPECTRAL"> F  </i>
   <i type="logical" name="LSPECTRALGW"> F  </i>
   <i type="logical" name="LSINGLES"> F  </i>
   <i type="logical" name="LFERMIGW"> F  </i>
   <i type="logical" name="ODDONLYGW"> F  </i>
   <i type="logical" name="EVENONLYGW"> F  </i>
   <i type="int" name="NKREDLFX">     1</i>
   <i type="int" name="NKREDLFY">     1</i>
   <i type="int" name="NKREDLFZ">     1</i>
   <i type="int" name="MAXMEM">  2800</i>
   <i type="int" name="TELESCOPE">     0</i>
   <i type="int" name="TAUPAR">     1</i>
   <i type="int" name="OMEGAPAR">    -1</i>
   <i name="LAMBDA">      1.00000000</i>
  </separator>
  <separator name="External order field" >
   <i name="OFIELD_KAPPA">      0.00000000</i>
   <v name="OFIELD_K">      0.00000000      0.00000000      0.00000000</v>
   <i name="OFIELD_Q6_NEAR">      0.00000000</i>
   <i name="OFIELD_Q6_FAR">      0.00000000</i>
   <i name="OFIELD_A">      0.00000000</i>
  </separator>
 </parameters>
 <atominfo>
  <atoms>       4 </atoms>
  <types>       2 </types>
  <array name="atoms" >
   <dimension dim="1">ion</dimension>
   <field type="string">element</field>
   <field type="int">atomtype</field>
   <set>
    <rc><c>B </c><c>   1</c></rc>
    <rc><c>B </c><c>   1</c></rc>
    <rc><c>B </c><c>   1</c></rc>
    <rc><c>N </c><c>   2</c></rc>
   </set>
  </array>
  <array name="atomtypes" >
   <dimension dim="1">type</dimension>
   <field type="int">atomspertype</field>
   <field type="string">element</field>
   <field>mass</field>
   <field>valence</field>
   <field type="string">pseudopotential</field>
   <set>
    <rc><c>   3</c><c>B </c><c>     10.81100000</c><c>      3.00000000</c><c> PAW_PBE B 06Sep2000                    </c></rc>
    <rc><c>   1</c><c>N </c><c>     14.00100000</c><c>      5.00000000</c><c> PAW_PBE N 08Apr2002                    </c></rc>
   </set>
  </array>
 </atominfo>
 <structure name="initialpos" >
  <crystal>
   <varray name="basis" >
    <v>       9.62485017       0.00000000       0.00000000 </v>
    <v>       0.00000073       9.62485017       0.00000000 </v>
    <v>       0.00000033       0.00000033       4.31789553 </v>
   </varray>
   <i name="volume">    400.00008709 </i>
   <varray name="rec_basis" >
    <v>       0.10389772      -0.00000001      -0.00000001 </v>
    <v>       0.00000000       0.10389772      -0.00000001 </v>
    <v>       0.00000000       0.00000000       0.23159430 </v>
   </varray>
  </crystal>
  <varray name="positions" >
   <v>       0.50000000       0.00000000       0.50000000 </v>
   <v>       0.00000000       0.50000000       0.50000000 </v>
   <v>       0.00000000       0.00000000       0.50000000 </v>
   <v>       0.50000000       0.50000000       0.00000000 </v>
  </varray>
 </structure>
 <calculation>
  <scstep>
   <time name="dav">    0.31    0.34</time>
   <time name="total">    0.44    0.48</time>
   <energy>
    <i name="alphaZ">      3.04596765 </i>
    <i name="ewald">   -219.46161625 </i>
    <i name="hartreedc">   -183.97824824 </i>
    <i name="XCdc">     36.77204318 </i>
    <i name="pawpsdc">    151.85644282 </i>
    <i name="pawaedc">   -155.35232821 </i>
    <i name="eentropy">     -0.01355476 </i>
    <i name="bandstr">    -63.12468901 </i>
    <i name="atom">    478.07921343 </i>
    <i name="e_fr_energy">     47.82323062 </i>
    <i name="e_wo_entrp">     47.83678538 </i>
    <i name="e_0_energy">     47.83000800 </i>
   </energy>
  </scstep>
  <scstep>
   <time name="dav">    0.52    0.54</time>
   <time name="total">    0.52    0.54</time>
   <energy>
    <i name="e_fr_energy">     -4.22485441 </i>
    <i name="e_wo_entrp">     -4.22485441 </i>
    <i name="e_0_energy">     -4.22485441 </i>
   </energy>
  </scstep>
  <scstep>
   <time name="dav">    0.31    0.31</time>
   <time name="total">    0.31    0.31</time>
   <energy>
    <i name="e_fr_energy">    -10.25736336 </i>
    <i name="e_wo_entrp">    -10.25736336 </i>
    <i name="e_0_energy">    -10.25736336 </i>
   </energy>
  </scstep>
  <scstep>
   <time name="dav">    0.33    0.33</time>
   <time name="total">    0.33    0.33</time>
   <energy>
    <i name="e_fr_energy">    -10.41485546 </i>
    <i name="e_wo_entrp">    -10.41485546 </i>
    <i name="e_0_energy">    -10.41485546 </i>
   </energy>
  </scstep>
  <scstep>
   <time name="dav">    0.36    0.37</time>
   <time name="total">    0.44    0.45</time>
   <energy>
    <i name="e_fr_energy">    -10.41925050 </i>
    <i name="e_wo_entrp">    -10.41925050 </i>
    <i name="e_0_energy">    -10.41925050 </i>
   </energy>
  </scstep>
  <scstep>
   <time name="dav">    0.36    0.36</time>
   <time name="total">    0.52    0.53</time>
   <energy>
    <i name="e_fr_energy">    -28.62038272 </i>
    <i name="e_wo_entrp">    -28.58756711 </i>
    <i name="e_0_energy">    -28.60397492 </i>
   </energy>
  </scstep>
  <scstep>
   <time name="dav">    0.45    0.45</time>
   <time name="total">    0.63    0.63</time>
   <energy>
    <i name="e_fr_energy">     -7.46554466 </i>
    <i name="e_wo_entrp">     -7.43316324 </i>
    <i name="e_0_energy">     -7.44935395 </i>
   </energy>
  </scstep>
  <scstep>
   <time name="dav">    0.38    0.38</time>
   <time name="total">    0.55    0.55</time>
   <energy>
    <i name="e_fr_energy">     -3.33633376 </i>
    <i name="e_wo_entrp">     -3.29849632 </i>
    <i name="e_0_energy">     -3.31741504 </i>
   </energy>
  </scstep>
  <scstep>
   <time name="dav">    0.35    0.35</time>
   <time name="total">    0.52    0.52</time>
   <energy>
    <i name="e_fr_energy">     -4.90802357 </i>
    <i name="e_wo_entrp">     -4.89869173 </i>
    <i name="e_0_energy">     -4.90335765 </i>
   </energy>
  </scstep>
  <scstep>
   <time name="dav">    0.36    0.37</time>
   <time name="total">    0.53    0.54</time>
   <energy>
    <i name="e_fr_energy">     -5.63892487 </i>
    <i name="e_wo_entrp">     -5.63150314 </i>
    <i name="e_0_energy">     -5.63521400 </i>
   </energy>
  </scstep>
  <scstep>
   <time name="dav">    0.34    0.34</time>
   <time name="total">    0.51    0.51</time>
   <energy>
    <i name="e_fr_energy">     -4.37535620 </i>
    <i name="e_wo_entrp">     -4.36789879 </i>
    <i name="e_0_energy">     -4.37162749 </i>
   </energy>
  </scstep>
  <scstep>
   <time name="dav">    0.31    0.31</time>
   <time name="total">    0.48    0.49</time>
   <energy>
    <i name="e_fr_energy">     -2.95551449 </i>
    <i name="e_wo_entrp">     -2.94802413 </i>
    <i name="e_0_energy">     -2.95176931 </i>
   </energy>
  </scstep>
  <scstep>
   <time name="dav">    0.31    0.32</time>
   <time name="total">    0.48    0.49</time>
   <energy>
    <i name="e_fr_energy">     -3.14732829 </i>
    <i name="e_wo_entrp">     -3.13984428 </i>
    <i name="e_0_energy">     -3.14358628 </i>
   </energy>
  </scstep>
  <scstep>
   <time name="dav">    0.42    0.42</time>
   <time name="total">    0.59    0.60</time>
   <energy>
    <i name="e_fr_energy">     -3.46536289 </i>
    <i name="e_wo_entrp">     -3.43013399 </i>
    <i name="e_0_energy">     -3.44774844 </i>
   </energy>
  </scstep>
  <scstep>
   <time name="dav">    0.31    0.31</time>
   <time name="total">    0.48    0.49</time>
   <energy>
    <i name="e_fr_energy">     -3.46127826 </i>
    <i name="e_wo_entrp">     -3.45380507 </i>
    <i name="e_0_energy">     -3.45754167 </i>
   </energy>
  </scstep>
  <scstep>
   <time name="dav">    0.31    0.31</time>
   <time name="total">    0.48    0.49</time>
   <energy>
    <i name="e_fr_energy">     -1.97989292 </i>
    <i name="e_wo_entrp">     -1.90887990 </i>
    <i name="e_0_energy">     -1.94438641 </i>
   </energy>
  </scstep>
  <scstep>
   <time name="dav">    0.33    0.33</time>
   <time name="total">    0.50    0.51</time>
   <energy>
    <i name="e_fr_energy">     -2.23806801 </i>
    <i name="e_wo_entrp">     -2.18295583 </i>
    <i name="e_0_energy">     -2.21051192 </i>
   </energy>
  </scstep>
  <scstep>
   <time name="dav">    0.42    0.43</time>
   <time name="total">    0.60    0.61</time>
   <energy>
    <i name="e_fr_energy">     -2.26609365 </i>
    <i name="e_wo_entrp">     -2.26133984 </i>
    <i name="e_0_energy">     -2.26371674 </i>
   </energy>
  </scstep>
  <scstep>
   <time name="dav">    0.40    0.40</time>
   <time name="total">    0.58    0.58</time>
   <energy>
    <i name="e_fr_energy">     -2.03227025 </i>
    <i name="e_wo_entrp">     -2.01915600 </i>
    <i name="e_0_energy">     -2.02571312 </i>
   </energy>
  </scstep>
  <scstep>
   <time name="dav">    0.45    0.45</time>
   <time name="total">    0.62    0.63</time>
   <energy>
    <i name="e_fr_energy">     -1.98943021 </i>
    <i name="e_wo_entrp">     -1.94367170 </i>
    <i name="e_0_energy">     -1.96655096 </i>
   </energy>
  </scstep>
  <scstep>
   <time name="dav">    0.39    0.39</time>
   <time name="total">    0.56    0.56</time>
   <energy>
    <i name="e_fr_energy">     -3.35061224 </i>
    <i name="e_wo_entrp">     -3.35061223 </i>
    <i name="e_0_energy">     -3.35061223 </i>
   </energy>
  </scstep>
  <scstep>
   <time name="dav">    0.35    0.35</time>
   <time name="total">    0.52    0.53</time>
   <energy>
    <i name="e_fr_energy">     -1.97779718 </i>
    <i name="e_wo_entrp">     -1.90780083 </i>
    <i name="e_0_energy">     -1.94279900 </i>
   </energy>
  </scstep>
  <scstep>
   <time name="dav">    0.37    0.37</time>
   <time name="total">    0.55    0.55</time>
   <energy>
    <i name="e_fr_energy">     -2.14599764 </i>
    <i name="e_wo_entrp">     -2.09055500 </i>
    <i name="e_0_energy">     -2.11827632 </i>
   </energy>
  </scstep>
  <scstep>
   <time name="dav">    0.40    0.40</time>
   <time name="total">    0.57    0.58</time>
   <energy>
    <i name="e_fr_energy">     -2.35359183 </i>
    <i name="e_wo_entrp">     -2.34664516 </i>
    <i name="e_0_energy">     -2.35011849 </i>
   </energy>
  </scstep>
  <scstep>
   <time name="dav">    0.37    0.37</time>
   <time name="total">    0.55    0.55</time>
   <energy>
    <i name="e_fr_energy">     -2.15695347 </i>
    <i name="e_wo_entrp">     -2.14864395 </i>
    <i name="e_0_energy">     -2.15279871 </i>
   </energy>
  </scstep>
  <scstep>
   <time name="dav">    0.40    0.40</time>
   <time name="total">    0.58    0.58</time>
   <energy>
    <i name="e_fr_energy">     -1.92159968 </i>
    <i name="e_wo_entrp">     -1.86339411 </i>
    <i name="e_0_energy">     -1.89249690 </i>
   </energy>
  </scstep>
  <scstep>
   <time name="dav">    0.39    0.40</time>
   <time name="total">    0.57    0.58</time>
   <energy>
    <i name="e_fr_energy">     -2.08901673 </i>
    <i name="e_wo_entrp">     -2.08066852 </i>
    <i name="e_0_energy">     -2.08484263 </i>
   </energy>
  </scstep>
  <scstep>
   <time name="dav">    0.41    0.41</time>
   <time name="total">    0.59    0.59</time>
   <energy>
    <i name="e_fr_energy">     -1.96664390 </i>
    <i name="e_wo_entrp">     -1.91031589 </i>
    <i name="e_0_energy">     -1.93847989 </i>
   </energy>
  </scstep>
  <scstep>
   <time name="dav">    0.43    0.43</time>
   <time name="total">    0.61    0.61</time>
   <energy>
    <i name="e_fr_energy">     -1.99541899 </i>
    <i name="e_wo_entrp">     -1.96562652 </i>
    <i name="e_0_energy">     -1.98052275 </i>
   </energy>
  </scstep>
  <scstep>
   <time name="dav">    0.40    0.40</time>
   <time name="total">    0.58    0.58</time>
   <energy>
    <i name="e_fr_energy">     -1.93791699 </i>
    <i name="e_wo_entrp">     -1.85935263 </i>
    <i name="e_0_energy">     -1.89863481 </i>
   </energy>
  </scstep>
  <scstep>
   <time name="dav">    0.41    0.41</time>
   <time name="total">    0.59    0.59</time>
   <energy>
    <i name="e_fr_energy">     -1.94955191 </i>
    <i name="e_wo_entrp">     -1.87290674 </i>
    <i name="e_0_energy">     -1.91122932 </i>
   </energy>
  </scstep>
  <scstep>
   <time name="dav">    0.33    0.33</time>
   <time name="total">    0.51    0.51</time>
   <energy>
    <i name="e_fr_energy">     -1.94292755 </i>
    <i name="e_wo_entrp">     -1.86976384 </i>
    <i name="e_0_energy">     -1.90634570 </i>
   </energy>
  </scstep>
  <scstep>
   <time name="dav">    0.40    0.40</time>
   <time name="total">    0.58    0.58</time>
   <energy>
    <i name="e_fr_energy">     -1.99569226 </i>
    <i name="e_wo_entrp">     -1.95990543 </i>
    <i name="e_0_energy">     -1.97779884 </i>
   </energy>
  </scstep>
  <scstep>
   <time name="dav">    0.42    0.42</time>
   <time name="total">    0.60    0.60</time>
   <energy>
    <i name="e_fr_energy">     -1.88112252 </i>
    <i name="e_wo_entrp">     -1.80029830 </i>
    <i name="e_0_energy">     -1.84071041 </i>
   </energy>
  </scstep>
  <scstep>
   <time name="dav">    0.37    0.37</time>
   <time name="total">    0.54    0.55</time>
   <energy>
    <i name="e_fr_energy">     -1.89320593 </i>
    <i name="e_wo_entrp">     -1.83047377 </i>
    <i name="e_0_energy">     -1.86183985 </i>
   </energy>
  </scstep>
  <scstep>
   <time name="dav">    0.43    0.43</time>
   <time name="total">    0.61    0.61</time>
   <energy>
    <i name="e_fr_energy">     -2.01271734 </i>
    <i name="e_wo_entrp">     -1.94498018 </i>
    <i name="e_0_energy">     -1.97884876 </i>
   </energy>
  </scstep>
  <scstep>
   <time name="dav">    0.42    0.42</time>
   <time name="total">    0.60    0.61</time>
   <energy>
    <i name="e_fr_energy">     -2.19858053 </i>
    <i name="e_wo_entrp">     -2.19440820 </i>
    <i name="e_0_energy">     -2.19649437 </i>
   </energy>
  </scstep>
  <scstep>
   <time name="dav">    0.37    0.37</time>
   <time name="total">    0.55    0.55</time>
   <energy>
    <i name="e_fr_energy">     -1.89722589 </i>
    <i name="e_wo_entrp">     -1.85395502 </i>
    <i name="e_0_energy">     -1.87559046 </i>
   </energy>
  </scstep>
  <scstep>
   <time name="dav">    0.38    0.38</time>
   <time name="total">    0.57    0.57</time>
   <energy>
    <i name="e_fr_energy">     -1.87839222 </i>
    <i name="e_wo_entrp">     -1.80429561 </i>
    <i name="e_0_energy">     -1.84134392 </i>
   </energy>
  </scstep>
  <scstep>
   <time name="dav">    0.34    0.35</time>
   <time name="total">    0.53    0.53</time>
   <energy>
    <i name="e_fr_energy">     -1.87609297 </i>
    <i name="e_wo_entrp">     -1.80103117 </i>
    <i name="e_0_energy">     -1.83856207 </i>
   </energy>
  </scstep>
  <scstep>
   <time name="dav">    0.31    0.32</time>
   <time name="total">    0.49    0.50</time>
   <energy>
    <i name="e_fr_energy">     -1.87689090 </i>
    <i name="e_wo_entrp">     -1.80075892 </i>
    <i name="e_0_energy">     -1.83882491 </i>
   </energy>
  </scstep>
  <scstep>
   <time name="dav">    0.37    0.37</time>
   <time name="total">    0.55    0.55</time>
   <energy>
    <i name="e_fr_energy">     -1.87970540 </i>
    <i name="e_wo_entrp">     -1.81495137 </i>
    <i name="e_0_energy">     -1.84732839 </i>
   </energy>
  </scstep>
  <scstep>
   <time name="dav">    0.33    0.33</time>
   <time name="total">    0.51    0.52</time>
   <energy>
    <i name="e_fr_energy">     -1.87387536 </i>
    <i name="e_wo_entrp">     -1.79721685 </i>
    <i name="e_0_energy">     -1.83554611 </i>
   </energy>
  </scstep>
  <scstep>
   <time name="dav">    0.33    0.33</time>
   <time name="total">    0.51    0.52</time>
   <energy>
    <i name="e_fr_energy">     -1.87692181 </i>
    <i name="e_wo_entrp">     -1.81032566 </i>
    <i name="e_0_energy">     -1.84362374 </i>
   </energy>
  </scstep>
  <scstep>
   <time name="dav">    0.37    0.47</time>
   <time name="total">    0.55    0.66</time>
   <energy>
    <i name="e_fr_energy">     -1.87452084 </i>
    <i name="e_wo_entrp">     -1.79697109 </i>
    <i name="e_0_energy">     -1.83574597 </i>
   </energy>
  </scstep>
  <scstep>
   <time name="dav">    0.33    0.33</time>
   <time name="total">    0.51    0.52</time>
   <energy>
    <i name="e_fr_energy">     -1.87583969 </i>
    <i name="e_wo_entrp">     -1.80971161 </i>
    <i name="e_0_energy">     -1.84277565 </i>
   </energy>
  </scstep>
  <scstep>
   <time name="dav">    0.32    0.33</time>
   <time name="total">    0.50    0.51</time>
   <energy>
    <i name="e_fr_energy">     -1.87515315 </i>
    <i name="e_wo_entrp">     -1.79750817 </i>
    <i name="e_0_energy">     -1.83633066 </i>
   </energy>
  </scstep>
  <scstep>
   <time name="dav">    0.34    0.34</time>
   <time name="total">    0.52    0.52</time>
   <energy>
    <i name="e_fr_energy">     -1.87486729 </i>
    <i name="e_wo_entrp">     -1.80894120 </i>
    <i name="e_0_energy">     -1.84190424 </i>
   </energy>
  </scstep>
  <scstep>
   <time name="dav">    0.38    0.39</time>
   <time name="total">    0.56    0.57</time>
   <energy>
    <i name="e_fr_energy">     -1.87633642 </i>
    <i name="e_wo_entrp">     -1.79806520 </i>
    <i name="e_0_energy">     -1.83720081 </i>
   </energy>
  </scstep>
  <scstep>
   <time name="dav">    0.39    0.39</time>
   <time name="total">    0.58    0.58</time>
   <energy>
    <i name="e_fr_energy">     -1.87473591 </i>
    <i name="e_wo_entrp">     -1.80954399 </i>
    <i name="e_0_energy">     -1.84213995 </i>
   </energy>
  </scstep>
  <scstep>
   <time name="dav">    0.31    0.32</time>
   <time name="total">    0.50    0.50</time>
   <energy>
    <i name="e_fr_energy">     -1.87334932 </i>
    <i name="e_wo_entrp">     -1.80036972 </i>
    <i name="e_0_energy">     -1.83685952 </i>
   </energy>
  </scstep>
  <scstep>
   <time name="dav">    0.32    0.32</time>
   <time name="total">    0.51    0.51</time>
   <energy>
    <i name="e_fr_energy">     -1.87303423 </i>
    <i name="e_wo_entrp">     -1.80025079 </i>
    <i name="e_0_energy">     -1.83664251 </i>
   </energy>
  </scstep>
  <scstep>
   <time name="dav">    0.28    0.28</time>
   <time name="total">    0.46    0.46</time>
   <energy>
    <i name="e_fr_energy">     -1.87298172 </i>
    <i name="e_wo_entrp">     -1.80106482 </i>
    <i name="e_0_energy">     -1.83702327 </i>
   </energy>
  </scstep>
  <scstep>
   <time name="dav">    0.31    0.31</time>
   <time name="total">    0.50    0.50</time>
   <energy>
    <i name="e_fr_energy">     -1.87361061 </i>
    <i name="e_wo_entrp">     -1.79850794 </i>
    <i name="e_0_energy">     -1.83605927 </i>
   </energy>
  </scstep>
  <scstep>
   <time name="dav">    0.31    0.31</time>
   <time name="total">    0.50    0.50</time>
   <energy>
    <i name="e_fr_energy">     -1.87288453 </i>
    <i name="e_wo_entrp">     -1.79944681 </i>
    <i name="e_0_energy">     -1.83616567 </i>
   </energy>
  </scstep>
  <scstep>
   <time name="dav">    0.32    0.33</time>
   <time name="total">    0.50    0.52</time>
   <energy>
    <i name="e_fr_energy">     -1.87314423 </i>
    <i name="e_wo_entrp">     -1.80272984 </i>
    <i name="e_0_energy">     -1.83793704 </i>
   </energy>
  </scstep>
  <scstep>
   <time name="dav">    0.32    0.33</time>
   <time name="total">    0.51    0.52</time>
   <energy>
    <i name="e_fr_energy">     -1.87318311 </i>
    <i name="e_wo_entrp">     -1.80215617 </i>
    <i name="e_0_energy">     -1.83766964 </i>
   </energy>
  </scstep>
  <scstep>
   <time name="dav">    0.23    0.23</time>
   <time name="total">    0.41    0.42</time>
   <energy>
    <i name="e_fr_energy">     -1.87312123 </i>
    <i name="e_wo_entrp">     -1.80163255 </i>
    <i name="e_0_energy">     -1.83737689 </i>
   </energy>
  </scstep>
  <scstep>
   <time name="dav">    0.21    0.21</time>
   <time name="total">    0.40    0.40</time>
   <energy>
    <i name="e_fr_energy">     -1.87307115 </i>
    <i name="e_wo_entrp">     -1.80075455 </i>
    <i name="e_0_energy">     -1.83691285 </i>
   </energy>
  </scstep>
  <scstep>
   <time name="dav">    0.22    0.22</time>
   <time name="total">    0.31    0.32</time>
   <energy>
    <i name="alphaZ">      3.04596765 </i>
    <i name="ewald">   -219.46161625 </i>
    <i name="hartreedc">   -189.02186162 </i>
    <i name="XCdc">     36.57470219 </i>
    <i name="pawpsdc">    153.34037340 </i>
    <i name="pawaedc">   -156.77934388 </i>
    <i name="eentropy">     -0.07283294 </i>
    <i name="bandstr">   -107.57768109 </i>
    <i name="atom">    478.07921343 </i>
    <i name="e_fr_energy">     -1.87307913 </i>
    <i name="e_wo_entrp">     -1.80024618 </i>
    <i name="e_0_energy">     -1.83666265 </i>
   </energy>
  </scstep>
  <structure>
   <crystal>
    <varray name="basis" >
     <v>       9.62485017       0.00000000       0.00000000 </v>
     <v>       0.00000073       9.62485017       0.00000000 </v>
     <v>       0.00000033       0.00000033       4.31789553 </v>
    </varray>
    <i name="volume">    400.00008709 </i>
    <varray name="rec_basis" >
     <v>       0.10389772      -0.00000001      -0.00000001 </v>
     <v>       0.00000000       0.10389772      -0.00000001 </v>
     <v>       0.00000000       0.00000000       0.23159430 </v>
    </varray>
   </crystal>
   <varray name="positions" >
    <v>       0.50000000       0.00000000       0.50000000 </v>
    <v>       0.00000000       0.50000000       0.50000000 </v>
    <v>       0.00000000       0.00000000       0.50000000 </v>
    <v>       0.50000000       0.50000000       0.00000000 </v>
   </varray>
  </structure>
  <varray name="forces" >
   <v>       0.00000000      -0.00000000       0.00000000 </v>
   <v>      -0.00000000       0.00000000       0.00000000 </v>
   <v>       0.00000000      -0.00000000       0.00000000 </v>
   <v>       0.00000000       0.00000000       0.00000000 </v>
  </varray>
  <varray name="stress" >
   <v>      -7.70187483      -0.00000058      -0.00000077 </v>
   <v>      -0.00000058      -7.70187483      -0.00000077 </v>
   <v>      -0.00000077      -0.00000077     -10.15976074 </v>
  </varray>
  <energy>
   <i name="e_fr_energy">    747.10784752 </i>
   <i name="e_wo_entrp">    747.14426400 </i>
   <i name="e_0_energy">     -0.07283294 </i>
  </energy>
