<?xml version="1.0" encoding="ISO-8859-1"?>
<modeling>
 <generator>
  <i name="program" type="string">vasp </i>
  <i name="version" type="string">5.4.4.18Apr17-6-g9f103f2a35  </i>
  <i name="subversion" type="string">(build Nov 14 2022 07:55:26) complex            parallel </i>
  <i name="platform" type="string">LinuxIFC </i>
  <i name="date" type="string">2023 04 13 </i>
  <i name="time" type="string">16:31:49 </i>
 </generator>
 <incar>
  <i type="string" name="SYSTEM"> local optimisation</i>
  <i type="string" name="PREC">accurate</i>
  <i type="int" name="IBRION">     2</i>
  <i name="EDIFF">      0.00001000</i>
  <i type="int" name="NSW">   200</i>
  <i type="int" name="ISIF">     3</i>
  <i name="SYMPREC">      0.00010000</i>
  <i name="ENCUT">    600.00000000</i>
  <i name="POTIM">      0.10000000</i>
  <i type="int" name="ISMEAR">     0</i>
  <i name="SIGMA">      0.05000000</i>
  <i name="KSPACING">      0.50000000</i>
  <i name="PSTRESS">   3000.00000000</i>
  <i type="logical" name="LWAVE"> F  </i>
  <i type="logical" name="LCHARG"> F  </i>
  <v type="int" name="KPOINT_BSE">    -1     0     0     0</v>
 </incar>
 <structure name="primitive_cell" >
  <crystal>
   <varray name="basis" >
    <v>       4.30886970       0.00000000       0.00000000 </v>
    <v>       0.00000033       4.30886970       0.00000000 </v>
    <v>       0.00000033       0.00000033       4.30886970 </v>
   </varray>
   <i name="volume">     80.00001771 </i>
   <varray name="rec_basis" >
    <v>       0.23207942      -0.00000002      -0.00000002 </v>
    <v>       0.00000000       0.23207942      -0.00000002 </v>
    <v>       0.00000000       0.00000000       0.23207942 </v>
   </varray>
  </crystal>
  <varray name="positions" >
   <v>       0.00000000       0.00000000       0.00000000 </v>
   <v>      -0.50000000       0.00000000       0.00000000 </v>
   <v>       0.00000000      -0.50000000       0.00000000 </v>
   <v>       0.00000000       0.00000000      -0.50000000 </v>
  </varray>
 </structure>
 <varray name="primitive_index" >
  <v type="int" >        1 </v>
  <v type="int" >        2 </v>
  <v type="int" >        3 </v>
  <v type="int" >        4 </v>
 </varray>
 <kpoints>
  <generation param="Gamma">
   <v type="int" name="divisions">       3        3        3 </v>
   <v name="usershift">      0.00000000       0.00000000       0.00000000 </v>
   <v name="genvec1">      0.33333333       0.00000000       0.00000000 </v>
   <v name="genvec2">      0.00000000       0.33333333       0.00000000 </v>
   <v name="genvec3">      0.00000000       0.00000000       0.33333333 </v>
   <v name="shift">      0.00000000       0.00000000       0.00000000 </v>
  </generation>
  <varray name="kpointlist" >
   <v>       0.00000000       0.00000000       0.00000000 </v>
   <v>       0.33333333      -0.00000000       0.00000000 </v>
   <v>       0.33333333       0.33333333       0.00000000 </v>
   <v>       0.33333333       0.33333333       0.33333333 </v>
  </varray>
  <varray name="weights" >
   <v>       0.03703704 </v>
   <v>       0.22222222 </v>
   <v>       0.44444444 </v>
   <v>       0.29629630 </v>
  </varray>
 </kpoints>
 <parameters>
  <separator name="general" >
   <i type="string" name="SYSTEM">local optimisation</i>
   <i type="logical" name="LCOMPAT"> F  </i>
  </separator>
  <separator name="electronic" >
   <i type="string" name="PREC">accura</i>
   <i name="ENMAX">    600.00000000</i>
   <i name="ENAUG">    627.11200000</i>
   <i name="EDIFF">      0.00001000</i>
   <i type="int" name="IALGO">    38</i>
   <i type="int" name="IWAVPR">    11</i>
   <i type="int" name="NBANDS">    16</i>
   <i name="NELECT">     18.00000000</i>
   <i type="int" name="TURBO">     0</i>
   <i type="int" name="IRESTART">     0</i>
   <i type="int" name="NREBOOT">     0</i>
   <i type="int" name="NMIN">     0</i>
   <i name="EREF">      0.00000000</i>
   <separator name="electronic smearing" >
    <i type="int" name="ISMEAR">     0</i>
    <i name="SIGMA">      0.05000000</i>
    <i name="KSPACING">      0.50000000</i>
    <i type="logical" name="KGAMMA"> T  </i>
   </separator>
   <separator name="electronic projectors" >
    <i type="logical" name="LREAL"> F  </i>
    <v name="ROPT">      0.00000000      0.00000000</v>
    <i type="int" name="LMAXPAW">  -100</i>
    <i type="int" name="LMAXMIX">     2</i>
    <i type="logical" name="NLSPLINE"> F  </i>
   </separator>
   <separator name="electronic startup" >
    <i type="int" name="ISTART">     0</i>
    <i type="int" name="ICHARG">     2</i>
    <i type="int" name="INIWAV">     1</i>
   </separator>
   <separator name="electronic spin" >
    <i type="int" name="ISPIN">     1</i>
    <i type="logical" name="LNONCOLLINEAR"> F  </i>
    <v name="MAGMOM">      1.00000000      1.00000000      1.00000000      1.00000000</v>
    <i name="NUPDOWN">     -1.00000000</i>
    <i type="logical" name="LSORBIT"> F  </i>
    <v name="SAXIS">      0.00000000      0.00000000      1.00000000</v>
    <i type="logical" name="LSPIRAL"> F  </i>
    <v name="QSPIRAL">      0.00000000      0.00000000      0.00000000</v>
    <i type="logical" name="LZEROZ"> F  </i>
   </separator>
   <separator name="electronic exchange-correlation" >
    <i type="logical" name="LASPH"> F  </i>
    <i type="logical" name="LMETAGGA"> F  </i>
   </separator>
   <separator name="electronic convergence" >
    <i type="int" name="NELM">    60</i>
    <i type="int" name="NELMDL">     0</i>
    <i type="int" name="NELMIN">     2</i>
    <i name="ENINI">    600.00000000</i>
    <separator name="electronic convergence detail" >
     <i type="logical" name="LDIAG"> T  </i>
     <i type="logical" name="LSUBROT"> F  </i>
     <i name="WEIMIN">      0.00100000</i>
     <i name="EBREAK">      0.00000016</i>
     <i name="DEPER">      0.30000000</i>
     <i type="int" name="NRMM">     4</i>
     <i name="TIME">      0.40000000</i>
    </separator>
   </separator>
   <separator name="electronic mixer" >
    <i name="AMIX">      0.40000000</i>
    <i name="BMIX">      1.00000000</i>
    <i name="AMIN">      0.10000000</i>
    <i name="AMIX_MAG">      1.60000000</i>
    <i name="BMIX_MAG">      1.00000000</i>
    <separator name="electronic mixer details" >
     <i type="int" name="IMIX">     4</i>
     <i type="logical" name="MIXFIRST"> F  </i>
     <i type="int" name="MAXMIX">   -45</i>
     <i name="WC">    100.00000000</i>
     <i type="int" name="INIMIX">     1</i>
     <i type="int" name="MIXPRE">     1</i>
     <i type="int" name="MREMOVE">     5</i>
    </separator>
   </separator>
   <separator name="electronic dipolcorrection" >
    <i type="logical" name="LDIPOL"> F  </i>
    <i type="logical" name="LMONO"> F  </i>
    <i type="int" name="IDIPOL">     0</i>
    <i name="EPSILON">      1.00000000</i>
    <v name="DIPOL">   -100.00000000   -100.00000000   -100.00000000</v>
    <i name="EFIELD">      0.00000000</i>
   </separator>
  </separator>
  <separator name="grids" >
   <i type="int" name="NGX">    36</i>
   <i type="int" name="NGY">    36</i>
   <i type="int" name="NGZ">    36</i>
   <i type="int" name="NGXF">    72</i>
   <i type="int" name="NGYF">    72</i>
   <i type="int" name="NGZF">    72</i>
   <i type="logical" name="ADDGRID"> F  </i>
  </separator>
  <separator name="ionic" >
   <i type="int" name="NSW">   200</i>
   <i type="int" name="IBRION">     2</i>
   <i type="int" name="MDALGO">     0</i>
   <i type="int" name="ISIF">     3</i>
   <i name="PSTRESS">   3000.00000000</i>
   <i name="EDIFFG">      0.00010000</i>
   <i type="int" name="NFREE">     1</i>
   <i name="POTIM">      0.10000000</i>
   <i name="SMASS">     -3.00000000</i>
   <i name="SCALEE">      1.00000000</i>
  </separator>
  <separator name="ionic md" >
   <i name="TEBEG">      0.00010000</i>
   <i name="TEEND">      0.00010000</i>
   <i type="int" name="NBLOCK">     1</i>
   <i type="int" name="KBLOCK">   200</i>
   <i type="int" name="NPACO">   256</i>
   <i name="APACO">     16.00000000</i>
  </separator>
  <separator name="symmetry" >
   <i type="int" name="ISYM">     2</i>
   <i name="SYMPREC">      0.00010000</i>
  </separator>
  <separator name="dos" >
   <i type="int" name="LORBIT">     0</i>
   <v name="RWIGS">     -1.00000000     -1.00000000</v>
   <i type="int" name="NEDOS">   301</i>
   <i name="EMIN">     10.00000000</i>
   <i name="EMAX">    -10.00000000</i>
   <i name="EFERMI">      0.00000000</i>
  </separator>
  <separator name="writing" >
   <i type="int" name="NWRITE">     2</i>
   <i type="logical" name="LWAVE"> F  </i>
   <i type="logical" name="LDOWNSAMPLE"> F  </i>
   <i type="logical" name="LCHARG"> F  </i>
   <i type="logical" name="LPARD"> F  </i>
   <i type="logical" name="LVTOT"> F  </i>
   <i type="logical" name="LVHAR"> F  </i>
   <i type="logical" name="LELF"> F  </i>
   <i type="logical" name="LOPTICS"> F  </i>
   <v name="STM">      0.00000000      0.00000000      0.00000000      0.00000000      0.00000000      0.00000000      0.00000000</v>
  </separator>
  <separator name="performance" >
   <i type="int" name="NPAR">    16</i>
   <i type="int" name="NSIM">     4</i>
   <i type="int" name="NBLK">    -1</i>
   <i type="logical" name="LPLANE"> T  </i>
   <i type="logical" name="LSCALAPACK"> T  </i>
   <i type="logical" name="LSCAAWARE"> F  </i>
   <i type="logical" name="LSCALU"> F  </i>
   <i type="logical" name="LASYNC"> F  </i>
   <i type="logical" name="LORBITALREAL"> F  </i>
  </separator>
  <separator name="miscellaneous" >
   <i type="int" name="IDIOT">     3</i>
   <i type="int" name="ISPECIAL">     0</i>
   <i type="logical" name="LMUSIC"> F  </i>
   <v name="POMASS">     10.81100000     14.00100000</v>
   <v name="DARWINR">      0.00000000      0.00000000</v>
   <v name="DARWINV">      1.00000000      1.00000000</v>
   <i type="logical" name="LCORR"> T  </i>
  </separator>
  <i type="logical" name="GGA_COMPAT"> T  </i>
  <i type="logical" name="LBERRY"> F  </i>
  <i type="int" name="ICORELEVEL">     0</i>
  <i type="logical" name="LDAU"> F  </i>
  <i type="int" name="I_CONSTRAINED_M">     0</i>
  <separator name="electronic exchange-correlation" >
   <i type="string" name="GGA">--</i>
   <i type="int" name="VOSKOWN">     0</i>
   <i type="logical" name="LHFCALC"> F  </i>
   <i type="string" name="PRECFOCK"></i>
   <i type="logical" name="LSYMGRAD"> F  </i>
   <i type="logical" name="LHFONE"> F  </i>
   <i type="logical" name="LRHFCALC"> F  </i>
   <i type="logical" name="LTHOMAS"> F  </i>
   <i type="logical" name="LMODELHF"> F  </i>
   <i name="ENCUT4O">     -1.00000000</i>
   <i type="int" name="EXXOEP">     0</i>
   <i type="int" name="FOURORBIT">     0</i>
   <i name="AEXX">      0.00000000</i>
   <i name="HFALPHA">      0.00000000</i>
   <i name="MCALPHA">      0.00000000</i>
   <i name="ALDAX">      1.00000000</i>
   <i name="AGGAX">      1.00000000</i>
   <i name="ALDAC">      1.00000000</i>
   <i name="AGGAC">      1.00000000</i>
   <i type="int" name="NKREDX">     1</i>
   <i type="int" name="NKREDY">     1</i>
   <i type="int" name="NKREDZ">     1</i>
   <i type="logical" name="SHIFTRED"> F  </i>
   <i type="logical" name="ODDONLY"> F  </i>
   <i type="logical" name="EVENONLY"> F  </i>
   <i type="int" name="LMAXFOCK">     0</i>
   <i type="int" name="NMAXFOCKAE">     0</i>
   <i type="logical" name="LFOCKAEDFT"> F  </i>
   <i name="HFSCREEN">      0.00000000</i>
   <i name="HFSCREENC">      0.00000000</i>
   <i type="int" name="NBANDSGWLOW">     0</i>
  </separator>
  <separator name="vdW DFT" >
   <i type="logical" name="LUSE_VDW"> F  </i>
   <i name="Zab_VDW">     -0.84910000</i>
   <i name="PARAM1">      0.12340000</i>
   <i name="PARAM2">      1.00000000</i>
   <i name="PARAM3">      0.00000000</i>
  </separator>
  <separator name="model GW" >
   <i type="int" name="MODEL_GW">     0</i>
   <i name="MODEL_EPS0">     12.00000266</i>
   <i name="MODEL_ALPHA">      1.00000000</i>
  </separator>
  <separator name="linear response parameters" >
   <i type="logical" name="LEPSILON"> F  </i>
   <i type="logical" name="LRPA"> F  </i>
   <i type="logical" name="LNABLA"> F  </i>
   <i type="logical" name="LVEL"> F  </i>
   <i type="int" name="KINTER">     0</i>
   <i name="CSHIFT">      0.10000000</i>
   <i name="OMEGAMAX">     -1.00000000</i>
   <i name="DEG_THRESHOLD">      0.00200000</i>
   <i name="RTIME">     -0.10000000</i>
   <i name="WPLASMAI">      0.00000000</i>
   <v name="DFIELD">      0.00000000      0.00000000      0.00000000</v>
   <v name="WPLASMA">      0.00000000      0.00000000      0.00000000      0.00000000      0.00000000      0.00000000      0.00000000      0.00000000      0.00000000</v>
  </separator>
  <separator name="orbital magnetization" >
   <i type="logical" name="NUCIND"> F  </i>
   <v name="MAGPOS">      0.00000000      0.00000000      0.00000000</v>
   <i type="logical" name="LNICSALL"> T  </i>
   <i type="logical" name="ORBITALMAG"> F  </i>
   <i type="logical" name="LMAGBLOCH"> F  </i>
   <i type="logical" name="LCHIMAG"> F  </i>
   <i type="logical" name="LGAUGE"> T  </i>
   <i type="int" name="MAGATOM">     0</i>
   <v name="MAGDIPOL">      0.00000000      0.00000000      0.00000000</v>
   <v name="AVECCONST">      0.00000000      0.00000000      0.00000000</v>
  </separator>
  <separator name="response functions" >
   <i type="logical" name="LADDER"> F  </i>
   <i type="logical" name="LRPAFORCE"> F  </i>
   <i type="logical" name="LFXC"> F  </i>
   <i type="logical" name="LHARTREE"> T  </i>
   <i type="int" name="IBSE">     0</i>
   <v type="int" name="KPOINT">    -1     0     0     0</v>
   <i type="logical" name="LTCTE"> F  </i>
   <i type="logical" name="LTETE"> F  </i>
   <i type="logical" name="LTRIPLET"> F  </i>
   <i type="logical" name="LFXCEPS"> F  </i>
   <i type="logical" name="LFXHEG"> F  </i>
   <i type="int" name="NATURALO">     2</i>
   <i type="logical" name="L2ORDER"> F  </i>
   <i type="logical" name="LMP2LT"> F  </i>
   <i type="logical" name="LUSEW"> F  </i>
   <i name="ENCUTGW">     -2.00000000</i>
   <i name="ENCUTGWSOFT">     -2.00000000</i>
   <i name="ENCUTLF">     -1.00000000</i>
   <i type="int" name="LMAXMP2">    -1</i>
   <i name="SCISSOR">      0.00000000</i>
   <i type="int" name="NOMEGA">     0</i>
   <i type="int" name="NOMEGAR">     0</i>
   <i type="int" name="NBANDSGW">    -1</i>
   <i type="int" name="NBANDSO">    -1</i>
   <i type="int" name="NBANDSV">    -1</i>
   <i type="int" name="NELM">     1</i>
   <i type="int" name="NELMHF">     1</i>
   <i type="int" name="DIM">     3</i>
   <i type="int" name="ANTIRES">     0</i>
   <i name="OMEGAMAX">    -30.00000000</i>
   <i name="OMEGAMIN">    -30.00000000</i>
   <i name="OMEGATL">   -200.00000000</i>
   <i type="int" name="OMEGAGRID">   140</i>
   <i name="CSHIFT">     -0.10000000</i>
   <i type="logical" name="SELFENERGY"> F  </i>
   <i type="logical" name="LSPECTRAL"> F  </i>
   <i type="logical" name="LSPECTRALGW"> F  </i>
   <i type="logical" name="LSINGLES"> F  </i>
   <i type="logical" name="LFERMIGW"> F  </i>
   <i type="logical" name="ODDONLYGW"> F  </i>
   <i type="logical" name="EVENONLYGW"> F  </i>
   <i type="int" name="NKREDLFX">     1</i>
   <i type="int" name="NKREDLFY">     1</i>
   <i type="int" name="NKREDLFZ">     1</i>
   <i type="int" name="MAXMEM">  2800</i>
   <i type="int" name="TELESCOPE">     0</i>
   <i type="int" name="TAUPAR">     1</i>
   <i type="int" name="OMEGAPAR">    -1</i>
   <i name="LAMBDA">      1.00000000</i>
  </separator>
  <separator name="External order field" >
   <i name="OFIELD_KAPPA">      0.00000000</i>
   <v name="OFIELD_K">      0.00000000      0.00000000      0.00000000</v>
   <i name="OFIELD_Q6_NEAR">      0.00000000</i>
   <i name="OFIELD_Q6_FAR">      0.00000000</i>
   <i name="OFIELD_A">      0.00000000</i>
  </separator>
 </parameters>
 <atominfo>
  <atoms>       4 </atoms>
  <types>       2 </types>
  <array name="atoms" >
   <dimension dim="1">ion</dimension>
   <field type="string">element</field>
   <field type="int">atomtype</field>
   <set>
    <rc><c>B </c><c>   1</c></rc>
    <rc><c>N </c><c>   2</c></rc>
    <rc><c>N </c><c>   2</c></rc>
    <rc><c>N </c><c>   2</c></rc>
   </set>
  </array>
  <array name="atomtypes" >
   <dimension dim="1">type</dimension>
   <field type="int">atomspertype</field>
   <field type="string">element</field>
   <field>mass</field>
   <field>valence</field>
   <field type="string">pseudopotential</field>
   <set>
    <rc><c>   1</c><c>B </c><c>     10.81100000</c><c>      3.00000000</c><c> PAW_PBE B 06Sep2000                    </c></rc>
    <rc><c>   3</c><c>N </c><c>     14.00100000</c><c>      5.00000000</c><c> PAW_PBE N 08Apr2002                    </c></rc>
   </set>
  </array>
 </atominfo>
 <structure name="initialpos" >
  <crystal>
   <varray name="basis" >
    <v>       4.30886970       0.00000000       0.00000000 </v>
    <v>       0.00000033       4.30886970       0.00000000 </v>
    <v>       0.00000033       0.00000033       4.30886970 </v>
   </varray>
   <i name="volume">     80.00001771 </i>
   <varray name="rec_basis" >
    <v>       0.23207942      -0.00000002      -0.00000002 </v>
    <v>       0.00000000       0.23207942      -0.00000002 </v>
    <v>       0.00000000       0.00000000       0.23207942 </v>
   </varray>
  </crystal>
  <varray name="positions" >
   <v>       0.00000000       0.00000000       0.00000000 </v>
   <v>       0.50000000       0.00000000       0.00000000 </v>
   <v>       0.00000000       0.50000000       0.00000000 </v>
   <v>       0.00000000       0.00000000       0.50000000 </v>
  </varray>
 </structure>
 <calculation>
  <scstep>
   <time name="dav">    0.04    0.04</time>
   <time name="total">    0.06    0.08</time>
   <energy>
    <i name="alphaZ">     19.44227405 </i>
    <i name="ewald">   -558.67305205 </i>
    <i name="hartreedc">   -256.34036876 </i>
    <i name="XCdc">     62.24239747 </i>
    <i name="pawpsdc">    349.41088290 </i>
    <i name="pawaedc">   -354.25556748 </i>
    <i name="eentropy">     -0.01786948 </i>
    <i name="bandstr">    -67.05781819 </i>
    <i name="atom">    864.79522456 </i>
    <i name="e_fr_energy">     59.54610302 </i>
    <i name="e_wo_entrp">     59.56397251 </i>
    <i name="e_0_energy">     59.55503776 </i>
   </energy>
  </scstep>
  <scstep>
   <time name="dav">    0.07    0.07</time>
   <time name="total">    0.07    0.07</time>
   <energy>
    <i name="e_fr_energy">    -13.42338696 </i>
    <i name="e_wo_entrp">    -13.41071466 </i>
    <i name="e_0_energy">    -13.41705081 </i>
   </energy>
  </scstep>
  <scstep>
   <time name="dav">    0.04    0.04</time>
   <time name="total">    0.04    0.04</time>
   <energy>
    <i name="e_fr_energy">    -14.79122629 </i>
    <i name="e_wo_entrp">    -14.76989846 </i>
    <i name="e_0_energy">    -14.78056237 </i>
   </energy>
  </scstep>
  <scstep>
   <time name="dav">    0.06    0.06</time>
   <time name="total">    0.06    0.07</time>
   <energy>
    <i name="e_fr_energy">    -14.80471394 </i>
    <i name="e_wo_entrp">    -14.78365005 </i>
    <i name="e_0_energy">    -14.79418199 </i>
   </energy>
  </scstep>
  <scstep>
   <time name="dav">    0.04    0.05</time>
   <time name="total">    0.06    0.06</time>
   <energy>
    <i name="e_fr_energy">    -14.80471637 </i>
    <i name="e_wo_entrp">    -14.78365250 </i>
    <i name="e_0_energy">    -14.79418443 </i>
   </energy>
  </scstep>
  <scstep>
   <time name="dav">    0.04    0.04</time>
   <time name="total">    0.07    0.07</time>
   <energy>
    <i name="e_fr_energy">    -14.60201123 </i>
    <i name="e_wo_entrp">    -14.57997722 </i>
    <i name="e_0_energy">    -14.59099422 </i>
   </energy>
  </scstep>
  <scstep>
   <time name="dav">    0.05    0.05</time>
   <time name="total">    0.08    0.08</time>
   <energy>
    <i name="e_fr_energy">    -14.58343261 </i>
    <i name="e_wo_entrp">    -14.56159332 </i>
    <i name="e_0_energy">    -14.57251296 </i>
   </energy>
  </scstep>
  <scstep>
   <time name="dav">    0.05    0.05</time>
   <time name="total">    0.08    0.08</time>
   <energy>
    <i name="e_fr_energy">    -14.57996621 </i>
    <i name="e_wo_entrp">    -14.55825580 </i>
    <i name="e_0_energy">    -14.56911100 </i>
   </energy>
  </scstep>
  <scstep>
   <time name="dav">    0.04    0.04</time>
   <time name="total">    0.07    0.07</time>
   <energy>
    <i name="e_fr_energy">    -14.58009397 </i>
    <i name="e_wo_entrp">    -14.55849077 </i>
    <i name="e_0_energy">    -14.56929237 </i>
   </energy>
  </scstep>
  <scstep>
   <time name="dav">    0.05    0.05</time>
   <time name="total">    0.08    0.09</time>
   <energy>
    <i name="e_fr_energy">    -14.58005800 </i>
    <i name="e_wo_entrp">    -14.55846462 </i>
    <i name="e_0_energy">    -14.56926131 </i>
   </energy>
  </scstep>
  <scstep>
   <time name="dav">    0.04    0.04</time>
   <time name="total">    0.06    0.06</time>
   <energy>
    <i name="alphaZ">     19.44227405 </i>
    <i name="ewald">   -558.67305205 </i>
    <i name="hartreedc">   -255.11824223 </i>
    <i name="XCdc">     62.07224918 </i>
    <i name="pawpsdc">    354.70073540 </i>
    <i name="pawaedc">   -359.35357939 </i>
    <i name="eentropy">     -0.02160275 </i>
    <i name="bandstr">   -142.42406520 </i>
    <i name="atom">    864.79522456 </i>
    <i name="e_fr_energy">    -14.58005845 </i>
    <i name="e_wo_entrp">    -14.55845570 </i>
    <i name="e_0_energy">    -14.56925707 </i>
   </energy>
  </scstep>
  <structure>
   <crystal>
    <varray name="basis" >
     <v>       4.30886970       0.00000000       0.00000000 </v>
     <v>       0.00000033       4.30886970       0.00000000 </v>
     <v>       0.00000033       0.00000033       4.30886970 </v>
    </varray>
    <i name="volume">     80.00001771 </i>
    <varray name="rec_basis" >
     <v>       0.23207942      -0.00000002      -0.00000002 </v>
     <v>       0.00000000       0.23207942      -0.00000002 </v>
     <v>       0.00000000       0.00000000       0.23207942 </v>
    </varray>
   </crystal>
   <varray name="positions" >
    <v>       0.00000000       0.00000000       0.00000000 </v>
    <v>       0.50000000       0.00000000       0.00000000 </v>
    <v>       0.00000000       0.50000000       0.00000000 </v>
    <v>       0.00000000       0.00000000       0.50000000 </v>
   </varray>
  </structure>
  <varray name="forces" >
   <v>      -0.00000000      -0.00000000       0.00000000 </v>
   <v>      -0.00000000       0.00000000       0.00000000 </v>
   <v>       0.00000000      -0.00000000       0.00000000 </v>
   <v>      -0.00000000      -0.00000000       0.00000000 </v>
  </varray>
  <varray name="stress" >
   <v>    -248.06893957      -0.00001873      -0.00001873 </v>
   <v>      -0.00001873    -248.06893957      -0.00001873 </v>
   <v>      -0.00001873      -0.00001873    -248.06893957 </v>
  </varray>
  <energy>
   <i name="e_fr_energy">    135.21612742 </i>
   <i name="e_wo_entrp">    135.22692880 </i>
   <i name="e_0_energy">     -0.02160275 </i>
  </energy>
  <time name="totalsc">    0.88    0.94</time>
 </calculation>
 <calculation>
  <scstep>
   <time name="dav">    0.07    0.07</time>
   <time name="total">    0.10    0.12</time>
   <energy>
    <i name="alphaZ">     86.16617158 </i>
    <i name="ewald">   -917.67232754 </i>
    <i name="hartreedc">   -419.05770327 </i>
    <i name="XCdc">     99.37986553 </i>
    <i name="pawpsdc">    354.68587120 </i>
    <i name="pawaedc">   -359.33871713 </i>
    <i name="eentropy">     -0.00000000 </i>
    <i name="bandstr">    167.42557109 </i>
    <i name="atom">    864.79522456 </i>
    <i name="e_fr_energy">   -123.61604398 </i>
    <i name="e_wo_entrp">   -123.61604398 </i>
    <i name="e_0_energy">   -123.61604398 </i>
   </energy>
  </scstep>
  <scstep>
   <time name="dav">    0.04    0.04</time>
   <time name="total">    0.08    0.08</time>
   <energy>
    <i name="e_fr_energy">    -29.02756605 </i>
    <i name="e_wo_entrp">    -29.02273078 </i>
    <i name="e_0_energy">    -29.02514842 </i>
   </energy>
  </scstep>
  <scstep>
   <time name="dav">    0.04    0.04</time>
   <time name="total">    0.07    0.07</time>
   <energy>
    <i name="e_fr_energy">     -9.14485057 </i>
    <i name="e_wo_entrp">     -9.13486012 </i>
    <i name="e_0_energy">     -9.13985535 </i>
   </energy>
  </scstep>
  <scstep>
   <time name="dav">    0.05    0.05</time>
   <time name="total">    0.09    0.09</time>
   <energy>
    <i name="e_fr_energy">     -8.61479308 </i>
    <i name="e_wo_entrp">     -8.60480631 </i>
    <i name="e_0_energy">     -8.60979969 </i>
   </energy>
  </scstep>
  <scstep>
   <time name="dav">    0.05    0.05</time>
   <time name="total">    0.09    0.09</time>
   <energy>
    <i name="e_fr_energy">     -8.48306513 </i>
    <i name="e_wo_entrp">     -8.47307837 </i>
    <i name="e_0_energy">     -8.47807175 </i>
   </energy>
  </scstep>
  <scstep>
   <time name="dav">    0.07    0.07</time>
   <time name="total">    0.10    0.10</time>
   <energy>
    <i name="e_fr_energy">     -8.46822517 </i>
    <i name="e_wo_entrp">     -8.45823841 </i>
    <i name="e_0_energy">     -8.46323179 </i>
   </energy>
  </scstep>
  <scstep>
   <time name="dav">    0.04    0.04</time>
   <time name="total">    0.08    0.08</time>
   <energy>
    <i name="e_fr_energy">     -8.46759076 </i>
    <i name="e_wo_entrp">     -8.45760401 </i>
    <i name="e_0_energy">     -8.46259738 </i>
   </energy>
  </scstep>
  <scstep>
   <time name="dav">    0.04    0.04</time>
   <time name="total">    0.08    0.08</time>
   <energy>
    <i name="e_fr_energy">     -8.46752524 </i>
    <i name="e_wo_entrp">     -8.45753849 </i>
    <i name="e_0_energy">     -8.46253186 </i>
   </energy>
  </scstep>
  <scstep>
   <time name="dav">    0.05    0.05</time>
   <time name="total">    0.08    0.08</time>
   <energy>
    <i name="e_fr_energy">     -8.46750189 </i>
    <i name="e_wo_entrp">     -8.45751514 </i>
    <i name="e_0_energy">     -8.46250852 </i>
   </energy>
  </scstep>
  <scstep>
   <time name="dav">    0.04    0.04</time>
   <time name="total">    0.06    0.06</time>
   <energy>
    <i name="alphaZ">     86.16617158 </i>
    <i name="ewald">   -917.67232754 </i>
    <i name="hartreedc">   -143.11105871 </i>
    <i name="XCdc">     77.40675309 </i>
    <i name="pawpsdc">    625.25266390 </i>
    <i name="pawaedc">   -631.20968372 </i>
    <i name="eentropy">     -0.00998675 </i>
    <i name="bandstr">     29.91474228 </i>
    <i name="atom">    864.79522456 </i>
    <i name="e_fr_energy">     -8.46750132 </i>
    <i name="e_wo_entrp">     -8.45751456 </i>
    <i name="e_0_energy">     -8.46250794 </i>
   </energy>
  </scstep>
  <structure>
   <crystal>
    <varray name="basis" >
     <v>       2.62321235      -0.00000001      -0.00000001 </v>
     <v>       0.00000019       2.62321235      -0.00000001 </v>
     <v>       0.00000019       0.00000019       2.62321235 </v>
    </varray>
    <i name="volume">     18.05096176 </i>
    <varray name="rec_basis" >
     <v>       0.38121199      -0.00000003      -0.00000003 </v>
     <v>       0.00000000       0.38121199      -0.00000003 </v>
     <v>       0.00000000       0.00000000       0.38121199 </v>
    </varray>
   </crystal>
   <varray name="positions" >
    <v>      -0.00000000      -0.00000000       0.00000000 </v>
    <v>       0.50000000       0.00000000       0.00000000 </v>
    <v>       0.00000000       0.50000000       0.00000000 </v>
    <v>      -0.00000000      -0.00000000       0.50000000 </v>
   </varray>
  </structure>
  <varray name="forces" >
   <v>       0.00000000       0.00000000      -0.00000000 </v>
   <v>       0.00000000       0.00000000      -0.00000000 </v>
   <v>      -0.00000000       0.00000000      -0.00000000 </v>
   <v>      -0.00000000      -0.00000000       0.00000000 </v>
  </varray>
  <varray name="stress" >
   <v>    4298.50820260       0.00029267       0.00029267 </v>
   <v>       0.00029267    4298.50820260       0.00029267 </v>
   <v>       0.00029267       0.00029267    4298.50820260 </v>
  </varray>
  <energy>
   <i name="e_fr_energy">     25.33205648 </i>
   <i name="e_wo_entrp">     25.33704986 </i>
   <i name="e_0_energy">     -0.00998675 </i>
  </energy>
  <time name="totalsc">    1.01    1.08</time>
 </calculation>
 <calculation>
  <scstep>
   <time name="dav">    0.04    0.04</time>
   <time name="total">    0.07    0.08</time>
   <energy>
    <i name="alphaZ">     78.29952067 </i>
    <i name="ewald">   -888.84985195 </i>
    <i name="hartreedc">   -138.61968166 </i>
    <i name="XCdc">     75.09096406 </i>
    <i name="pawpsdc">    625.26009408 </i>
    <i name="pawaedc">   -631.21714676 </i>
    <i name="eentropy">     -0.00998675 </i>
    <i name="bandstr">      2.39829879 </i>
    <i name="atom">    864.79522456 </i>
    <i name="e_fr_energy">    -12.85256496 </i>
    <i name="e_wo_entrp">    -12.84257821 </i>
    <i name="e_0_energy">    -12.84757159 </i>
   </energy>
  </scstep>
  <scstep>
   <time name="dav">    0.04    0.04</time>
   <time name="total">    0.08    0.08</time>
   <energy>
    <i name="e_fr_energy">    -12.65496729 </i>
    <i name="e_wo_entrp">    -12.64498054 </i>
    <i name="e_0_energy">    -12.64997391 </i>
   </energy>
  </scstep>
  <scstep>
   <time name="dav">    0.04    0.04</time>
   <time name="total">    0.07    0.07</time>
   <energy>
    <i name="e_fr_energy">    -12.60388088 </i>
    <i name="e_wo_entrp">    -12.59389412 </i>
    <i name="e_0_energy">    -12.59888750 </i>
   </energy>
  </scstep>
  <scstep>
   <time name="dav">    0.04    0.04</time>
   <time name="total">    0.08    0.08</time>
   <energy>
    <i name="e_fr_energy">    -12.60334844 </i>
    <i name="e_wo_entrp">    -12.59336169 </i>
    <i name="e_0_energy">    -12.59835506 </i>
   </energy>
  </scstep>
  <scstep>
   <time name="dav">    0.05    0.05</time>
   <time name="total">    0.08    0.08</time>
   <energy>
    <i name="e_fr_energy">    -12.60322574 </i>
    <i name="e_wo_entrp">    -12.59323898 </i>
    <i name="e_0_energy">    -12.59823236 </i>
   </energy>
  </scstep>
  <scstep>
   <time name="dav">    0.04    0.04</time>
   <time name="total">    0.06    0.06</time>
   <energy>
    <i name="alphaZ">     78.29952067 </i>
    <i name="ewald">   -888.84985195 </i>
    <i name="hartreedc">   -148.29965507 </i>
    <i name="XCdc">     75.85221997 </i>
    <i name="pawpsdc">    581.09996918 </i>
    <i name="pawaedc">   -586.88249272 </i>
    <i name="eentropy">     -0.00998675 </i>
    <i name="bandstr">     11.39183144 </i>
    <i name="atom">    864.79522456 </i>
    <i name="e_fr_energy">    -12.60322068 </i>
    <i name="e_wo_entrp">    -12.59323393 </i>
    <i name="e_0_energy">    -12.59822730 </i>
   </energy>
  </scstep>
  <structure>
   <crystal>
    <varray name="basis" >
     <v>       2.70827450      -0.00000001      -0.00000001 </v>
     <v>       0.00000020       2.70827450      -0.00000001 </v>
     <v>       0.00000020       0.00000020       2.70827450 </v>
    </varray>
    <i name="volume">     19.86451839 </i>
    <varray name="rec_basis" >
     <v>       0.36923879      -0.00000003      -0.00000003 </v>
     <v>       0.00000000       0.36923879      -0.00000003 </v>
     <v>       0.00000000       0.00000000       0.36923879 </v>
    </varray>
   </crystal>
   <varray name="positions" >
    <v>      -0.00000000      -0.00000000       0.00000000 </v>
    <v>       0.50000000       0.00000000      -0.00000000 </v>
    <v>       0.00000000       0.50000000      -0.00000000 </v>
    <v>      -0.00000000      -0.00000000       0.50000000 </v>
   </varray>
  </structure>
  <varray name="forces" >
   <v>      -0.00000000       0.00000000      -0.00000000 </v>
   <v>      -0.00000000       0.00000000      -0.00000000 </v>
   <v>       0.00000000       0.00000000      -0.00000000 </v>
   <v>      -0.00000000      -0.00000000       0.00000000 </v>
  </varray>
  <varray name="stress" >
   <v>    3079.35515033       0.00021150       0.00021150 </v>
   <v>       0.00021150    3079.35515033       0.00021150 </v>
   <v>       0.00021150       0.00021150    3079.35515033 </v>
  </varray>
  <energy>
   <i name="e_fr_energy">     24.59213469 </i>
   <i name="e_wo_entrp">     24.59712807 </i>
   <i name="e_0_energy">     -0.00998675 </i>
  </energy>
  <time name="totalsc">    0.61    0.68</time>
 </calculation>
 <calculation>
  <scstep>
   <time name="dav">    0.04    0.04</time>
   <time name="total">    0.07    0.08</time>
   <energy>
    <i name="alphaZ">     77.46834602 </i>
    <i name="ewald">   -885.69351437 </i>
    <i name="hartreedc">   -147.76693555 </i>
    <i name="XCdc">     75.59543672 </i>
    <i name="pawpsdc">    581.14374753 </i>
    <i name="pawaedc">   -586.92685013 </i>
    <i name="eentropy">     -0.00998675 </i>
    <i name="bandstr">      8.38624368 </i>
    <i name="atom">    864.79522456 </i>
    <i name="e_fr_energy">    -13.00828830 </i>
    <i name="e_wo_entrp">    -12.99830154 </i>
    <i name="e_0_energy">    -13.00329492 </i>
   </energy>
  </scstep>
  <scstep>
   <time name="dav">    0.04    0.04</time>
   <time name="total">    0.08    0.08</time>
   <energy>
    <i name="e_fr_energy">    -13.00570018 </i>
    <i name="e_wo_entrp">    -12.99571343 </i>
    <i name="e_0_energy">    -13.00070680 </i>
   </energy>
  </scstep>
  <scstep>
   <time name="dav">    0.04    0.04</time>
   <time name="total">    0.07    0.07</time>
   <energy>
    <i name="e_fr_energy">    -13.00503656 </i>
    <i name="e_wo_entrp">    -12.99504981 </i>
    <i name="e_0_energy">    -13.00004318 </i>
   </energy>
  </scstep>
  <scstep>
   <time name="dav">    0.04    0.04</time>
   <time name="total">    0.06    0.06</time>
   <energy>
    <i name="alphaZ">     77.46834602 </i>
    <i name="ewald">   -885.69351437 </i>
    <i name="hartreedc">   -148.86801512 </i>
    <i name="XCdc">     75.68192194 </i>
    <i name="pawpsdc">    576.65765793 </i>
    <i name="pawaedc">   -582.42326815 </i>
    <i name="eentropy">     -0.00998675 </i>
    <i name="bandstr">      9.38660616 </i>
    <i name="atom">    864.79522456 </i>
    <i name="e_fr_energy">    -13.00502779 </i>
    <i name="e_wo_entrp">    -12.99504104 </i>
    <i name="e_0_energy">    -13.00003442 </i>
   </energy>
  </scstep>
  <structure>
   <crystal>
    <varray name="basis" >
     <v>       2.71792595      -0.00000001      -0.00000001 </v>
     <v>       0.00000020       2.71792595      -0.00000001 </v>
     <v>       0.00000020       0.00000020       2.71792595 </v>
    </varray>
    <i name="volume">     20.07764910 </i>
    <varray name="rec_basis" >
     <v>       0.36792761      -0.00000003      -0.00000003 </v>
     <v>       0.00000000       0.36792761      -0.00000003 </v>
     <v>       0.00000000       0.00000000       0.36792761 </v>
    </varray>
   </crystal>
   <varray name="positions" >
    <v>      -0.00000000      -0.00000000       0.00000000 </v>
    <v>       0.50000000       0.00000000      -0.00000000 </v>
    <v>       0.00000000       0.50000000      -0.00000000 </v>
    <v>      -0.00000000      -0.00000000       0.50000000 </v>
   </varray>
  </structure>
  <varray name="forces" >
   <v>      -0.00000000      -0.00000000       0.00000000 </v>
   <v>      -0.00000000      -0.00000000       0.00000000 </v>
   <v>       0.00000000      -0.00000000       0.00000000 </v>
   <v>       0.00000000       0.00000000       0.00000000 </v>
  </varray>
  <varray name="stress" >
   <v>    2963.51013761       0.00020373       0.00020373 </v>
   <v>       0.00020373    2963.51013761       0.00020373 </v>
   <v>       0.00020373       0.00020373    2963.51013761 </v>
  </varray>
  <energy>
   <i name="e_fr_energy">     24.58940460 </i>
   <i name="e_wo_entrp">     24.59439798 </i>
   <i name="e_0_energy">     -0.00998675 </i>
  </energy>
  <time name="totalsc">    0.45    0.58</time>
 </calculation>
 <calculation>
  <scstep>
   <time name="dav">    0.04    0.04</time>
   <time name="total">    0.07    0.09</time>
   <energy>
    <i name="alphaZ">     77.73079472 </i>
    <i name="ewald">   -886.69257664 </i>
    <i name="hartreedc">   -149.05599642 </i>
    <i name="XCdc">     75.76486322 </i>
    <i name="pawpsdc">    576.63044013 </i>
    <i name="pawaedc">   -582.39604868 </i>
    <i name="eentropy">     -0.00998675 </i>
    <i name="bandstr">     10.35405284 </i>
    <i name="atom">    864.79522456 </i>
    <i name="e_fr_energy">    -12.87923303 </i>
    <i name="e_wo_entrp">    -12.86924627 </i>
    <i name="e_0_energy">    -12.87423965 </i>
   </energy>
  </scstep>
  <scstep>
   <time name="dav">    0.04    0.04</time>
   <time name="total">    0.07    0.08</time>
   <energy>
    <i name="e_fr_energy">    -12.87897883 </i>
    <i name="e_wo_entrp">    -12.86899207 </i>
    <i name="e_0_energy">    -12.87398545 </i>
   </energy>
  </scstep>
  <scstep>
   <time name="dav">    0.04    0.04</time>
   <time name="total">    0.07    0.07</time>
   <energy>
    <i name="e_fr_energy">    -12.87891674 </i>
    <i name="e_wo_entrp">    -12.86892998 </i>
    <i name="e_0_energy">    -12.87392336 </i>
   </energy>
  </scstep>
  <scstep>
   <time name="dav">    0.04    0.04</time>
   <time name="total">    0.06    0.06</time>
   <energy>
    <i name="alphaZ">     77.73079472 </i>
    <i name="ewald">   -886.69257664 </i>
    <i name="hartreedc">   -148.70790283 </i>
    <i name="XCdc">     75.73750625 </i>
    <i name="pawpsdc">    577.92093744 </i>
    <i name="pawaedc">   -583.69185228 </i>
    <i name="eentropy">     -0.00998675 </i>
    <i name="bandstr">     10.03893863 </i>
    <i name="atom">    864.79522456 </i>
    <i name="e_fr_energy">    -12.87891691 </i>
    <i name="e_wo_entrp">    -12.86893016 </i>
    <i name="e_0_energy">    -12.87392353 </i>
   </energy>
  </scstep>
  <structure>
   <crystal>
    <varray name="basis" >
     <v>       2.71486358      -0.00000001      -0.00000001 </v>
     <v>       0.00000020       2.71486358      -0.00000001 </v>
     <v>       0.00000020       0.00000020       2.71486358 </v>
    </varray>
    <i name="volume">     20.00985933 </i>
    <varray name="rec_basis" >
     <v>       0.36834263      -0.00000003      -0.00000003 </v>
     <v>       0.00000000       0.36834263      -0.00000003 </v>
     <v>       0.00000000       0.00000000       0.36834263 </v>
    </varray>
   </crystal>
   <varray name="positions" >
    <v>      -0.00000000      -0.00000000       0.00000000 </v>
    <v>       0.50000000       0.00000000      -0.00000000 </v>
    <v>       0.00000000       0.50000000      -0.00000000 </v>
    <v>      -0.00000000      -0.00000000       0.50000000 </v>
   </varray>
  </structure>
  <varray name="forces" >
   <v>      -0.00000000      -0.00000000      -0.00000000 </v>
   <v>      -0.00000000       0.00000000      -0.00000000 </v>
   <v>       0.00000000      -0.00000000       0.00000000 </v>
   <v>      -0.00000000       0.00000000       0.00000000 </v>
  </varray>
  <varray name="stress" >
   <v>    2998.83685427       0.00020610       0.00020610 </v>
   <v>       0.00020610    2998.83685427       0.00020610 </v>
   <v>       0.00020610       0.00020610    2998.83685427 </v>
  </varray>
  <energy>
   <i name="e_fr_energy">     24.58858239 </i>
   <i name="e_wo_entrp">     24.59357577 </i>
   <i name="e_0_energy">     -0.00998675 </i>
  </energy>
  <time name="totalsc">    0.44    0.50</time>
  <eigenvalues>
   <array>
    <dimension dim="1">band</dimension>
    <dimension dim="2">kpoint</dimension>
    <dimension dim="3">spin</dimension>
    <field>eigene</field>
    <field>occ</field>
    <set>
     <set comment="spin 1">
      <set comment="kpoint 1">
       <r>  -15.2723    1.0000 </r>
       <r>   -2.5188    1.0000 </r>
       <r>   -2.5188    1.0000 </r>
       <r>   -2.5188    1.0000 </r>
       <r>   -0.1585    1.0000 </r>
       <r>   -0.1585    1.0000 </r>
       <r>   11.3760    0.0000 </r>
       <r>   11.3760    0.0000 </r>
       <r>   11.3760    0.0000 </r>
       <r>   12.6329    0.0000 </r>
       <r>   12.6329    0.0000 </r>
       <r>   12.6329    0.0000 </r>
       <r>   16.1005    0.0000 </r>
       <r>   29.9807    0.0000 </r>
       <r>   31.0068    0.0000 </r>
       <r>   31.0068    0.0000 </r>
      </set>
      <set comment="kpoint 2">
       <r>  -13.8292    1.0000 </r>
       <r>   -8.3251    1.0000 </r>
       <r>   -1.5517    1.0000 </r>
       <r>   -1.5517    1.0000 </r>
       <r>    0.4286    1.0000 </r>
       <r>    5.8431    1.0000 </r>
       <r>    8.6516    1.0000 </r>
       <r>    8.6516    1.0000 </r>
       <r>    9.4949    1.0000 </r>
       <r>   10.8381    0.0000 </r>
       <r>   12.3090    0.0000 </r>
       <r>   12.3090    0.0000 </r>
       <r>   19.5471    0.0000 </r>
       <r>   28.6101    0.0000 </r>
       <r>   32.9956    0.0000 </r>
       <r>   33.9136    0.0000 </r>
      </set>
      <set comment="kpoint 3">
       <r>  -12.3951    1.0000 </r>
       <r>   -7.7867    1.0000 </r>
       <r>   -6.6494    1.0000 </r>
       <r>   -0.5323    1.0000 </r>
       <r>    2.6196    1.0000 </r>
       <r>    3.9388    1.0000 </r>
       <r>    8.8031    1.0000 </r>
       <r>    9.0375    1.0000 </r>
       <r>    9.3044    1.0000 </r>
       <r>   10.5315    0.2500 </r>
       <r>   10.8687    0.0000 </r>
       <r>   14.7284    0.0000 </r>
       <r>   21.8642    0.0000 </r>
       <r>   27.8254    0.0000 </r>
       <r>   28.5114    0.0000 </r>
       <r>   30.5510    0.0000 </r>
      </set>
      <set comment="kpoint 4">
       <r>  -10.9849    1.0000 </r>
       <r>   -6.8049    1.0000 </r>
       <r>   -6.8049    1.0000 </r>
       <r>   -4.2810    1.0000 </r>
       <r>    3.1102    1.0000 </r>
       <r>    3.1102    1.0000 </r>
       <r>    3.5801    1.0000 </r>
       <r>    9.7955    1.0000 </r>
       <r>    9.7955    1.0000 </r>
       <r>   14.7253    0.0000 </r>
       <r>   14.9016    0.0000 </r>
       <r>   14.9016    0.0000 </r>
       <r>   20.2380    0.0000 </r>
       <r>   25.2314    0.0000 </r>
       <r>   30.3694    0.0000 </r>
       <r>   30.3694    0.0000 </r>
      </set>
     </set>
    </set>
   </array>
  </eigenvalues>
  <separator name="orbital magnetization" >
   <v name="MAGDIPOLOUT">      0.00000000      0.00000000      0.00000000</v>
  </separator>
  <dos>
   <i name="efermi">     10.50769556 </i>
   <total>
    <array>
     <dimension dim="1">gridpoints</dimension>
     <dimension dim="2">spin</dimension>
     <field>energy</field>
     <field>total</field>
     <field>integrated</field>
     <set>
      <set comment="spin 1">
       <r>   -17.7316     0.0000     0.0000 </r>
       <r>   -17.5513     0.0000     0.0000 </r>
       <r>   -17.3709     0.0000     0.0000 </r>
       <r>   -17.1906     0.0000     0.0000 </r>
       <r>   -17.0102     0.0000     0.0000 </r>
       <r>   -16.8299     0.0000     0.0000 </r>
       <r>   -16.6495     0.0000     0.0000 </r>
       <r>   -16.4692     0.0000     0.0000 </r>
       <r>   -16.2888     0.0000     0.0000 </r>
       <r>   -16.1085     0.0000     0.0000 </r>
       <r>   -15.9281     0.0000     0.0000 </r>
       <r>   -15.7478     0.0000     0.0000 </r>
       <r>   -15.5674     0.0000     0.0000 </r>
       <r>   -15.3871     0.0002     0.0000 </r>
       <r>   -15.2067     0.3974     0.0717 </r>
       <r>   -15.0264     0.0131     0.0741 </r>
       <r>   -14.8460     0.0000     0.0741 </r>
       <r>   -14.6657     0.0000     0.0741 </r>
       <r>   -14.4853     0.0000     0.0741 </r>
       <r>   -14.3050     0.0000     0.0741 </r>
       <r>   -14.1247     0.0000     0.0741 </r>
       <r>   -13.9443     0.0014     0.0743 </r>
       <r>   -13.7640     2.3830     0.5041 </r>
       <r>   -13.5836     0.0800     0.5185 </r>
       <r>   -13.4033     0.0000     0.5185 </r>
       <r>   -13.2229     0.0000     0.5185 </r>
       <r>   -13.0426     0.0000     0.5185 </r>
       <r>   -12.8622     0.0000     0.5185 </r>
       <r>   -12.6819     0.0000     0.5185 </r>
       <r>   -12.5015     0.0064     0.5197 </r>
       <r>   -12.3212     4.8321     1.3911 </r>
       <r>   -12.1408     0.0902     1.4074 </r>
       <r>   -11.9605     0.0000     1.4074 </r>
       <r>   -11.7801     0.0000     1.4074 </r>
       <r>   -11.5998     0.0000     1.4074 </r>
       <r>   -11.4194     0.0000     1.4074 </r>
       <r>   -11.2391     0.0000     1.4074 </r>
       <r>   -11.0587     0.0606     1.4183 </r>
       <r>   -10.8784     3.2210     1.9992 </r>
       <r>   -10.6980     0.0042     2.0000 </r>
       <r>   -10.5177     0.0000     2.0000 </r>
       <r>   -10.3373     0.0000     2.0000 </r>
       <r>   -10.1570     0.0000     2.0000 </r>
       <r>    -9.9766     0.0000     2.0000 </r>
       <r>    -9.7963     0.0000     2.0000 </r>
       <r>    -9.6159     0.0000     2.0000 </r>
       <r>    -9.4356     0.0000     2.0000 </r>
       <r>    -9.2552     0.0000     2.0000 </r>
       <r>    -9.0749     0.0000     2.0000 </r>
       <r>    -8.8945     0.0000     2.0000 </r>
       <r>    -8.7142     0.0000     2.0000 </r>
       <r>    -8.5338     0.0000     2.0000 </r>
       <r>    -8.3535     0.5193     2.0937 </r>
       <r>    -8.1732     1.9450     2.4444 </r>
       <r>    -7.9928     0.0000     2.4444 </r>
       <r>    -7.8125     1.1501     2.6519 </r>
       <r>    -7.6321     3.7786     3.3333 </r>
       <r>    -7.4518     0.0000     3.3333 </r>
       <r>    -7.2714     0.0000     3.3333 </r>
       <r>    -7.0911     0.0000     3.3333 </r>
       <r>    -6.9107     0.0091     3.3350 </r>
       <r>    -6.7304     6.5021     4.5076 </r>
       <r>    -6.5500     4.9770     5.4052 </r>
       <r>    -6.3697     0.0122     5.4074 </r>
       <r>    -6.1893     0.0000     5.4074 </r>
       <r>    -6.0090     0.0000     5.4074 </r>
       <r>    -5.8286     0.0000     5.4074 </r>
       <r>    -5.6483     0.0000     5.4074 </r>
       <r>    -5.4679     0.0000     5.4074 </r>
       <r>    -5.2876     0.0000     5.4074 </r>
       <r>    -5.1072     0.0000     5.4074 </r>
       <r>    -4.9269     0.0000     5.4074 </r>
       <r>    -4.7465     0.0000     5.4074 </r>
       <r>    -4.5662     0.0000     5.4074 </r>
       <r>    -4.3858     0.0050     5.4083 </r>
       <r>    -4.2055     3.2271     5.9903 </r>
       <r>    -4.0251     0.0538     6.0000 </r>
       <r>    -3.8448     0.0000     6.0000 </r>
       <r>    -3.6644     0.0000     6.0000 </r>
       <r>    -3.4841     0.0000     6.0000 </r>
       <r>    -3.3037     0.0000     6.0000 </r>
       <r>    -3.1234     0.0000     6.0000 </r>
       <r>    -2.9430     0.0000     6.0000 </r>
       <r>    -2.7627     0.0000     6.0000 </r>
       <r>    -2.5823     0.0446     6.0080 </r>
       <r>    -2.4020     1.1870     6.2221 </r>
       <r>    -2.2217     0.0006     6.2222 </r>
       <r>    -2.0413     0.0000     6.2222 </r>
       <r>    -1.8610     0.0000     6.2222 </r>
       <r>    -1.6806     0.0007     6.2223 </r>
       <r>    -1.5003     4.5684     7.0462 </r>
       <r>    -1.3199     0.3597     7.1111 </r>
       <r>    -1.1396     0.0000     7.1111 </r>
       <r>    -0.9592     0.0000     7.1111 </r>
       <r>    -0.7789     0.0000     7.1111 </r>
       <r>    -0.5985     0.1502     7.1382 </r>
       <r>    -0.4182     4.7754     7.9994 </r>
       <r>    -0.2378     0.0133     8.0018 </r>
       <r>    -0.0575     0.8095     8.1478 </r>
       <r>     0.1229     0.0017     8.1481 </r>
       <r>     0.3032     0.0005     8.1482 </r>
       <r>     0.4836     2.3164     8.5660 </r>
       <r>     0.6639     0.1475     8.5926 </r>
       <r>     0.8443     0.0000     8.5926 </r>
       <r>     1.0246     0.0000     8.5926 </r>
       <r>     1.2050     0.0000     8.5926 </r>
       <r>     1.3853     0.0000     8.5926 </r>
       <r>     1.5657     0.0000     8.5926 </r>
       <r>     1.7460     0.0000     8.5926 </r>
       <r>     1.9264     0.0000     8.5926 </r>
       <r>     2.1067     0.0000     8.5926 </r>
       <r>     2.2871     0.0000     8.5926 </r>
       <r>     2.4674     0.0000     8.5926 </r>
       <r>     2.6478     3.8801     9.2924 </r>
       <r>     2.8281     1.0486     9.4815 </r>
       <r>     3.0085     0.0131     9.4839 </r>
       <r>     3.1888     6.4723    10.6511 </r>
       <r>     3.3692     0.0861    10.6667 </r>
       <r>     3.5495     0.6363    10.7814 </r>
       <r>     3.7298     2.6495    11.2593 </r>
       <r>     3.9102     1.0322    11.4454 </r>
       <r>     4.0905     3.8965    12.1481 </r>
       <r>     4.2709     0.0000    12.1481 </r>
       <r>     4.4512     0.0000    12.1481 </r>
       <r>     4.6316     0.0000    12.1481 </r>
       <r>     4.8119     0.0000    12.1481 </r>
       <r>     4.9923     0.0000    12.1481 </r>
       <r>     5.1726     0.0000    12.1481 </r>
       <r>     5.3530     0.0000    12.1481 </r>
       <r>     5.5333     0.0000    12.1481 </r>
       <r>     5.7137     0.0003    12.1482 </r>
       <r>     5.8940     2.2791    12.5592 </r>
       <r>     6.0744     0.1849    12.5926 </r>
       <r>     6.2547     0.0000    12.5926 </r>
       <r>     6.4351     0.0000    12.5926 </r>
       <r>     6.6154     0.0000    12.5926 </r>
       <r>     6.7958     0.0000    12.5926 </r>
       <r>     6.9761     0.0000    12.5926 </r>
       <r>     7.1565     0.0000    12.5926 </r>
       <r>     7.3368     0.0000    12.5926 </r>
       <r>     7.5172     0.0000    12.5926 </r>
       <r>     7.6975     0.0000    12.5926 </r>
       <r>     7.8779     0.0000    12.5926 </r>
       <r>     8.0582     0.0000    12.5926 </r>
       <r>     8.2386     0.0000    12.5926 </r>
       <r>     8.4189     0.0000    12.5926 </r>
       <r>     8.5993     0.3425    12.6544 </r>
       <r>     8.7796     5.8334    13.7064 </r>
       <r>     8.9600     3.7510    14.3829 </r>
       <r>     9.1403     4.8503    15.2576 </r>
       <r>     9.3207     3.3466    15.8612 </r>
       <r>     9.5010     2.9930    16.4010 </r>
       <r>     9.6814     1.0666    16.5933 </r>
       <r>     9.8617     6.3671    17.7416 </r>
       <r>    10.0420     0.2004    17.7778 </r>
       <r>    10.2224     0.0000    17.7778 </r>
       <r>    10.4027     0.0007    17.7779 </r>
       <r>    10.5831     4.5712    18.6023 </r>
       <r>    10.7634     0.4067    18.6756 </r>
       <r>    10.9438     7.2567    19.9844 </r>
       <r>    11.1241     0.0866    20.0000 </r>
       <r>    11.3045     0.0265    20.0048 </r>
       <r>    11.4848     1.2044    20.2220 </r>
       <r>    11.6652     0.0013    20.2222 </r>
       <r>    11.8455     0.0000    20.2222 </r>
       <r>    12.0259     0.0000    20.2222 </r>
       <r>    12.2062     0.0090    20.2238 </r>
       <r>    12.3866     4.8501    21.0985 </r>
       <r>    12.5669     0.1080    21.1180 </r>
       <r>    12.7473     1.1931    21.3332 </r>
       <r>    12.9276     0.0007    21.3333 </r>
       <r>    13.1080     0.0000    21.3333 </r>
       <r>    13.2883     0.0000    21.3333 </r>
       <r>    13.4687     0.0000    21.3333 </r>
       <r>    13.6490     0.0000    21.3333 </r>
       <r>    13.8294     0.0000    21.3333 </r>
       <r>    14.0097     0.0000    21.3333 </r>
       <r>    14.1901     0.0000    21.3333 </r>
       <r>    14.3704     0.0000    21.3333 </r>
       <r>    14.5508     0.0000    21.3333 </r>
       <r>    14.7311     4.4713    22.1397 </r>
       <r>    14.9115     7.7536    23.5381 </r>
       <r>    15.0918     2.5612    24.0000 </r>
       <r>    15.2722     0.0000    24.0000 </r>
       <r>    15.4525     0.0000    24.0000 </r>
       <r>    15.6329     0.0000    24.0000 </r>
       <r>    15.8132     0.0000    24.0000 </r>
       <r>    15.9935     0.0005    24.0001 </r>
       <r>    16.1739     0.4024    24.0727 </r>
       <r>    16.3542     0.0078    24.0741 </r>
       <r>    16.5346     0.0000    24.0741 </r>
       <r>    16.7149     0.0000    24.0741 </r>
       <r>    16.8953     0.0000    24.0741 </r>
       <r>    17.0756     0.0000    24.0741 </r>
       <r>    17.2560     0.0000    24.0741 </r>
       <r>    17.4363     0.0000    24.0741 </r>
       <r>    17.6167     0.0000    24.0741 </r>
       <r>    17.7970     0.0000    24.0741 </r>
       <r>    17.9774     0.0000    24.0741 </r>
       <r>    18.1577     0.0000    24.0741 </r>
       <r>    18.3381     0.0000    24.0741 </r>
       <r>    18.5184     0.0000    24.0741 </r>
       <r>    18.6988     0.0000    24.0741 </r>
       <r>    18.8791     0.0000    24.0741 </r>
       <r>    19.0595     0.0000    24.0741 </r>
       <r>    19.2398     0.0000    24.0741 </r>
       <r>    19.4202     0.0004    24.0741 </r>
       <r>    19.6005     2.3030    24.4895 </r>
       <r>    19.7809     0.1610    24.5185 </r>
       <r>    19.9612     0.0000    24.5185 </r>
       <r>    20.1416     0.0105    24.5204 </r>
       <r>    20.3219     3.2464    25.1059 </r>
       <r>    20.5023     0.0289    25.1111 </r>
       <r>    20.6826     0.0000    25.1111 </r>
       <r>    20.8630     0.0000    25.1111 </r>
       <r>    21.0433     0.0000    25.1111 </r>
       <r>    21.2237     0.0000    25.1111 </r>
       <r>    21.4040     0.0000    25.1111 </r>
       <r>    21.5844     0.0000    25.1111 </r>
       <r>    21.7647     0.0120    25.1133 </r>
       <r>    21.9450     4.8619    25.9901 </r>
       <r>    22.1254     0.0549    26.0000 </r>
       <r>    22.3057     0.0000    26.0000 </r>
       <r>    22.4861     0.0000    26.0000 </r>
       <r>    22.6664     0.0000    26.0000 </r>
       <r>    22.8468     0.0000    26.0000 </r>
       <r>    23.0271     0.0000    26.0000 </r>
       <r>    23.2075     0.0000    26.0000 </r>
       <r>    23.3878     0.0000    26.0000 </r>
       <r>    23.5682     0.0000    26.0000 </r>
       <r>    23.7485     0.0000    26.0000 </r>
       <r>    23.9289     0.0000    26.0000 </r>
       <r>    24.1092     0.0000    26.0000 </r>
       <r>    24.2896     0.0000    26.0000 </r>
       <r>    24.4699     0.0000    26.0000 </r>
       <r>    24.6503     0.0000    26.0000 </r>
       <r>    24.8306     0.0000    26.0000 </r>
       <r>    25.0110     0.0000    26.0000 </r>
       <r>    25.1913     0.4215    26.0760 </r>
       <r>    25.3717     2.8642    26.5926 </r>
       <r>    25.5520     0.0001    26.5926 </r>
       <r>    25.7324     0.0000    26.5926 </r>
       <r>    25.9127     0.0000    26.5926 </r>
       <r>    26.0931     0.0000    26.5926 </r>
       <r>    26.2734     0.0000    26.5926 </r>
       <r>    26.4538     0.0000    26.5926 </r>
       <r>    26.6341     0.0000    26.5926 </r>
       <r>    26.8145     0.0000    26.5926 </r>
       <r>    26.9948     0.0000    26.5926 </r>
       <r>    27.1752     0.0000    26.5926 </r>
       <r>    27.3555     0.0000    26.5926 </r>
       <r>    27.5359     0.0000    26.5926 </r>
       <r>    27.7162     0.0049    26.5935 </r>
       <r>    27.8966     4.8147    27.4618 </r>
       <r>    28.0769     0.1091    27.4815 </r>
       <r>    28.2572     0.0000    27.4815 </r>
       <r>    28.4376     0.0909    27.4979 </r>
       <r>    28.6179     6.2789    28.6303 </r>
       <r>    28.7983     1.0233    28.8148 </r>
       <r>    28.9786     0.0000    28.8148 </r>
       <r>    29.1590     0.0000    28.8148 </r>
       <r>    29.3393     0.0000    28.8148 </r>
       <r>    29.5197     0.0000    28.8148 </r>
       <r>    29.7000     0.0000    28.8148 </r>
       <r>    29.8804     0.0009    28.8150 </r>
       <r>    30.0607     0.4049    28.8880 </r>
       <r>    30.2411     0.0058    28.8891 </r>
       <r>    30.4214     6.1076    29.9906 </r>
       <r>    30.6018     5.0195    30.8958 </r>
       <r>    30.7821     0.3723    30.9630 </r>
       <r>    30.9625     0.0861    30.9785 </r>
       <r>    31.1428     0.7353    31.1111 </r>
       <r>    31.3232     0.0000    31.1111 </r>
       <r>    31.5035     0.0000    31.1111 </r>
       <r>    31.6839     0.0000    31.1111 </r>
       <r>    31.8642     0.0000    31.1111 </r>
       <r>    32.0446     0.0000    31.1111 </r>
       <r>    32.2249     0.0000    31.1111 </r>
       <r>    32.4053     0.0000    31.1111 </r>
       <r>    32.5856     0.0000    31.1111 </r>
       <r>    32.7660     0.0000    31.1111 </r>
       <r>    32.9463     0.2015    31.1475 </r>
       <r>    33.1267     2.2626    31.5555 </r>
       <r>    33.3070     0.0003    31.5556 </r>
       <r>    33.4874     0.0000    31.5556 </r>
       <r>    33.6677     0.0000    31.5556 </r>
       <r>    33.8481     0.0784    31.5697 </r>
       <r>    34.0284     2.3845    31.9997 </r>
       <r>    34.2087     0.0014    32.0000 </r>
       <r>    34.3891     0.0000    32.0000 </r>
       <r>    34.5694     0.0000    32.0000 </r>
       <r>    34.7498     0.0000    32.0000 </r>
       <r>    34.9301     0.0000    32.0000 </r>
       <r>    35.1105     0.0000    32.0000 </r>
       <r>    35.2908     0.0000    32.0000 </r>
       <r>    35.4712     0.0000    32.0000 </r>
       <r>    35.6515     0.0000    32.0000 </r>
       <r>    35.8319     0.0000    32.0000 </r>
       <r>    36.0122     0.0000    32.0000 </r>
       <r>    36.1926     0.0000    32.0000 </r>
       <r>    36.3729     0.0000    32.0000 </r>
      </set>
     </set>
    </array>
   </total>
  </dos>
 </calculation>
 <structure name="finalpos" >
  <crystal>
   <varray name="basis" >
    <v>       2.71486358      -0.00000001      -0.00000001 </v>
    <v>       0.00000020       2.71486358      -0.00000001 </v>
    <v>       0.00000020       0.00000020       2.71486358 </v>
   </varray>
   <i name="volume">     20.00985933 </i>
   <varray name="rec_basis" >
    <v>       0.36834263      -0.00000003      -0.00000003 </v>
    <v>       0.00000000       0.36834263      -0.00000003 </v>
    <v>       0.00000000       0.00000000       0.36834263 </v>
   </varray>
  </crystal>
  <varray name="positions" >
   <v>      -0.00000000      -0.00000000       0.00000000 </v>
   <v>       0.50000000       0.00000000      -0.00000000 </v>
   <v>       0.00000000       0.50000000      -0.00000000 </v>
   <v>      -0.00000000      -0.00000000       0.50000000 </v>
  </varray>
 </structure>
</modeling>
