<?xml version="1.0" encoding="ISO-8859-1"?>
<modeling>
 <generator>
  <i name="program" type="string">vasp </i>
  <i name="version" type="string">5.4.4.18Apr17-6-g9f103f2a35  </i>
  <i name="subversion" type="string">(build Nov 14 2022 07:55:26) complex            parallel </i>
  <i name="platform" type="string">LinuxIFC </i>
  <i name="date" type="string">2023 04 13 </i>
  <i name="time" type="string">16:27:47 </i>
 </generator>
 <incar>
  <i type="string" name="SYSTEM"> local optimisation</i>
  <i type="string" name="PREC">accurate</i>
  <i type="int" name="IBRION">     2</i>
  <i name="EDIFF">      0.00001000</i>
  <i type="int" name="NSW">   200</i>
  <i type="int" name="ISIF">     3</i>
  <i name="SYMPREC">      0.00010000</i>
  <i name="ENCUT">    600.00000000</i>
  <i name="POTIM">      0.10000000</i>
  <i type="int" name="ISMEAR">     0</i>
  <i name="SIGMA">      0.05000000</i>
  <i name="KSPACING">      0.50000000</i>
  <i name="PSTRESS">   3000.00000000</i>
  <i type="logical" name="LWAVE"> F  </i>
  <i type="logical" name="LCHARG"> F  </i>
  <v type="int" name="KPOINT_BSE">    -1     0     0     0</v>
 </incar>
 <structure name="primitive_cell" >
  <crystal>
   <varray name="basis" >
    <v>       7.36806358       0.00000000       0.00000000 </v>
    <v>       0.00000056       7.36806358       0.00000000 </v>
    <v>       0.00000056       0.00000056       7.36806358 </v>
   </varray>
   <i name="volume">    400.00009429 </i>
   <varray name="rec_basis" >
    <v>       0.13572087      -0.00000001      -0.00000001 </v>
    <v>       0.00000000       0.13572087      -0.00000001 </v>
    <v>       0.00000000       0.00000000       0.13572087 </v>
   </varray>
  </crystal>
  <varray name="positions" >
   <v>       0.00000000       0.00000000       0.00000000 </v>
   <v>      -0.50000000      -0.50000000      -0.50000000 </v>
  </varray>
 </structure>
 <varray name="primitive_index" >
  <v type="int" >        1 </v>
  <v type="int" >        2 </v>
 </varray>
 <kpoints>
  <generation param="Gamma">
   <v type="int" name="divisions">       2        2        2 </v>
   <v name="usershift">      0.00000000       0.00000000       0.00000000 </v>
   <v name="genvec1">      0.50000000      -0.00000000      -0.00000000 </v>
   <v name="genvec2">      0.00000000       0.50000000      -0.00000000 </v>
   <v name="genvec3">      0.00000000       0.00000000       0.50000000 </v>
   <v name="shift">      0.00000000       0.00000000       0.00000000 </v>
  </generation>
  <varray name="kpointlist" >
   <v>       0.00000000       0.00000000       0.00000000 </v>
   <v>       0.50000000       0.00000000      -0.00000000 </v>
   <v>       0.50000000       0.50000000      -0.00000000 </v>
   <v>       0.50000000       0.50000000       0.50000000 </v>
  </varray>
  <varray name="weights" >
   <v>       0.12500000 </v>
   <v>       0.37500000 </v>
   <v>       0.37500000 </v>
   <v>       0.12500000 </v>
  </varray>
 </kpoints>
 <parameters>
  <separator name="general" >
   <i type="string" name="SYSTEM">local optimisation</i>
   <i type="logical" name="LCOMPAT"> F  </i>
  </separator>
  <separator name="electronic" >
   <i type="string" name="PREC">accura</i>
   <i name="ENMAX">    600.00000000</i>
   <i name="ENAUG">    627.11200000</i>
   <i name="EDIFF">      0.00001000</i>
   <i type="int" name="IALGO">    38</i>
   <i type="int" name="IWAVPR">    11</i>
   <i type="int" name="NBANDS">    16</i>
   <i name="NELECT">      8.00000000</i>
   <i type="int" name="TURBO">     0</i>
   <i type="int" name="IRESTART">     0</i>
   <i type="int" name="NREBOOT">     0</i>
   <i type="int" name="NMIN">     0</i>
   <i name="EREF">      0.00000000</i>
   <separator name="electronic smearing" >
    <i type="int" name="ISMEAR">     0</i>
    <i name="SIGMA">      0.05000000</i>
    <i name="KSPACING">      0.50000000</i>
    <i type="logical" name="KGAMMA"> T  </i>
   </separator>
   <separator name="electronic projectors" >
    <i type="logical" name="LREAL"> F  </i>
    <v name="ROPT">      0.00000000      0.00000000</v>
    <i type="int" name="LMAXPAW">  -100</i>
    <i type="int" name="LMAXMIX">     2</i>
    <i type="logical" name="NLSPLINE"> F  </i>
   </separator>
   <separator name="electronic startup" >
    <i type="int" name="ISTART">     0</i>
    <i type="int" name="ICHARG">     2</i>
    <i type="int" name="INIWAV">     1</i>
   </separator>
   <separator name="electronic spin" >
    <i type="int" name="ISPIN">     1</i>
    <i type="logical" name="LNONCOLLINEAR"> F  </i>
    <v name="MAGMOM">      1.00000000      1.00000000</v>
    <i name="NUPDOWN">     -1.00000000</i>
    <i type="logical" name="LSORBIT"> F  </i>
    <v name="SAXIS">      0.00000000      0.00000000      1.00000000</v>
    <i type="logical" name="LSPIRAL"> F  </i>
    <v name="QSPIRAL">      0.00000000      0.00000000      0.00000000</v>
    <i type="logical" name="LZEROZ"> F  </i>
   </separator>
   <separator name="electronic exchange-correlation" >
    <i type="logical" name="LASPH"> F  </i>
    <i type="logical" name="LMETAGGA"> F  </i>
   </separator>
   <separator name="electronic convergence" >
    <i type="int" name="NELM">    60</i>
    <i type="int" name="NELMDL">     0</i>
    <i type="int" name="NELMIN">     2</i>
    <i name="ENINI">    600.00000000</i>
    <separator name="electronic convergence detail" >
     <i type="logical" name="LDIAG"> T  </i>
     <i type="logical" name="LSUBROT"> F  </i>
     <i name="WEIMIN">      0.00100000</i>
     <i name="EBREAK">      0.00000016</i>
     <i name="DEPER">      0.30000000</i>
     <i type="int" name="NRMM">     4</i>
     <i name="TIME">      0.40000000</i>
    </separator>
   </separator>
   <separator name="electronic mixer" >
    <i name="AMIX">      0.40000000</i>
    <i name="BMIX">      1.00000000</i>
    <i name="AMIN">      0.10000000</i>
    <i name="AMIX_MAG">      1.60000000</i>
    <i name="BMIX_MAG">      1.00000000</i>
    <separator name="electronic mixer details" >
     <i type="int" name="IMIX">     4</i>
     <i type="logical" name="MIXFIRST"> F  </i>
     <i type="int" name="MAXMIX">   -45</i>
     <i name="WC">    100.00000000</i>
     <i type="int" name="INIMIX">     1</i>
     <i type="int" name="MIXPRE">     1</i>
     <i type="int" name="MREMOVE">     5</i>
    </separator>
   </separator>
   <separator name="electronic dipolcorrection" >
    <i type="logical" name="LDIPOL"> F  </i>
    <i type="logical" name="LMONO"> F  </i>
    <i type="int" name="IDIPOL">     0</i>
    <i name="EPSILON">      1.00000000</i>
    <v name="DIPOL">   -100.00000000   -100.00000000   -100.00000000</v>
    <i name="EFIELD">      0.00000000</i>
   </separator>
  </separator>
  <separator name="grids" >
   <i type="int" name="NGX">    60</i>
   <i type="int" name="NGY">    60</i>
   <i type="int" name="NGZ">    60</i>
   <i type="int" name="NGXF">   120</i>
   <i type="int" name="NGYF">   120</i>
   <i type="int" name="NGZF">   120</i>
   <i type="logical" name="ADDGRID"> F  </i>
  </separator>
  <separator name="ionic" >
   <i type="int" name="NSW">   200</i>
   <i type="int" name="IBRION">     2</i>
   <i type="int" name="MDALGO">     0</i>
   <i type="int" name="ISIF">     3</i>
   <i name="PSTRESS">   3000.00000000</i>
   <i name="EDIFFG">      0.00010000</i>
   <i type="int" name="NFREE">     1</i>
   <i name="POTIM">      0.10000000</i>
   <i name="SMASS">     -3.00000000</i>
   <i name="SCALEE">      1.00000000</i>
  </separator>
  <separator name="ionic md" >
   <i name="TEBEG">      0.00010000</i>
   <i name="TEEND">      0.00010000</i>
   <i type="int" name="NBLOCK">     1</i>
   <i type="int" name="KBLOCK">   200</i>
   <i type="int" name="NPACO">   256</i>
   <i name="APACO">     16.00000000</i>
  </separator>
  <separator name="symmetry" >
   <i type="int" name="ISYM">     2</i>
   <i name="SYMPREC">      0.00010000</i>
  </separator>
  <separator name="dos" >
   <i type="int" name="LORBIT">     0</i>
   <v name="RWIGS">     -1.00000000     -1.00000000</v>
   <i type="int" name="NEDOS">   301</i>
   <i name="EMIN">     10.00000000</i>
   <i name="EMAX">    -10.00000000</i>
   <i name="EFERMI">      0.00000000</i>
  </separator>
  <separator name="writing" >
   <i type="int" name="NWRITE">     2</i>
   <i type="logical" name="LWAVE"> F  </i>
   <i type="logical" name="LDOWNSAMPLE"> F  </i>
   <i type="logical" name="LCHARG"> F  </i>
   <i type="logical" name="LPARD"> F  </i>
   <i type="logical" name="LVTOT"> F  </i>
   <i type="logical" name="LVHAR"> F  </i>
   <i type="logical" name="LELF"> F  </i>
   <i type="logical" name="LOPTICS"> F  </i>
   <v name="STM">      0.00000000      0.00000000      0.00000000      0.00000000      0.00000000      0.00000000      0.00000000</v>
  </separator>
  <separator name="performance" >
   <i type="int" name="NPAR">    16</i>
   <i type="int" name="NSIM">     4</i>
   <i type="int" name="NBLK">    -1</i>
   <i type="logical" name="LPLANE"> T  </i>
   <i type="logical" name="LSCALAPACK"> T  </i>
   <i type="logical" name="LSCAAWARE"> F  </i>
   <i type="logical" name="LSCALU"> F  </i>
   <i type="logical" name="LASYNC"> F  </i>
   <i type="logical" name="LORBITALREAL"> F  </i>
  </separator>
  <separator name="miscellaneous" >
   <i type="int" name="IDIOT">     3</i>
   <i type="int" name="ISPECIAL">     0</i>
   <i type="logical" name="LMUSIC"> F  </i>
   <v name="POMASS">     10.81100000     14.00100000</v>
   <v name="DARWINR">      0.00000000      0.00000000</v>
   <v name="DARWINV">      1.00000000      1.00000000</v>
   <i type="logical" name="LCORR"> T  </i>
  </separator>
  <i type="logical" name="GGA_COMPAT"> T  </i>
  <i type="logical" name="LBERRY"> F  </i>
  <i type="int" name="ICORELEVEL">     0</i>
  <i type="logical" name="LDAU"> F  </i>
  <i type="int" name="I_CONSTRAINED_M">     0</i>
  <separator name="electronic exchange-correlation" >
   <i type="string" name="GGA">--</i>
   <i type="int" name="VOSKOWN">     0</i>
   <i type="logical" name="LHFCALC"> F  </i>
   <i type="string" name="PRECFOCK"></i>
   <i type="logical" name="LSYMGRAD"> F  </i>
   <i type="logical" name="LHFONE"> F  </i>
   <i type="logical" name="LRHFCALC"> F  </i>
   <i type="logical" name="LTHOMAS"> F  </i>
   <i type="logical" name="LMODELHF"> F  </i>
   <i name="ENCUT4O">     -1.00000000</i>
   <i type="int" name="EXXOEP">     0</i>
   <i type="int" name="FOURORBIT">     0</i>
   <i name="AEXX">      0.00000000</i>
   <i name="HFALPHA">      0.00000000</i>
   <i name="MCALPHA">      0.00000000</i>
   <i name="ALDAX">      1.00000000</i>
   <i name="AGGAX">      1.00000000</i>
   <i name="ALDAC">      1.00000000</i>
   <i name="AGGAC">      1.00000000</i>
   <i type="int" name="NKREDX">     1</i>
   <i type="int" name="NKREDY">     1</i>
   <i type="int" name="NKREDZ">     1</i>
   <i type="logical" name="SHIFTRED"> F  </i>
   <i type="logical" name="ODDONLY"> F  </i>
   <i type="logical" name="EVENONLY"> F  </i>
   <i type="int" name="LMAXFOCK">     0</i>
   <i type="int" name="NMAXFOCKAE">     0</i>
   <i type="logical" name="LFOCKAEDFT"> F  </i>
   <i name="HFSCREEN">      0.00000000</i>
   <i name="HFSCREENC">      0.00000000</i>
   <i type="int" name="NBANDSGWLOW">     0</i>
  </separator>
  <separator name="vdW DFT" >
   <i type="logical" name="LUSE_VDW"> F  </i>
   <i name="Zab_VDW">     -0.84910000</i>
   <i name="PARAM1">      0.12340000</i>
   <i name="PARAM2">      1.00000000</i>
   <i name="PARAM3">      0.00000000</i>
  </separator>
  <separator name="model GW" >
   <i type="int" name="MODEL_GW">     0</i>
   <i name="MODEL_EPS0">    120.00002829</i>
   <i name="MODEL_ALPHA">      1.00000000</i>
  </separator>
  <separator name="linear response parameters" >
   <i type="logical" name="LEPSILON"> F  </i>
   <i type="logical" name="LRPA"> F  </i>
   <i type="logical" name="LNABLA"> F  </i>
   <i type="logical" name="LVEL"> F  </i>
   <i type="int" name="KINTER">     0</i>
   <i name="CSHIFT">      0.10000000</i>
   <i name="OMEGAMAX">     -1.00000000</i>
   <i name="DEG_THRESHOLD">      0.00200000</i>
   <i name="RTIME">     -0.10000000</i>
   <i name="WPLASMAI">      0.00000000</i>
   <v name="DFIELD">      0.00000000      0.00000000      0.00000000</v>
   <v name="WPLASMA">      0.00000000      0.00000000      0.00000000      0.00000000      0.00000000      0.00000000      0.00000000      0.00000000      0.00000000</v>
  </separator>
  <separator name="orbital magnetization" >
   <i type="logical" name="NUCIND"> F  </i>
   <v name="MAGPOS">      0.00000000      0.00000000      0.00000000</v>
   <i type="logical" name="LNICSALL"> T  </i>
   <i type="logical" name="ORBITALMAG"> F  </i>
   <i type="logical" name="LMAGBLOCH"> F  </i>
   <i type="logical" name="LCHIMAG"> F  </i>
   <i type="logical" name="LGAUGE"> T  </i>
   <i type="int" name="MAGATOM">     0</i>
   <v name="MAGDIPOL">      0.00000000      0.00000000      0.00000000</v>
   <v name="AVECCONST">      0.00000000      0.00000000      0.00000000</v>
  </separator>
  <separator name="response functions" >
   <i type="logical" name="LADDER"> F  </i>
   <i type="logical" name="LRPAFORCE"> F  </i>
   <i type="logical" name="LFXC"> F  </i>
   <i type="logical" name="LHARTREE"> T  </i>
   <i type="int" name="IBSE">     0</i>
   <v type="int" name="KPOINT">    -1     0     0     0</v>
   <i type="logical" name="LTCTE"> F  </i>
   <i type="logical" name="LTETE"> F  </i>
   <i type="logical" name="LTRIPLET"> F  </i>
   <i type="logical" name="LFXCEPS"> F  </i>
   <i type="logical" name="LFXHEG"> F  </i>
   <i type="int" name="NATURALO">     2</i>
   <i type="logical" name="L2ORDER"> F  </i>
   <i type="logical" name="LMP2LT"> F  </i>
   <i type="logical" name="LUSEW"> F  </i>
   <i name="ENCUTGW">     -2.00000000</i>
   <i name="ENCUTGWSOFT">     -2.00000000</i>
   <i name="ENCUTLF">     -1.00000000</i>
   <i type="int" name="LMAXMP2">    -1</i>
   <i name="SCISSOR">      0.00000000</i>
   <i type="int" name="NOMEGA">     0</i>
   <i type="int" name="NOMEGAR">     0</i>
   <i type="int" name="NBANDSGW">    -1</i>
   <i type="int" name="NBANDSO">    -1</i>
   <i type="int" name="NBANDSV">    -1</i>
   <i type="int" name="NELM">     1</i>
   <i type="int" name="NELMHF">     1</i>
   <i type="int" name="DIM">     3</i>
   <i type="int" name="ANTIRES">     0</i>
   <i name="OMEGAMAX">    -30.00000000</i>
   <i name="OMEGAMIN">    -30.00000000</i>
   <i name="OMEGATL">   -200.00000000</i>
   <i type="int" name="OMEGAGRID">   140</i>
   <i name="CSHIFT">     -0.10000000</i>
   <i type="logical" name="SELFENERGY"> F  </i>
   <i type="logical" name="LSPECTRAL"> F  </i>
   <i type="logical" name="LSPECTRALGW"> F  </i>
   <i type="logical" name="LSINGLES"> F  </i>
   <i type="logical" name="LFERMIGW"> F  </i>
   <i type="logical" name="ODDONLYGW"> F  </i>
   <i type="logical" name="EVENONLYGW"> F  </i>
   <i type="int" name="NKREDLFX">     1</i>
   <i type="int" name="NKREDLFY">     1</i>
   <i type="int" name="NKREDLFZ">     1</i>
   <i type="int" name="MAXMEM">  2800</i>
   <i type="int" name="TELESCOPE">     0</i>
   <i type="int" name="TAUPAR">     1</i>
   <i type="int" name="OMEGAPAR">    -1</i>
   <i name="LAMBDA">      1.00000000</i>
  </separator>
  <separator name="External order field" >
   <i name="OFIELD_KAPPA">      0.00000000</i>
   <v name="OFIELD_K">      0.00000000      0.00000000      0.00000000</v>
   <i name="OFIELD_Q6_NEAR">      0.00000000</i>
   <i name="OFIELD_Q6_FAR">      0.00000000</i>
   <i name="OFIELD_A">      0.00000000</i>
  </separator>
 </parameters>
 <atominfo>
  <atoms>       2 </atoms>
  <types>       2 </types>
  <array name="atoms" >
   <dimension dim="1">ion</dimension>
   <field type="string">element</field>
   <field type="int">atomtype</field>
   <set>
    <rc><c>B </c><c>   1</c></rc>
    <rc><c>N </c><c>   2</c></rc>
   </set>
  </array>
  <array name="atomtypes" >
   <dimension dim="1">type</dimension>
   <field type="int">atomspertype</field>
   <field type="string">element</field>
   <field>mass</field>
   <field>valence</field>
   <field type="string">pseudopotential</field>
   <set>
    <rc><c>   1</c><c>B </c><c>     10.81100000</c><c>      3.00000000</c><c> PAW_PBE B 06Sep2000                    </c></rc>
    <rc><c>   1</c><c>N </c><c>     14.00100000</c><c>      5.00000000</c><c> PAW_PBE N 08Apr2002                    </c></rc>
   </set>
  </array>
 </atominfo>
 <structure name="initialpos" >
  <crystal>
   <varray name="basis" >
    <v>       7.36806358       0.00000000       0.00000000 </v>
    <v>       0.00000056       7.36806358       0.00000000 </v>
    <v>       0.00000056       0.00000056       7.36806358 </v>
   </varray>
   <i name="volume">    400.00009429 </i>
   <varray name="rec_basis" >
    <v>       0.13572087      -0.00000001      -0.00000001 </v>
    <v>       0.00000000       0.13572087      -0.00000001 </v>
    <v>       0.00000000       0.00000000       0.13572087 </v>
   </varray>
  </crystal>
  <varray name="positions" >
   <v>       0.00000000       0.00000000       0.00000000 </v>
   <v>       0.50000000       0.50000000       0.50000000 </v>
  </varray>
 </structure>
 <calculation>
  <scstep>
   <time name="dav">    0.21    0.23</time>
   <time name="total">    0.32    0.34</time>
   <energy>
    <i name="alphaZ">      0.86718876 </i>
    <i name="ewald">   -117.77528279 </i>
    <i name="hartreedc">   -163.94327544 </i>
    <i name="XCdc">     24.09965056 </i>
    <i name="pawpsdc">    125.31683143 </i>
    <i name="pawaedc">   -127.40197392 </i>
    <i name="eentropy">     -0.00951182 </i>
    <i name="bandstr">    -44.18212629 </i>
    <i name="atom">    335.71860950 </i>
    <i name="e_fr_energy">     32.69010999 </i>
    <i name="e_wo_entrp">     32.69962181 </i>
    <i name="e_0_energy">     32.69486590 </i>
   </energy>
  </scstep>
  <scstep>
   <time name="dav">    0.31    0.31</time>
   <time name="total">    0.31    0.31</time>
   <energy>
    <i name="e_fr_energy">     -1.61474180 </i>
    <i name="e_wo_entrp">     -1.60380747 </i>
    <i name="e_0_energy">     -1.60927463 </i>
   </energy>
  </scstep>
  <scstep>
   <time name="dav">    0.19    0.19</time>
   <time name="total">    0.19    0.19</time>
   <energy>
    <i name="e_fr_energy">     -3.49019813 </i>
    <i name="e_wo_entrp">     -3.42223481 </i>
    <i name="e_0_energy">     -3.45621647 </i>
   </energy>
  </scstep>
  <scstep>
   <time name="dav">    0.19    0.19</time>
   <time name="total">    0.19    0.19</time>
   <energy>
    <i name="e_fr_energy">     -3.54473884 </i>
    <i name="e_wo_entrp">     -3.46768469 </i>
    <i name="e_0_energy">     -3.50621177 </i>
   </energy>
  </scstep>
  <scstep>
   <time name="dav">    0.26    0.26</time>
   <time name="total">    0.32    0.32</time>
   <energy>
    <i name="e_fr_energy">     -3.54539937 </i>
    <i name="e_wo_entrp">     -3.46835238 </i>
    <i name="e_0_energy">     -3.50687588 </i>
   </energy>
  </scstep>
  <scstep>
   <time name="dav">    0.22    0.22</time>
   <time name="total">    0.37    0.37</time>
   <energy>
    <i name="e_fr_energy">     -3.76364946 </i>
    <i name="e_wo_entrp">     -3.69155999 </i>
    <i name="e_0_energy">     -3.72760473 </i>
   </energy>
  </scstep>
  <scstep>
   <time name="dav">    0.19    0.19</time>
   <time name="total">    0.34    0.34</time>
   <energy>
    <i name="e_fr_energy">     -2.59483353 </i>
    <i name="e_wo_entrp">     -2.51789274 </i>
    <i name="e_0_energy">     -2.55636314 </i>
   </energy>
  </scstep>
  <scstep>
   <time name="dav">    0.23    0.23</time>
   <time name="total">    0.38    0.38</time>
   <energy>
    <i name="e_fr_energy">     -2.33613641 </i>
    <i name="e_wo_entrp">     -2.25917416 </i>
    <i name="e_0_energy">     -2.29765529 </i>
   </energy>
  </scstep>
  <scstep>
   <time name="dav">    0.22    0.22</time>
   <time name="total">    0.38    0.38</time>
   <energy>
    <i name="e_fr_energy">     -2.86452336 </i>
    <i name="e_wo_entrp">     -2.78753380 </i>
    <i name="e_0_energy">     -2.82602858 </i>
   </energy>
  </scstep>
  <scstep>
   <time name="dav">    0.19    0.19</time>
   <time name="total">    0.36    0.36</time>
   <energy>
    <i name="e_fr_energy">     -5.64472250 </i>
    <i name="e_wo_entrp">     -5.56763498 </i>
    <i name="e_0_energy">     -5.60617874 </i>
   </energy>
  </scstep>
  <scstep>
   <time name="dav">    0.19    0.19</time>
   <time name="total">    0.34    0.34</time>
   <energy>
    <i name="e_fr_energy">     -1.35408707 </i>
    <i name="e_wo_entrp">     -1.27733551 </i>
    <i name="e_0_energy">     -1.31571129 </i>
   </energy>
  </scstep>
  <scstep>
   <time name="dav">    0.19    0.19</time>
   <time name="total">    0.34    0.34</time>
   <energy>
    <i name="e_fr_energy">    -10.65357573 </i>
    <i name="e_wo_entrp">    -10.57783942 </i>
    <i name="e_0_energy">    -10.61570757 </i>
   </energy>
  </scstep>
  <scstep>
   <time name="dav">    0.19    0.19</time>
   <time name="total">    0.35    0.35</time>
   <energy>
    <i name="e_fr_energy">     -7.88354325 </i>
    <i name="e_wo_entrp">     -7.80860285 </i>
    <i name="e_0_energy">     -7.84607305 </i>
   </energy>
  </scstep>
  <scstep>
   <time name="dav">    0.19    0.19</time>
   <time name="total">    0.34    0.35</time>
   <energy>
    <i name="e_fr_energy">     -2.08337754 </i>
    <i name="e_wo_entrp">     -2.00651312 </i>
    <i name="e_0_energy">     -2.04494533 </i>
   </energy>
  </scstep>
  <scstep>
   <time name="dav">    0.19    0.19</time>
   <time name="total">    0.35    0.35</time>
   <energy>
    <i name="e_fr_energy">     -1.38088086 </i>
    <i name="e_wo_entrp">     -1.30419711 </i>
    <i name="e_0_energy">     -1.34253898 </i>
   </energy>
  </scstep>
  <scstep>
   <time name="dav">    0.20    0.20</time>
   <time name="total">    0.35    0.36</time>
   <energy>
    <i name="e_fr_energy">     -1.83068055 </i>
    <i name="e_wo_entrp">     -1.75872575 </i>
    <i name="e_0_energy">     -1.79470315 </i>
   </energy>
  </scstep>
  <scstep>
   <time name="dav">    0.19    0.19</time>
   <time name="total">    0.35    0.35</time>
   <energy>
    <i name="e_fr_energy">     -3.28898812 </i>
    <i name="e_wo_entrp">     -3.21197150 </i>
    <i name="e_0_energy">     -3.25047981 </i>
   </energy>
  </scstep>
  <scstep>
   <time name="dav">    0.19    0.19</time>
   <time name="total">    0.34    0.34</time>
   <energy>
    <i name="e_fr_energy">     -1.66570380 </i>
    <i name="e_wo_entrp">     -1.58889229 </i>
    <i name="e_0_energy">     -1.62729805 </i>
   </energy>
  </scstep>
  <scstep>
   <time name="dav">    0.19    0.19</time>
   <time name="total">    0.35    0.35</time>
   <energy>
    <i name="e_fr_energy">     -0.80180675 </i>
    <i name="e_wo_entrp">     -0.72554568 </i>
    <i name="e_0_energy">     -0.76367622 </i>
   </energy>
  </scstep>
  <scstep>
   <time name="dav">    0.19    0.19</time>
   <time name="total">    0.34    0.34</time>
   <energy>
    <i name="e_fr_energy">     -0.89748385 </i>
    <i name="e_wo_entrp">     -0.82104979 </i>
    <i name="e_0_energy">     -0.85926682 </i>
   </energy>
  </scstep>
  <scstep>
   <time name="dav">    0.19    0.19</time>
   <time name="total">    0.35    0.35</time>
   <energy>
    <i name="e_fr_energy">     -0.83383946 </i>
    <i name="e_wo_entrp">     -0.74467661 </i>
    <i name="e_0_energy">     -0.78925803 </i>
   </energy>
  </scstep>
  <scstep>
   <time name="dav">    0.21    0.21</time>
   <time name="total">    0.36    0.36</time>
   <energy>
    <i name="e_fr_energy">     -4.40599332 </i>
    <i name="e_wo_entrp">     -4.32890580 </i>
    <i name="e_0_energy">     -4.36744956 </i>
   </energy>
  </scstep>
  <scstep>
   <time name="dav">    0.20    0.20</time>
   <time name="total">    0.36    0.36</time>
   <energy>
    <i name="e_fr_energy">     -2.06776391 </i>
    <i name="e_wo_entrp">     -1.99086948 </i>
    <i name="e_0_energy">     -2.02931670 </i>
   </energy>
  </scstep>
  <scstep>
   <time name="dav">    0.20    0.20</time>
   <time name="total">    0.36    0.37</time>
   <energy>
    <i name="e_fr_energy">     -0.84282774 </i>
    <i name="e_wo_entrp">     -0.76647727 </i>
    <i name="e_0_energy">     -0.80465251 </i>
   </energy>
  </scstep>
  <scstep>
   <time name="dav">    0.22    0.22</time>
   <time name="total">    0.38    0.38</time>
   <energy>
    <i name="e_fr_energy">     -0.66566722 </i>
    <i name="e_wo_entrp">     -0.54464790 </i>
    <i name="e_0_energy">     -0.60515756 </i>
   </energy>
  </scstep>
  <scstep>
   <time name="dav">    0.20    0.21</time>
   <time name="total">    0.36    0.36</time>
   <energy>
    <i name="e_fr_energy">     -2.32388432 </i>
    <i name="e_wo_entrp">     -2.24688707 </i>
    <i name="e_0_energy">     -2.28538570 </i>
   </energy>
  </scstep>
  <scstep>
   <time name="dav">    0.19    0.19</time>
   <time name="total">    0.35    0.35</time>
   <energy>
    <i name="e_fr_energy">     -0.81389210 </i>
    <i name="e_wo_entrp">     -0.73757514 </i>
    <i name="e_0_energy">     -0.77573362 </i>
   </energy>
  </scstep>
  <scstep>
   <time name="dav">    0.19    0.19</time>
   <time name="total">    0.35    0.35</time>
   <energy>
    <i name="e_fr_energy">     -0.87377823 </i>
    <i name="e_wo_entrp">     -0.79285907 </i>
    <i name="e_0_energy">     -0.83331865 </i>
   </energy>
  </scstep>
  <scstep>
   <time name="dav">    0.20    0.20</time>
   <time name="total">    0.36    0.36</time>
   <energy>
    <i name="e_fr_energy">     -4.00227033 </i>
    <i name="e_wo_entrp">     -3.92519671 </i>
    <i name="e_0_energy">     -3.96373352 </i>
   </energy>
  </scstep>
  <scstep>
   <time name="dav">    0.21    0.21</time>
   <time name="total">    0.37    0.37</time>
   <energy>
    <i name="e_fr_energy">     -1.58832843 </i>
    <i name="e_wo_entrp">     -1.51153337 </i>
    <i name="e_0_energy">     -1.54993090 </i>
   </energy>
  </scstep>
  <scstep>
   <time name="dav">    0.19    0.19</time>
   <time name="total">    0.34    0.35</time>
   <energy>
    <i name="e_fr_energy">     -0.77088221 </i>
    <i name="e_wo_entrp">     -0.69471037 </i>
    <i name="e_0_energy">     -0.73279629 </i>
   </energy>
  </scstep>
  <scstep>
   <time name="dav">    0.19    0.19</time>
   <time name="total">    0.35    0.35</time>
   <energy>
    <i name="e_fr_energy">     -0.71871467 </i>
    <i name="e_wo_entrp">     -0.64283629 </i>
    <i name="e_0_energy">     -0.68077548 </i>
   </energy>
  </scstep>
  <scstep>
   <time name="dav">    0.19    0.19</time>
   <time name="total">    0.35    0.35</time>
   <energy>
    <i name="e_fr_energy">     -0.66594244 </i>
    <i name="e_wo_entrp">     -0.58402334 </i>
    <i name="e_0_energy">     -0.62498289 </i>
   </energy>
  </scstep>
  <scstep>
   <time name="dav">    0.22    0.22</time>
   <time name="total">    0.38    0.38</time>
   <energy>
    <i name="e_fr_energy">     -0.66414240 </i>
    <i name="e_wo_entrp">     -0.58046216 </i>
    <i name="e_0_energy">     -0.62230228 </i>
   </energy>
  </scstep>
  <scstep>
   <time name="dav">    0.19    0.19</time>
   <time name="total">    0.35    0.35</time>
   <energy>
    <i name="e_fr_energy">     -2.89243303 </i>
    <i name="e_wo_entrp">     -2.81906088 </i>
    <i name="e_0_energy">     -2.85574695 </i>
   </energy>
  </scstep>
  <scstep>
   <time name="dav">    0.19    0.19</time>
   <time name="total">    0.34    0.34</time>
   <energy>
    <i name="e_fr_energy">     -6.60024164 </i>
    <i name="e_wo_entrp">     -6.59964713 </i>
    <i name="e_0_energy">     -6.59994439 </i>
   </energy>
  </scstep>
  <scstep>
   <time name="dav">    0.22    0.22</time>
   <time name="total">    0.37    0.37</time>
   <energy>
    <i name="e_fr_energy">    -10.43102693 </i>
    <i name="e_wo_entrp">    -10.43102693 </i>
    <i name="e_0_energy">    -10.43102693 </i>
   </energy>
  </scstep>
  <scstep>
   <time name="dav">    0.19    0.19</time>
   <time name="total">    0.36    0.36</time>
   <energy>
    <i name="e_fr_energy">     -6.06316417 </i>
    <i name="e_wo_entrp">     -5.98238214 </i>
    <i name="e_0_energy">     -6.02277316 </i>
   </energy>
  </scstep>
  <scstep>
   <time name="dav">    0.26    0.27</time>
   <time name="total">    0.44    0.45</time>
   <energy>
    <i name="e_fr_energy">    -10.58167912 </i>
    <i name="e_wo_entrp">    -10.50591044 </i>
    <i name="e_0_energy">    -10.54379478 </i>
   </energy>
  </scstep>
  <scstep>
   <time name="dav">    0.19    0.19</time>
   <time name="total">    0.36    0.37</time>
   <energy>
    <i name="e_fr_energy">     -2.74301134 </i>
    <i name="e_wo_entrp">     -2.66605623 </i>
    <i name="e_0_energy">     -2.70453379 </i>
   </energy>
  </scstep>
  <scstep>
   <time name="dav">    0.19    0.19</time>
   <time name="total">    0.35    0.35</time>
   <energy>
    <i name="e_fr_energy">     -1.06608647 </i>
    <i name="e_wo_entrp">     -0.98962716 </i>
    <i name="e_0_energy">     -1.02785682 </i>
   </energy>
  </scstep>
  <scstep>
   <time name="dav">    0.19    0.19</time>
   <time name="total">    0.34    0.35</time>
   <energy>
    <i name="e_fr_energy">     -1.69276704 </i>
    <i name="e_wo_entrp">     -1.62125307 </i>
    <i name="e_0_energy">     -1.65701006 </i>
   </energy>
  </scstep>
  <scstep>
   <time name="dav">    0.19    0.19</time>
   <time name="total">    0.35    0.35</time>
   <energy>
    <i name="e_fr_energy">    -12.56334950 </i>
    <i name="e_wo_entrp">    -12.56334950 </i>
    <i name="e_0_energy">    -12.56334950 </i>
   </energy>
  </scstep>
  <scstep>
   <time name="dav">    0.20    0.20</time>
   <time name="total">    0.36    0.38</time>
   <energy>
    <i name="e_fr_energy">     -1.81354392 </i>
    <i name="e_wo_entrp">     -1.73666978 </i>
    <i name="e_0_energy">     -1.77510685 </i>
   </energy>
  </scstep>
  <scstep>
   <time name="dav">    0.19    0.19</time>
   <time name="total">    0.35    0.35</time>
   <energy>
    <i name="e_fr_energy">     -6.76303850 </i>
    <i name="e_wo_entrp">     -6.68842233 </i>
    <i name="e_0_energy">     -6.72573041 </i>
   </energy>
  </scstep>
  <scstep>
   <time name="dav">    0.18    0.19</time>
   <time name="total">    0.34    0.35</time>
   <energy>
    <i name="e_fr_energy">     -3.81907671 </i>
    <i name="e_wo_entrp">     -3.74203457 </i>
    <i name="e_0_energy">     -3.78055564 </i>
   </energy>
  </scstep>
  <scstep>
   <time name="dav">    0.19    0.20</time>
   <time name="total">    0.35    0.37</time>
   <energy>
    <i name="e_fr_energy">     -2.06308782 </i>
    <i name="e_wo_entrp">     -1.98625203 </i>
    <i name="e_0_energy">     -2.02466993 </i>
   </energy>
  </scstep>
  <scstep>
   <time name="dav">    0.18    0.19</time>
   <time name="total">    0.34    0.35</time>
   <energy>
    <i name="e_fr_energy">     -1.39631033 </i>
    <i name="e_wo_entrp">     -1.31964243 </i>
    <i name="e_0_energy">     -1.35797638 </i>
   </energy>
  </scstep>
  <scstep>
   <time name="dav">    0.18    0.19</time>
   <time name="total">    0.35    0.35</time>
   <energy>
    <i name="e_fr_energy">     -0.66118499 </i>
    <i name="e_wo_entrp">     -0.56059141 </i>
    <i name="e_0_energy">     -0.61088820 </i>
   </energy>
  </scstep>
  <scstep>
   <time name="dav">    0.18    0.19</time>
   <time name="total">    0.35    0.35</time>
   <energy>
    <i name="e_fr_energy">     -1.26493606 </i>
    <i name="e_wo_entrp">     -1.18825170 </i>
    <i name="e_0_energy">     -1.22659388 </i>
   </energy>
  </scstep>
  <scstep>
   <time name="dav">    0.19    0.20</time>
   <time name="total">    0.35    0.36</time>
   <energy>
    <i name="e_fr_energy">     -3.61893012 </i>
    <i name="e_wo_entrp">     -3.54539236 </i>
    <i name="e_0_energy">     -3.58216124 </i>
   </energy>
  </scstep>
  <scstep>
   <time name="dav">    0.19    0.19</time>
   <time name="total">    0.35    0.35</time>
   <energy>
    <i name="e_fr_energy">    -10.75648899 </i>
    <i name="e_wo_entrp">    -10.75648899 </i>
    <i name="e_0_energy">    -10.75648899 </i>
   </energy>
  </scstep>
  <scstep>
   <time name="dav">    0.19    0.20</time>
   <time name="total">    0.36    0.39</time>
   <energy>
    <i name="e_fr_energy">     -2.78593037 </i>
    <i name="e_wo_entrp">     -2.70895590 </i>
    <i name="e_0_energy">     -2.74744313 </i>
   </energy>
  </scstep>
  <scstep>
   <time name="dav">    0.19    0.20</time>
   <time name="total">    0.35    0.38</time>
   <energy>
    <i name="e_fr_energy">     -7.02321890 </i>
    <i name="e_wo_entrp">     -6.94843396 </i>
    <i name="e_0_energy">     -6.98582643 </i>
   </energy>
  </scstep>
  <scstep>
   <time name="dav">    0.19    0.20</time>
   <time name="total">    0.34    0.37</time>
   <energy>
    <i name="e_fr_energy">     -5.06742441 </i>
    <i name="e_wo_entrp">     -4.99034038 </i>
    <i name="e_0_energy">     -5.02888239 </i>
   </energy>
  </scstep>
  <scstep>
   <time name="dav">    0.18    0.20</time>
   <time name="total">    0.34    0.37</time>
   <energy>
    <i name="e_fr_energy">     -2.61240261 </i>
    <i name="e_wo_entrp">     -2.53545646 </i>
    <i name="e_0_energy">     -2.57392953 </i>
   </energy>
  </scstep>
  <scstep>
   <time name="dav">    0.18    0.20</time>
   <time name="total">    0.35    0.38</time>
   <energy>
    <i name="e_fr_energy">     -0.67463925 </i>
    <i name="e_wo_entrp">     -0.59716005 </i>
    <i name="e_0_energy">     -0.63589965 </i>
   </energy>
  </scstep>
  <scstep>
   <time name="dav">    0.19    0.20</time>
   <time name="total">    0.35    0.38</time>
   <energy>
    <i name="e_fr_energy">     -4.01065271 </i>
    <i name="e_wo_entrp">     -3.93659723 </i>
    <i name="e_0_energy">     -3.97362497 </i>
   </energy>
  </scstep>
  <scstep>
   <time name="dav">    0.18    0.20</time>
   <time name="total">    0.34    0.36</time>
   <energy>
    <i name="e_fr_energy">     -8.81644560 </i>
    <i name="e_wo_entrp">     -8.81644560 </i>
    <i name="e_0_energy">     -8.81644560 </i>
   </energy>
  </scstep>
  <scstep>
   <time name="dav">    0.18    0.19</time>
   <time name="total">    0.28    0.28</time>
   <energy>
    <i name="alphaZ">      0.86718876 </i>
    <i name="ewald">   -117.77528279 </i>
    <i name="hartreedc">   -166.73527554 </i>
    <i name="XCdc">     24.31620733 </i>
    <i name="pawpsdc">    129.88085882 </i>
    <i name="pawaedc">   -132.07442042 </i>
    <i name="eentropy">     -0.07698346 </i>
    <i name="bandstr">    -77.29177088 </i>
    <i name="atom">    335.71860950 </i>
    <i name="e_fr_energy">     -3.17086868 </i>
    <i name="e_wo_entrp">     -3.09388523 </i>
    <i name="e_0_energy">     -3.13237695 </i>
   </energy>
  </scstep>
  <structure>
   <crystal>
    <varray name="basis" >
     <v>       7.36806358       0.00000000       0.00000000 </v>
     <v>       0.00000056       7.36806358       0.00000000 </v>
     <v>       0.00000056       0.00000056       7.36806358 </v>
    </varray>
    <i name="volume">    400.00009429 </i>
    <varray name="rec_basis" >
     <v>       0.13572087      -0.00000001      -0.00000001 </v>
     <v>       0.00000000       0.13572087      -0.00000001 </v>
     <v>       0.00000000       0.00000000       0.13572087 </v>
    </varray>
   </crystal>
   <varray name="positions" >
    <v>       0.00000000       0.00000000       0.00000000 </v>
    <v>       0.50000000       0.50000000       0.50000000 </v>
   </varray>
  </structure>
  <varray name="forces" >
   <v>       0.00000000      -0.00000000       0.00000000 </v>
   <v>      -0.00000000       0.00000000       0.00000000 </v>
  </varray>
  <varray name="stress" >
   <v>      45.54256925       0.00000344       0.00000344 </v>
   <v>       0.00000344      45.54256925       0.00000344 </v>
   <v>       0.00000344       0.00000344      45.54256925 </v>
  </varray>
  <energy>
   <i name="e_fr_energy">    745.81007143 </i>
   <i name="e_wo_entrp">    745.84856316 </i>
   <i name="e_0_energy">     -0.07698346 </i>
  </energy>
