<?xml version="1.0" encoding="ISO-8859-1"?>
<modeling>
 <generator>
  <i name="program" type="string">vasp </i>
  <i name="version" type="string">5.4.4.18Apr17-6-g9f103f2a35  </i>
  <i name="subversion" type="string">(build Nov 14 2022 07:55:26) complex            parallel </i>
  <i name="platform" type="string">LinuxIFC </i>
  <i name="date" type="string">2023 04 13 </i>
  <i name="time" type="string">16:42:51 </i>
 </generator>
 <incar>
  <i type="string" name="SYSTEM"> local optimisation</i>
  <i type="string" name="PREC">accurate</i>
  <i type="int" name="IBRION">     2</i>
  <i name="EDIFF">      0.00001000</i>
  <i type="int" name="NSW">   200</i>
  <i type="int" name="ISIF">     3</i>
  <i name="SYMPREC">      0.00010000</i>
  <i name="ENCUT">    600.00000000</i>
  <i name="POTIM">      0.10000000</i>
  <i type="int" name="ISMEAR">     0</i>
  <i name="SIGMA">      0.05000000</i>
  <i name="KSPACING">      0.50000000</i>
  <i name="PSTRESS">   3000.00000000</i>
  <i type="logical" name="LWAVE"> F  </i>
  <i type="logical" name="LCHARG"> F  </i>
  <v type="int" name="KPOINT_BSE">    -1     0     0     0</v>
 </incar>
 <structure name="primitive_cell" >
  <crystal>
   <varray name="basis" >
    <v>       3.27327625       0.00000000       0.00000000 </v>
    <v>       0.00000032       4.20315641       0.00000000 </v>
    <v>       0.00000033       0.00000033       4.36107267 </v>
   </varray>
   <i name="volume">     60.00003913 </i>
   <varray name="rec_basis" >
    <v>       0.30550431      -0.00000002      -0.00000002 </v>
    <v>       0.00000000       0.23791644      -0.00000002 </v>
    <v>       0.00000000       0.00000000       0.22930138 </v>
   </varray>
  </crystal>
  <varray name="positions" >
   <v>       0.00000000       0.00000000      -0.50000000 </v>
   <v>      -0.50000000       0.00000000       0.00000000 </v>
   <v>       0.00000000      -0.50000000       0.00000000 </v>
  </varray>
 </structure>
 <varray name="primitive_index" >
  <v type="int" >        1 </v>
  <v type="int" >        2 </v>
  <v type="int" >        3 </v>
 </varray>
 <kpoints>
  <generation param="Gamma">
   <v type="int" name="divisions">       4        3        3 </v>
   <v name="usershift">      0.00000000       0.00000000       0.00000000 </v>
   <v name="genvec1">      0.25000000       0.00000000       0.00000000 </v>
   <v name="genvec2">      0.00000000       0.33333333       0.00000000 </v>
   <v name="genvec3">      0.00000000       0.00000000       0.33333333 </v>
   <v name="shift">      0.00000000       0.00000000       0.00000000 </v>
  </generation>
  <varray name="kpointlist" >
   <v>       0.00000000       0.00000000       0.00000000 </v>
   <v>       0.25000000      -0.00000000      -0.00000000 </v>
   <v>       0.50000000      -0.00000000      -0.00000000 </v>
   <v>       0.00000000       0.33333333       0.00000000 </v>
   <v>       0.25000000       0.33333333      -0.00000000 </v>
   <v>       0.50000000       0.33333333      -0.00000000 </v>
   <v>       0.00000000       0.00000000       0.33333333 </v>
   <v>       0.25000000      -0.00000000       0.33333333 </v>
   <v>       0.50000000      -0.00000000       0.33333333 </v>
   <v>       0.00000000       0.33333333       0.33333333 </v>
   <v>       0.25000000       0.33333333       0.33333333 </v>
   <v>       0.50000000       0.33333333       0.33333333 </v>
  </varray>
  <varray name="weights" >
   <v>       0.02777778 </v>
   <v>       0.05555556 </v>
   <v>       0.02777778 </v>
   <v>       0.05555556 </v>
   <v>       0.11111111 </v>
   <v>       0.05555556 </v>
   <v>       0.05555556 </v>
   <v>       0.11111111 </v>
   <v>       0.05555556 </v>
   <v>       0.11111111 </v>
   <v>       0.22222222 </v>
   <v>       0.11111111 </v>
  </varray>
 </kpoints>
 <parameters>
  <separator name="general" >
   <i type="string" name="SYSTEM">local optimisation</i>
   <i type="logical" name="LCOMPAT"> F  </i>
  </separator>
  <separator name="electronic" >
   <i type="string" name="PREC">accura</i>
   <i name="ENMAX">    600.00000000</i>
   <i name="ENAUG">    627.11200000</i>
   <i name="EDIFF">      0.00001000</i>
   <i type="int" name="IALGO">    38</i>
   <i type="int" name="IWAVPR">    11</i>
   <i type="int" name="NBANDS">    16</i>
   <i name="NELECT">     11.00000000</i>
   <i type="int" name="TURBO">     0</i>
   <i type="int" name="IRESTART">     0</i>
   <i type="int" name="NREBOOT">     0</i>
   <i type="int" name="NMIN">     0</i>
   <i name="EREF">      0.00000000</i>
   <separator name="electronic smearing" >
    <i type="int" name="ISMEAR">     0</i>
    <i name="SIGMA">      0.05000000</i>
    <i name="KSPACING">      0.50000000</i>
    <i type="logical" name="KGAMMA"> T  </i>
   </separator>
   <separator name="electronic projectors" >
    <i type="logical" name="LREAL"> F  </i>
    <v name="ROPT">      0.00000000      0.00000000</v>
    <i type="int" name="LMAXPAW">  -100</i>
    <i type="int" name="LMAXMIX">     2</i>
    <i type="logical" name="NLSPLINE"> F  </i>
   </separator>
   <separator name="electronic startup" >
    <i type="int" name="ISTART">     0</i>
    <i type="int" name="ICHARG">     2</i>
    <i type="int" name="INIWAV">     1</i>
   </separator>
   <separator name="electronic spin" >
    <i type="int" name="ISPIN">     1</i>
    <i type="logical" name="LNONCOLLINEAR"> F  </i>
    <v name="MAGMOM">      1.00000000      1.00000000      1.00000000</v>
    <i name="NUPDOWN">     -1.00000000</i>
    <i type="logical" name="LSORBIT"> F  </i>
    <v name="SAXIS">      0.00000000      0.00000000      1.00000000</v>
    <i type="logical" name="LSPIRAL"> F  </i>
    <v name="QSPIRAL">      0.00000000      0.00000000      0.00000000</v>
    <i type="logical" name="LZEROZ"> F  </i>
   </separator>
   <separator name="electronic exchange-correlation" >
    <i type="logical" name="LASPH"> F  </i>
    <i type="logical" name="LMETAGGA"> F  </i>
   </separator>
   <separator name="electronic convergence" >
    <i type="int" name="NELM">    60</i>
    <i type="int" name="NELMDL">     0</i>
    <i type="int" name="NELMIN">     2</i>
    <i name="ENINI">    600.00000000</i>
    <separator name="electronic convergence detail" >
     <i type="logical" name="LDIAG"> T  </i>
     <i type="logical" name="LSUBROT"> F  </i>
     <i name="WEIMIN">      0.00100000</i>
     <i name="EBREAK">      0.00000016</i>
     <i name="DEPER">      0.30000000</i>
     <i type="int" name="NRMM">     4</i>
     <i name="TIME">      0.40000000</i>
    </separator>
   </separator>
   <separator name="electronic mixer" >
    <i name="AMIX">      0.40000000</i>
    <i name="BMIX">      1.00000000</i>
    <i name="AMIN">      0.10000000</i>
    <i name="AMIX_MAG">      1.60000000</i>
    <i name="BMIX_MAG">      1.00000000</i>
    <separator name="electronic mixer details" >
     <i type="int" name="IMIX">     4</i>
     <i type="logical" name="MIXFIRST"> F  </i>
     <i type="int" name="MAXMIX">   -45</i>
     <i name="WC">    100.00000000</i>
     <i type="int" name="INIMIX">     1</i>
     <i type="int" name="MIXPRE">     1</i>
     <i type="int" name="MREMOVE">     5</i>
    </separator>
   </separator>
   <separator name="electronic dipolcorrection" >
    <i type="logical" name="LDIPOL"> F  </i>
    <i type="logical" name="LMONO"> F  </i>
    <i type="int" name="IDIPOL">     0</i>
    <i name="EPSILON">      1.00000000</i>
    <v name="DIPOL">   -100.00000000   -100.00000000   -100.00000000</v>
    <i name="EFIELD">      0.00000000</i>
   </separator>
  </separator>
  <separator name="grids" >
   <i type="int" name="NGX">    28</i>
   <i type="int" name="NGY">    36</i>
   <i type="int" name="NGZ">    36</i>
   <i type="int" name="NGXF">    56</i>
   <i type="int" name="NGYF">    72</i>
   <i type="int" name="NGZF">    72</i>
   <i type="logical" name="ADDGRID"> F  </i>
  </separator>
  <separator name="ionic" >
   <i type="int" name="NSW">   200</i>
   <i type="int" name="IBRION">     2</i>
   <i type="int" name="MDALGO">     0</i>
   <i type="int" name="ISIF">     3</i>
   <i name="PSTRESS">   3000.00000000</i>
   <i name="EDIFFG">      0.00010000</i>
   <i type="int" name="NFREE">     1</i>
   <i name="POTIM">      0.10000000</i>
   <i name="SMASS">     -3.00000000</i>
   <i name="SCALEE">      1.00000000</i>
  </separator>
  <separator name="ionic md" >
   <i name="TEBEG">      0.00010000</i>
   <i name="TEEND">      0.00010000</i>
   <i type="int" name="NBLOCK">     1</i>
   <i type="int" name="KBLOCK">   200</i>
   <i type="int" name="NPACO">   256</i>
   <i name="APACO">     16.00000000</i>
  </separator>
  <separator name="symmetry" >
   <i type="int" name="ISYM">     2</i>
   <i name="SYMPREC">      0.00010000</i>
  </separator>
  <separator name="dos" >
   <i type="int" name="LORBIT">     0</i>
   <v name="RWIGS">     -1.00000000     -1.00000000</v>
   <i type="int" name="NEDOS">   301</i>
   <i name="EMIN">     10.00000000</i>
   <i name="EMAX">    -10.00000000</i>
   <i name="EFERMI">      0.00000000</i>
  </separator>
  <separator name="writing" >
   <i type="int" name="NWRITE">     2</i>
   <i type="logical" name="LWAVE"> F  </i>
   <i type="logical" name="LDOWNSAMPLE"> F  </i>
   <i type="logical" name="LCHARG"> F  </i>
   <i type="logical" name="LPARD"> F  </i>
   <i type="logical" name="LVTOT"> F  </i>
   <i type="logical" name="LVHAR"> F  </i>
   <i type="logical" name="LELF"> F  </i>
   <i type="logical" name="LOPTICS"> F  </i>
   <v name="STM">      0.00000000      0.00000000      0.00000000      0.00000000      0.00000000      0.00000000      0.00000000</v>
  </separator>
  <separator name="performance" >
   <i type="int" name="NPAR">    16</i>
   <i type="int" name="NSIM">     4</i>
   <i type="int" name="NBLK">    -1</i>
   <i type="logical" name="LPLANE"> T  </i>
   <i type="logical" name="LSCALAPACK"> T  </i>
   <i type="logical" name="LSCAAWARE"> F  </i>
   <i type="logical" name="LSCALU"> F  </i>
   <i type="logical" name="LASYNC"> F  </i>
   <i type="logical" name="LORBITALREAL"> F  </i>
  </separator>
  <separator name="miscellaneous" >
   <i type="int" name="IDIOT">     3</i>
   <i type="int" name="ISPECIAL">     0</i>
   <i type="logical" name="LMUSIC"> F  </i>
   <v name="POMASS">     10.81100000     14.00100000</v>
   <v name="DARWINR">      0.00000000      0.00000000</v>
   <v name="DARWINV">      1.00000000      1.00000000</v>
   <i type="logical" name="LCORR"> T  </i>
  </separator>
  <i type="logical" name="GGA_COMPAT"> T  </i>
  <i type="logical" name="LBERRY"> F  </i>
  <i type="int" name="ICORELEVEL">     0</i>
  <i type="logical" name="LDAU"> F  </i>
  <i type="int" name="I_CONSTRAINED_M">     0</i>
  <separator name="electronic exchange-correlation" >
   <i type="string" name="GGA">--</i>
   <i type="int" name="VOSKOWN">     0</i>
   <i type="logical" name="LHFCALC"> F  </i>
   <i type="string" name="PRECFOCK"></i>
   <i type="logical" name="LSYMGRAD"> F  </i>
   <i type="logical" name="LHFONE"> F  </i>
   <i type="logical" name="LRHFCALC"> F  </i>
   <i type="logical" name="LTHOMAS"> F  </i>
   <i type="logical" name="LMODELHF"> F  </i>
   <i name="ENCUT4O">     -1.00000000</i>
   <i type="int" name="EXXOEP">     0</i>
   <i type="int" name="FOURORBIT">     0</i>
   <i name="AEXX">      0.00000000</i>
   <i name="HFALPHA">      0.00000000</i>
   <i name="MCALPHA">      0.00000000</i>
   <i name="ALDAX">      1.00000000</i>
   <i name="AGGAX">      1.00000000</i>
   <i name="ALDAC">      1.00000000</i>
   <i name="AGGAC">      1.00000000</i>
   <i type="int" name="NKREDX">     1</i>
   <i type="int" name="NKREDY">     1</i>
   <i type="int" name="NKREDZ">     1</i>
   <i type="logical" name="SHIFTRED"> F  </i>
   <i type="logical" name="ODDONLY"> F  </i>
   <i type="logical" name="EVENONLY"> F  </i>
   <i type="int" name="LMAXFOCK">     0</i>
   <i type="int" name="NMAXFOCKAE">     0</i>
   <i type="logical" name="LFOCKAEDFT"> F  </i>
   <i name="HFSCREEN">      0.00000000</i>
   <i name="HFSCREENC">      0.00000000</i>
   <i type="int" name="NBANDSGWLOW">     0</i>
  </separator>
  <separator name="vdW DFT" >
   <i type="logical" name="LUSE_VDW"> F  </i>
   <i name="Zab_VDW">     -0.84910000</i>
   <i name="PARAM1">      0.12340000</i>
   <i name="PARAM2">      1.00000000</i>
   <i name="PARAM3">      0.00000000</i>
  </separator>
  <separator name="model GW" >
   <i type="int" name="MODEL_GW">     0</i>
   <i name="MODEL_EPS0">     12.00000783</i>
   <i name="MODEL_ALPHA">      1.00000000</i>
  </separator>
  <separator name="linear response parameters" >
   <i type="logical" name="LEPSILON"> F  </i>
   <i type="logical" name="LRPA"> F  </i>
   <i type="logical" name="LNABLA"> F  </i>
   <i type="logical" name="LVEL"> F  </i>
   <i type="int" name="KINTER">     0</i>
   <i name="CSHIFT">      0.10000000</i>
   <i name="OMEGAMAX">     -1.00000000</i>
   <i name="DEG_THRESHOLD">      0.00200000</i>
   <i name="RTIME">     -0.10000000</i>
   <i name="WPLASMAI">      0.00000000</i>
   <v name="DFIELD">      0.00000000      0.00000000      0.00000000</v>
   <v name="WPLASMA">      0.00000000      0.00000000      0.00000000      0.00000000      0.00000000      0.00000000      0.00000000      0.00000000      0.00000000</v>
  </separator>
  <separator name="orbital magnetization" >
   <i type="logical" name="NUCIND"> F  </i>
   <v name="MAGPOS">      0.00000000      0.00000000      0.00000000</v>
   <i type="logical" name="LNICSALL"> T  </i>
   <i type="logical" name="ORBITALMAG"> F  </i>
   <i type="logical" name="LMAGBLOCH"> F  </i>
   <i type="logical" name="LCHIMAG"> F  </i>
   <i type="logical" name="LGAUGE"> T  </i>
   <i type="int" name="MAGATOM">     0</i>
   <v name="MAGDIPOL">      0.00000000      0.00000000      0.00000000</v>
   <v name="AVECCONST">      0.00000000      0.00000000      0.00000000</v>
  </separator>
  <separator name="response functions" >
   <i type="logical" name="LADDER"> F  </i>
   <i type="logical" name="LRPAFORCE"> F  </i>
   <i type="logical" name="LFXC"> F  </i>
   <i type="logical" name="LHARTREE"> T  </i>
   <i type="int" name="IBSE">     0</i>
   <v type="int" name="KPOINT">    -1     0     0     0</v>
   <i type="logical" name="LTCTE"> F  </i>
   <i type="logical" name="LTETE"> F  </i>
   <i type="logical" name="LTRIPLET"> F  </i>
   <i type="logical" name="LFXCEPS"> F  </i>
   <i type="logical" name="LFXHEG"> F  </i>
   <i type="int" name="NATURALO">     2</i>
   <i type="logical" name="L2ORDER"> F  </i>
   <i type="logical" name="LMP2LT"> F  </i>
   <i type="logical" name="LUSEW"> F  </i>
   <i name="ENCUTGW">     -2.00000000</i>
   <i name="ENCUTGWSOFT">     -2.00000000</i>
   <i name="ENCUTLF">     -1.00000000</i>
   <i type="int" name="LMAXMP2">    -1</i>
   <i name="SCISSOR">      0.00000000</i>
   <i type="int" name="NOMEGA">     0</i>
   <i type="int" name="NOMEGAR">     0</i>
   <i type="int" name="NBANDSGW">    -1</i>
   <i type="int" name="NBANDSO">    -1</i>
   <i type="int" name="NBANDSV">    -1</i>
   <i type="int" name="NELM">     1</i>
   <i type="int" name="NELMHF">     1</i>
   <i type="int" name="DIM">     3</i>
   <i type="int" name="ANTIRES">     0</i>
   <i name="OMEGAMAX">    -30.00000000</i>
   <i name="OMEGAMIN">    -30.00000000</i>
   <i name="OMEGATL">   -200.00000000</i>
   <i type="int" name="OMEGAGRID">   140</i>
   <i name="CSHIFT">     -0.10000000</i>
   <i type="logical" name="SELFENERGY"> F  </i>
   <i type="logical" name="LSPECTRAL"> F  </i>
   <i type="logical" name="LSPECTRALGW"> F  </i>
   <i type="logical" name="LSINGLES"> F  </i>
   <i type="logical" name="LFERMIGW"> F  </i>
   <i type="logical" name="ODDONLYGW"> F  </i>
   <i type="logical" name="EVENONLYGW"> F  </i>
   <i type="int" name="NKREDLFX">     1</i>
   <i type="int" name="NKREDLFY">     1</i>
   <i type="int" name="NKREDLFZ">     1</i>
   <i type="int" name="MAXMEM">  2800</i>
   <i type="int" name="TELESCOPE">     0</i>
   <i type="int" name="TAUPAR">     1</i>
   <i type="int" name="OMEGAPAR">    -1</i>
   <i name="LAMBDA">      1.00000000</i>
  </separator>
  <separator name="External order field" >
   <i name="OFIELD_KAPPA">      0.00000000</i>
   <v name="OFIELD_K">      0.00000000      0.00000000      0.00000000</v>
   <i name="OFIELD_Q6_NEAR">      0.00000000</i>
   <i name="OFIELD_Q6_FAR">      0.00000000</i>
   <i name="OFIELD_A">      0.00000000</i>
  </separator>
 </parameters>
 <atominfo>
  <atoms>       3 </atoms>
  <types>       2 </types>
  <array name="atoms" >
   <dimension dim="1">ion</dimension>
   <field type="string">element</field>
   <field type="int">atomtype</field>
   <set>
    <rc><c>B </c><c>   1</c></rc>
    <rc><c>B </c><c>   1</c></rc>
    <rc><c>N </c><c>   2</c></rc>
   </set>
  </array>
  <array name="atomtypes" >
   <dimension dim="1">type</dimension>
   <field type="int">atomspertype</field>
   <field type="string">element</field>
   <field>mass</field>
   <field>valence</field>
   <field type="string">pseudopotential</field>
   <set>
    <rc><c>   2</c><c>B </c><c>     10.81100000</c><c>      3.00000000</c><c> PAW_PBE B 06Sep2000                    </c></rc>
    <rc><c>   1</c><c>N </c><c>     14.00100000</c><c>      5.00000000</c><c> PAW_PBE N 08Apr2002                    </c></rc>
   </set>
  </array>
 </atominfo>
 <structure name="initialpos" >
  <crystal>
   <varray name="basis" >
    <v>       3.27327625       0.00000000       0.00000000 </v>
    <v>       0.00000032       4.20315641       0.00000000 </v>
    <v>       0.00000033       0.00000033       4.36107267 </v>
   </varray>
   <i name="volume">     60.00003913 </i>
   <varray name="rec_basis" >
    <v>       0.30550431      -0.00000002      -0.00000002 </v>
    <v>       0.00000000       0.23791644      -0.00000002 </v>
    <v>       0.00000000       0.00000000       0.22930138 </v>
   </varray>
  </crystal>
  <varray name="positions" >
   <v>       0.00000000       0.00000000       0.50000000 </v>
   <v>       0.50000000       0.00000000       0.00000000 </v>
   <v>       0.00000000       0.50000000       0.00000000 </v>
  </varray>
 </structure>
 <calculation>
  <scstep>
   <time name="dav">    0.10    0.10</time>
   <time name="total">    0.12    0.15</time>
   <energy>
    <i name="alphaZ">     11.95214432 </i>
    <i name="ewald">   -306.96309658 </i>
    <i name="hartreedc">    -89.24560765 </i>
    <i name="XCdc">     32.05341805 </i>
    <i name="pawpsdc">    138.58663713 </i>
    <i name="pawaedc">   -141.37715106 </i>
    <i name="eentropy">     -0.00596577 </i>
    <i name="bandstr">    -35.10443753 </i>
    <i name="atom">    406.89891147 </i>
    <i name="e_fr_energy">     16.79485238 </i>
    <i name="e_wo_entrp">     16.80081815 </i>
    <i name="e_0_energy">     16.79783526 </i>
   </energy>
  </scstep>
  <scstep>
   <time name="dav">    0.15    0.15</time>
   <time name="total">    0.15    0.15</time>
   <energy>
    <i name="e_fr_energy">     -9.17206375 </i>
    <i name="e_wo_entrp">     -9.16689258 </i>
    <i name="e_0_energy">     -9.16947817 </i>
   </energy>
  </scstep>
  <scstep>
   <time name="dav">    0.10    0.10</time>
   <time name="total">    0.10    0.10</time>
   <energy>
    <i name="e_fr_energy">     -9.77665356 </i>
    <i name="e_wo_entrp">     -9.77185201 </i>
    <i name="e_0_energy">     -9.77425279 </i>
   </energy>
  </scstep>
  <scstep>
   <time name="dav">    0.19    0.19</time>
   <time name="total">    0.19    0.19</time>
   <energy>
    <i name="e_fr_energy">     -9.77881379 </i>
    <i name="e_wo_entrp">     -9.77399597 </i>
    <i name="e_0_energy">     -9.77640488 </i>
   </energy>
  </scstep>
  <scstep>
   <time name="dav">    0.10    0.10</time>
   <time name="total">    0.11    0.11</time>
   <energy>
    <i name="e_fr_energy">     -9.77881383 </i>
    <i name="e_wo_entrp">     -9.77399601 </i>
    <i name="e_0_energy">     -9.77640492 </i>
   </energy>
  </scstep>
  <scstep>
   <time name="dav">    0.15    0.17</time>
   <time name="total">    0.18    0.20</time>
   <energy>
    <i name="e_fr_energy">    -12.96660960 </i>
    <i name="e_wo_entrp">    -12.96196880 </i>
    <i name="e_0_energy">    -12.96428920 </i>
   </energy>
  </scstep>
  <scstep>
   <time name="dav">    0.13    0.14</time>
   <time name="total">    0.16    0.17</time>
   <energy>
    <i name="e_fr_energy">     -8.88514858 </i>
    <i name="e_wo_entrp">     -8.88186634 </i>
    <i name="e_0_energy">     -8.88350746 </i>
   </energy>
  </scstep>
  <scstep>
   <time name="dav">    0.10    0.10</time>
   <time name="total">    0.13    0.13</time>
   <energy>
    <i name="e_fr_energy">     -8.85609448 </i>
    <i name="e_wo_entrp">     -8.85193705 </i>
    <i name="e_0_energy">     -8.85401576 </i>
   </energy>
  </scstep>
  <scstep>
   <time name="dav">    0.13    0.14</time>
   <time name="total">    0.16    0.17</time>
   <energy>
    <i name="e_fr_energy">     -8.82363093 </i>
    <i name="e_wo_entrp">     -8.81854802 </i>
    <i name="e_0_energy">     -8.82108948 </i>
   </energy>
  </scstep>
  <scstep>
   <time name="dav">    0.14    0.14</time>
   <time name="total">    0.17    0.17</time>
   <energy>
    <i name="e_fr_energy">     -8.82403938 </i>
    <i name="e_wo_entrp">     -8.81820838 </i>
    <i name="e_0_energy">     -8.82112388 </i>
   </energy>
  </scstep>
  <scstep>
   <time name="dav">    0.11    0.11</time>
   <time name="total">    0.14    0.14</time>
   <energy>
    <i name="e_fr_energy">     -8.82368427 </i>
    <i name="e_wo_entrp">     -8.81883780 </i>
    <i name="e_0_energy">     -8.82126104 </i>
   </energy>
  </scstep>
  <scstep>
   <time name="dav">    0.13    0.13</time>
   <time name="total">    0.16    0.16</time>
   <energy>
    <i name="e_fr_energy">     -8.82372711 </i>
    <i name="e_wo_entrp">     -8.81827919 </i>
    <i name="e_0_energy">     -8.82100315 </i>
   </energy>
  </scstep>
  <scstep>
   <time name="dav">    0.11    0.12</time>
   <time name="total">    0.15    0.15</time>
   <energy>
    <i name="e_fr_energy">     -8.82366654 </i>
    <i name="e_wo_entrp">     -8.81846766 </i>
    <i name="e_0_energy">     -8.82106710 </i>
   </energy>
  </scstep>
  <scstep>
   <time name="dav">    0.12    0.12</time>
   <time name="total">    0.14    0.14</time>
   <energy>
    <i name="alphaZ">     11.95214432 </i>
    <i name="ewald">   -306.96309658 </i>
    <i name="hartreedc">    -90.42997964 </i>
    <i name="XCdc">     31.85529251 </i>
    <i name="pawpsdc">    137.14045863 </i>
    <i name="pawaedc">   -139.79203260 </i>
    <i name="eentropy">     -0.00517483 </i>
    <i name="bandstr">    -59.48019160 </i>
    <i name="atom">    406.89891147 </i>
    <i name="e_fr_energy">     -8.82366832 </i>
    <i name="e_wo_entrp">     -8.81849349 </i>
    <i name="e_0_energy">     -8.82108090 </i>
   </energy>
  </scstep>
  <structure>
   <crystal>
    <varray name="basis" >
     <v>       3.27327625       0.00000000       0.00000000 </v>
     <v>       0.00000032       4.20315641       0.00000000 </v>
     <v>       0.00000033       0.00000033       4.36107267 </v>
    </varray>
    <i name="volume">     60.00003913 </i>
    <varray name="rec_basis" >
     <v>       0.30550431      -0.00000002      -0.00000002 </v>
     <v>       0.00000000       0.23791644      -0.00000002 </v>
     <v>       0.00000000       0.00000000       0.22930138 </v>
    </varray>
   </crystal>
   <varray name="positions" >
    <v>       0.00000000       0.00000000       0.50000000 </v>
    <v>       0.50000000       0.00000000       0.00000000 </v>
    <v>       0.00000000       0.50000000       0.00000000 </v>
   </varray>
  </structure>
  <varray name="forces" >
   <v>       0.00000000      -0.00000000       0.00000000 </v>
   <v>       0.00000000      -0.00000000       0.00000000 </v>
   <v>      -0.00000000       0.00000000       0.00000000 </v>
  </varray>
  <varray name="stress" >
   <v>    -183.79278447      -0.00001857      -0.00001548 </v>
   <v>      -0.00001857    -245.92343011      -0.00001548 </v>
   <v>      -0.00001548      -0.00001548    -205.10461964 </v>
  </varray>
  <energy>
   <i name="e_fr_energy">    103.52351949 </i>
   <i name="e_wo_entrp">    103.52610690 </i>
   <i name="e_0_energy">     -0.00517483 </i>
  </energy>
  <time name="totalsc">    2.30    2.40</time>
 </calculation>
 <calculation>
  <scstep>
   <time name="dav">    0.10    0.10</time>
   <time name="total">    0.13    0.14</time>
   <energy>
    <i name="alphaZ">     51.84273681 </i>
    <i name="ewald">   -500.41065551 </i>
    <i name="hartreedc">   -147.63854252 </i>
    <i name="XCdc">     50.49752737 </i>
    <i name="pawpsdc">    137.13059798 </i>
    <i name="pawaedc">   -139.78193358 </i>
    <i name="eentropy">     -0.00881497 </i>
    <i name="bandstr">     78.40358295 </i>
    <i name="atom">    406.89891147 </i>
    <i name="e_fr_energy">    -63.06659001 </i>
    <i name="e_wo_entrp">    -63.05777504 </i>
    <i name="e_0_energy">    -63.06218252 </i>
   </energy>
  </scstep>
  <scstep>
   <time name="dav">    0.11    0.11</time>
   <time name="total">    0.14    0.14</time>
   <energy>
    <i name="e_fr_energy">    -20.93626564 </i>
    <i name="e_wo_entrp">    -20.93245091 </i>
    <i name="e_0_energy">    -20.93435828 </i>
   </energy>
  </scstep>
  <scstep>
   <time name="dav">    0.11    0.11</time>
   <time name="total">    0.14    0.14</time>
   <energy>
    <i name="e_fr_energy">    -15.22590918 </i>
    <i name="e_wo_entrp">    -15.22568828 </i>
    <i name="e_0_energy">    -15.22579873 </i>
   </energy>
  </scstep>
  <scstep>
   <time name="dav">    0.12    0.12</time>
   <time name="total">    0.15    0.15</time>
   <energy>
    <i name="e_fr_energy">    -13.79639200 </i>
    <i name="e_wo_entrp">    -13.79602693 </i>
    <i name="e_0_energy">    -13.79620947 </i>
   </energy>
  </scstep>
  <scstep>
   <time name="dav">    0.11    0.11</time>
   <time name="total">    0.14    0.14</time>
   <energy>
    <i name="e_fr_energy">    -13.78285981 </i>
    <i name="e_wo_entrp">    -13.78260265 </i>
    <i name="e_0_energy">    -13.78273123 </i>
   </energy>
  </scstep>
  <scstep>
   <time name="dav">    0.13    0.13</time>
   <time name="total">    0.16    0.16</time>
   <energy>
    <i name="e_fr_energy">    -13.77931274 </i>
    <i name="e_wo_entrp">    -13.77916983 </i>
    <i name="e_0_energy">    -13.77924129 </i>
   </energy>
  </scstep>
  <scstep>
   <time name="dav">    0.13    0.13</time>
   <time name="total">    0.16    0.16</time>
   <energy>
    <i name="e_fr_energy">    -13.77933039 </i>
    <i name="e_wo_entrp">    -13.77916875 </i>
    <i name="e_0_energy">    -13.77924957 </i>
   </energy>
  </scstep>
  <scstep>
   <time name="dav">    0.10    0.10</time>
   <time name="total">    0.11    0.11</time>
   <energy>
    <i name="alphaZ">     51.84273681 </i>
    <i name="ewald">   -500.41065551 </i>
    <i name="hartreedc">    -46.00257167 </i>
    <i name="XCdc">     41.76814431 </i>
    <i name="pawpsdc">    242.15615688 </i>
    <i name="pawaedc">   -245.59366089 </i>
    <i name="eentropy">     -0.00015469 </i>
    <i name="bandstr">     35.56176355 </i>
    <i name="atom">    406.89891147 </i>
    <i name="e_fr_energy">    -13.77932974 </i>
    <i name="e_wo_entrp">    -13.77917505 </i>
    <i name="e_0_energy">    -13.77925239 </i>
   </energy>
  </scstep>
  <structure>
   <crystal>
    <varray name="basis" >
     <v>       2.01808952      -0.00000001      -0.00000001 </v>
     <v>       0.00000019       2.55994021      -0.00000001 </v>
     <v>       0.00000019       0.00000019       2.67755988 </v>
    </varray>
    <i name="volume">     13.83277911 </i>
    <varray name="rec_basis" >
     <v>       0.49551816      -0.00000004      -0.00000004 </v>
     <v>       0.00000000       0.39063412      -0.00000003 </v>
     <v>       0.00000000       0.00000000       0.37347437 </v>
    </varray>
   </crystal>
   <varray name="positions" >
    <v>       0.00000000      -0.00000000       0.50000000 </v>
    <v>       0.50000000      -0.00000000       0.00000000 </v>
    <v>      -0.00000000       0.50000000       0.00000000 </v>
   </varray>
  </structure>
  <varray name="forces" >
   <v>      -0.00000000      -0.00000000       0.00000000 </v>
   <v>       0.00000000      -0.00000000       0.00000000 </v>
   <v>       0.00000000       0.00000000       0.00000000 </v>
  </varray>
  <varray name="stress" >
   <v>    3011.57652613       0.00004145       0.00010705 </v>
   <v>       0.00004145     719.88573322       0.00011249 </v>
   <v>       0.00010705       0.00011249    1596.14506735 </v>
  </varray>
  <energy>
   <i name="e_fr_energy">     12.12188392 </i>
   <i name="e_wo_entrp">     12.12196126 </i>
   <i name="e_0_energy">     -0.00015469 </i>
  </energy>
  <time name="totalsc">    1.42    1.49</time>
 </calculation>
 <calculation>
  <scstep>
   <time name="dav">    0.10    0.12</time>
   <time name="total">    0.13    0.17</time>
   <energy>
    <i name="alphaZ">     57.61769805 </i>
    <i name="ewald">   -518.32168531 </i>
    <i name="hartreedc">    -47.65822502 </i>
    <i name="XCdc">     43.19144277 </i>
    <i name="pawpsdc">    242.14904845 </i>
    <i name="pawaedc">   -245.58633505 </i>
    <i name="eentropy">     -0.00249669 </i>
    <i name="bandstr">     49.65841838 </i>
    <i name="atom">    406.89891147 </i>
    <i name="e_fr_energy">    -12.05322295 </i>
    <i name="e_wo_entrp">    -12.05072625 </i>
    <i name="e_0_energy">    -12.05197460 </i>
   </energy>
  </scstep>
  <scstep>
   <time name="dav">    0.11    0.11</time>
   <time name="total">    0.14    0.14</time>
   <energy>
    <i name="e_fr_energy">    -11.87161832 </i>
    <i name="e_wo_entrp">    -11.87097970 </i>
    <i name="e_0_energy">    -11.87129901 </i>
   </energy>
  </scstep>
  <scstep>
   <time name="dav">    0.11    0.11</time>
   <time name="total">    0.14    0.14</time>
   <energy>
    <i name="e_fr_energy">    -11.86016282 </i>
    <i name="e_wo_entrp">    -11.85939097 </i>
    <i name="e_0_energy">    -11.85977689 </i>
   </energy>
  </scstep>
  <scstep>
   <time name="dav">    0.10    0.11</time>
   <time name="total">    0.14    0.14</time>
   <energy>
    <i name="e_fr_energy">    -11.85552012 </i>
    <i name="e_wo_entrp">    -11.85469481 </i>
    <i name="e_0_energy">    -11.85510746 </i>
   </energy>
  </scstep>
  <scstep>
   <time name="dav">    0.11    0.11</time>
   <time name="total">    0.14    0.14</time>
   <energy>
    <i name="e_fr_energy">    -11.85542093 </i>
    <i name="e_wo_entrp">    -11.85463514 </i>
    <i name="e_0_energy">    -11.85502803 </i>
   </energy>
  </scstep>
  <scstep>
   <time name="dav">    0.10    0.10</time>
   <time name="total">    0.12    0.12</time>
   <energy>
    <i name="alphaZ">     57.61769805 </i>
    <i name="ewald">   -518.32168531 </i>
    <i name="hartreedc">    -43.74215069 </i>
    <i name="XCdc">     42.88983421 </i>
    <i name="pawpsdc">    266.65362258 </i>
    <i name="pawaedc">   -270.23826029 </i>
    <i name="eentropy">     -0.00079714 </i>
    <i name="bandstr">     46.38741282 </i>
    <i name="atom">    406.89891147 </i>
    <i name="e_fr_energy">    -11.85541431 </i>
    <i name="e_wo_entrp">    -11.85461717 </i>
    <i name="e_0_energy">    -11.85501574 </i>
   </energy>
  </scstep>
  <structure>
   <crystal>
    <varray name="basis" >
     <v>       1.94926420      -0.00000001      -0.00000001 </v>
     <v>       0.00000018       2.46983817      -0.00000001 </v>
     <v>       0.00000019       0.00000018       2.58524827 </v>
    </varray>
    <i name="volume">     12.44633422 </i>
    <varray name="rec_basis" >
     <v>       0.51301409      -0.00000004      -0.00000004 </v>
     <v>       0.00000000       0.40488483      -0.00000003 </v>
     <v>       0.00000000       0.00000000       0.38681005 </v>
    </varray>
   </crystal>
   <varray name="positions" >
    <v>       0.00000000      -0.00000000       0.50000000 </v>
    <v>       0.50000000      -0.00000000      -0.00000000 </v>
    <v>      -0.00000000       0.50000000       0.00000000 </v>
   </varray>
  </structure>
  <varray name="forces" >
   <v>       0.00000000       0.00000000       0.00000000 </v>
   <v>       0.00000000       0.00000000       0.00000000 </v>
   <v>      -0.00000000      -0.00000000       0.00000000 </v>
  </varray>
  <varray name="stress" >
   <v>    4280.08504943       0.00009070       0.00016854 </v>
   <v>       0.00009070    1484.98260884       0.00017517 </v>
   <v>       0.00016854       0.00017517    2518.86434656 </v>
  </varray>
  <energy>
   <i name="e_fr_energy">     11.44974796 </i>
   <i name="e_wo_entrp">     11.45014653 </i>
   <i name="e_0_energy">     -0.00079714 </i>
  </energy>
  <time name="totalsc">    1.08    1.18</time>
 </calculation>
 <calculation>
  <scstep>
   <time name="dav">    0.10    0.10</time>
   <time name="total">    0.13    0.15</time>
   <energy>
    <i name="alphaZ">     59.00679162 </i>
    <i name="ewald">   -522.44943809 </i>
    <i name="hartreedc">    -44.09769272 </i>
    <i name="XCdc">     43.21584722 </i>
    <i name="pawpsdc">    266.77896100 </i>
    <i name="pawaedc">   -270.36411301 </i>
    <i name="eentropy">     -0.00252119 </i>
    <i name="bandstr">     49.66883215 </i>
    <i name="atom">    406.89891147 </i>
    <i name="e_fr_energy">    -11.34442156 </i>
    <i name="e_wo_entrp">    -11.34190038 </i>
    <i name="e_0_energy">    -11.34316097 </i>
   </energy>
  </scstep>
  <scstep>
   <time name="dav">    0.11    0.11</time>
   <time name="total">    0.14    0.14</time>
   <energy>
    <i name="e_fr_energy">    -11.33182066 </i>
    <i name="e_wo_entrp">    -11.32897433 </i>
    <i name="e_0_energy">    -11.33039750 </i>
   </energy>
  </scstep>
  <scstep>
   <time name="dav">    0.12    0.12</time>
   <time name="total">    0.15    0.15</time>
   <energy>
    <i name="e_fr_energy">    -11.33102872 </i>
    <i name="e_wo_entrp">    -11.32813199 </i>
    <i name="e_0_energy">    -11.32958035 </i>
   </energy>
  </scstep>
  <scstep>
   <time name="dav">    0.11    0.11</time>
   <time name="total">    0.14    0.14</time>
   <energy>
    <i name="e_fr_energy">    -11.33082325 </i>
    <i name="e_wo_entrp">    -11.32797215 </i>
    <i name="e_0_energy">    -11.32939770 </i>
   </energy>
  </scstep>
  <scstep>
   <time name="dav">    0.11    0.11</time>
   <time name="total">    0.14    0.14</time>
   <energy>
    <i name="e_fr_energy">    -11.33080247 </i>
    <i name="e_wo_entrp">    -11.32794394 </i>
    <i name="e_0_energy">    -11.32937321 </i>
   </energy>
  </scstep>
  <scstep>
   <time name="dav">    0.07    0.08</time>
   <time name="total">    0.08    0.10</time>
   <energy>
    <i name="alphaZ">     59.00679162 </i>
    <i name="ewald">   -522.44943809 </i>
    <i name="hartreedc">    -43.17813138 </i>
    <i name="XCdc">     43.14609483 </i>
    <i name="pawpsdc">    272.71535257 </i>
    <i name="pawaedc">   -276.34074561 </i>
    <i name="eentropy">     -0.00285251 </i>
    <i name="bandstr">     48.87321448 </i>
    <i name="atom">    406.89891147 </i>
    <i name="e_fr_energy">    -11.33080264 </i>
    <i name="e_wo_entrp">    -11.32795012 </i>
    <i name="e_0_energy">    -11.32937638 </i>
   </energy>
  </scstep>
  <structure>
   <crystal>
    <varray name="basis" >
     <v>       1.93407191      -0.00000001      -0.00000001 </v>
     <v>       0.00000018       2.44994932      -0.00000001 </v>
     <v>       0.00000019       0.00000018       2.56487169 </v>
    </varray>
    <i name="volume">     12.15333197 </i>
    <varray name="rec_basis" >
     <v>       0.51704386      -0.00000004      -0.00000004 </v>
     <v>       0.00000000       0.40817171      -0.00000003 </v>
     <v>       0.00000000       0.00000000       0.38988305 </v>
    </varray>
   </crystal>
   <varray name="positions" >
    <v>       0.00000000      -0.00000000       0.50000000 </v>
    <v>       0.50000000      -0.00000000      -0.00000000 </v>
    <v>      -0.00000000       0.50000000       0.00000000 </v>
   </varray>
  </structure>
  <varray name="forces" >
   <v>       0.00000000       0.00000000       0.00000000 </v>
   <v>      -0.00000000       0.00000000       0.00000000 </v>
   <v>       0.00000000      -0.00000000       0.00000000 </v>
  </varray>
  <varray name="stress" >
   <v>    4598.62580339       0.00009767       0.00018779 </v>
   <v>       0.00009767    1604.66917462       0.00019492 </v>
   <v>       0.00018779       0.00019492    2805.13656369 </v>
  </varray>
  <energy>
   <i name="e_fr_energy">     11.42572701 </i>
   <i name="e_wo_entrp">     11.42715327 </i>
   <i name="e_0_energy">     -0.00285251 </i>
  </energy>
  <time name="totalsc">    1.06    1.55</time>
 </calculation>
 <calculation>
  <scstep>
   <time name="dav">    0.10    0.10</time>
   <time name="total">    0.14    0.15</time>
   <energy>
    <i name="alphaZ">     59.46732728 </i>
    <i name="ewald">   -523.37582794 </i>
    <i name="hartreedc">    -43.24090136 </i>
    <i name="XCdc">     43.25436086 </i>
    <i name="pawpsdc">    272.76021216 </i>
    <i name="pawaedc">   -276.38576952 </i>
    <i name="eentropy">     -0.00595848 </i>
    <i name="bandstr">     48.60799919 </i>
    <i name="atom">    406.89891147 </i>
    <i name="e_fr_energy">    -12.01964635 </i>
    <i name="e_wo_entrp">    -12.01368788 </i>
    <i name="e_0_energy">    -12.01666712 </i>
   </energy>
  </scstep>
  <scstep>
   <time name="dav">    0.11    0.11</time>
   <time name="total">    0.14    0.15</time>
   <energy>
    <i name="e_fr_energy">    -11.98722381 </i>
    <i name="e_wo_entrp">    -11.98126533 </i>
    <i name="e_0_energy">    -11.98424457 </i>
   </energy>
  </scstep>
  <scstep>
   <time name="dav">    0.11    0.12</time>
   <time name="total">    0.15    0.16</time>
   <energy>
    <i name="e_fr_energy">    -11.97470373 </i>
    <i name="e_wo_entrp">    -11.96874525 </i>
    <i name="e_0_energy">    -11.97172449 </i>
   </energy>
  </scstep>
  <scstep>
   <time name="dav">    0.12    0.12</time>
   <time name="total">    0.15    0.15</time>
   <energy>
    <i name="e_fr_energy">    -11.97439306 </i>
    <i name="e_wo_entrp">    -11.96843458 </i>
    <i name="e_0_energy">    -11.97141382 </i>
   </energy>
  </scstep>
  <scstep>
   <time name="dav">    0.11    0.11</time>
   <time name="total">    0.14    0.15</time>
   <energy>
    <i name="e_fr_energy">    -11.97437671 </i>
    <i name="e_wo_entrp">    -11.96841824 </i>
    <i name="e_0_energy">    -11.97139748 </i>
   </energy>
  </scstep>
  <scstep>
   <time name="dav">    0.07    0.07</time>
   <time name="total">    0.08    0.08</time>
   <energy>
    <i name="alphaZ">     59.46732728 </i>
    <i name="ewald">   -523.37582794 </i>
    <i name="hartreedc">    -42.37806591 </i>
    <i name="XCdc">     43.18573497 </i>
    <i name="pawpsdc">    272.70652169 </i>
    <i name="pawaedc">   -276.38769875 </i>
    <i name="eentropy">     -0.00595848 </i>
    <i name="bandstr">     47.91467951 </i>
    <i name="atom">    406.89891147 </i>
    <i name="e_fr_energy">    -11.97437616 </i>
    <i name="e_wo_entrp">    -11.96841768 </i>
    <i name="e_0_energy">    -11.97139692 </i>
   </energy>
  </scstep>
  <structure>
   <crystal>
    <varray name="basis" >
     <v>       2.00630204      -0.00000000       0.00000000 </v>
     <v>       0.00000019       2.35999761       0.00000000 </v>
     <v>       0.00000020       0.00000019       2.54689514 </v>
    </varray>
    <i name="volume">     12.05921234 </i>
    <varray name="rec_basis" >
     <v>       0.49842944      -0.00000004      -0.00000004 </v>
     <v>       0.00000000       0.42372924      -0.00000003 </v>
     <v>      -0.00000000      -0.00000000       0.39263493 </v>
    </varray>
   </crystal>
   <varray name="positions" >
    <v>       0.00000000      -0.00000000       0.50000000 </v>
    <v>       0.50000000      -0.00000000      -0.00000000 </v>
    <v>      -0.00000000       0.50000000      -0.00000000 </v>
   </varray>
  </structure>
  <varray name="forces" >
   <v>       0.00000000      -0.00000000       0.00000000 </v>
   <v>       0.00000000      -0.00000000       0.00000000 </v>
   <v>      -0.00000000       0.00000000       0.00000000 </v>
  </varray>
  <varray name="stress" >
   <v>    4099.32056502       0.00011326       0.00023618 </v>
   <v>       0.00011326    1479.97028975       0.00021538 </v>
   <v>       0.00023618       0.00021538    2875.45540575 </v>
  </varray>
  <energy>
   <i name="e_fr_energy">     10.60591901 </i>
   <i name="e_wo_entrp">     10.60889825 </i>
   <i name="e_0_energy">     -0.00595848 </i>
  </energy>
  <time name="totalsc">    1.09    1.18</time>
 </calculation>
 <calculation>
  <scstep>
   <time name="dav">    0.14    0.15</time>
   <time name="total">    0.18    0.19</time>
   <energy>
    <i name="alphaZ">     61.91091438 </i>
    <i name="ewald">   -527.14686102 </i>
    <i name="hartreedc">    -43.46802553 </i>
    <i name="XCdc">     43.74366969 </i>
    <i name="pawpsdc">    272.70998337 </i>
    <i name="pawaedc">   -276.39121036 </i>
    <i name="eentropy">     -0.00354344 </i>
    <i name="bandstr">     49.54388431 </i>
    <i name="atom">    406.89891147 </i>
    <i name="e_fr_energy">    -12.20227713 </i>
    <i name="e_wo_entrp">    -12.19873369 </i>
    <i name="e_0_energy">    -12.20050541 </i>
   </energy>
  </scstep>
  <scstep>
   <time name="dav">    0.10    0.10</time>
   <time name="total">    0.14    0.14</time>
   <energy>
    <i name="e_fr_energy">    -11.81069631 </i>
    <i name="e_wo_entrp">    -11.80819675 </i>
    <i name="e_0_energy">    -11.80944653 </i>
   </energy>
  </scstep>
  <scstep>
   <time name="dav">    0.13    0.24</time>
   <time name="total">    0.17    0.27</time>
   <energy>
    <i name="e_fr_energy">    -11.71958401 </i>
    <i name="e_wo_entrp">    -11.71708663 </i>
    <i name="e_0_energy">    -11.71833532 </i>
   </energy>
  </scstep>
  <scstep>
   <time name="dav">    0.12    0.12</time>
   <time name="total">    0.15    0.15</time>
   <energy>
    <i name="e_fr_energy">    -11.70870574 </i>
    <i name="e_wo_entrp">    -11.70620900 </i>
    <i name="e_0_energy">    -11.70745737 </i>
   </energy>
  </scstep>
  <scstep>
   <time name="dav">    0.14    0.14</time>
   <time name="total">    0.17    0.18</time>
   <energy>
    <i name="e_fr_energy">    -11.70840569 </i>
    <i name="e_wo_entrp">    -11.70590895 </i>
    <i name="e_0_energy">    -11.70715732 </i>
   </energy>
  </scstep>
  <scstep>
   <time name="dav">    0.12    0.12</time>
   <time name="total">    0.15    0.16</time>
   <energy>
    <i name="e_fr_energy">    -11.70838783 </i>
    <i name="e_wo_entrp">    -11.70589105 </i>
    <i name="e_0_energy">    -11.70713944 </i>
   </energy>
  </scstep>
  <scstep>
   <time name="dav">    0.07    0.08</time>
   <time name="total">    0.09    0.09</time>
   <energy>
    <i name="alphaZ">     61.91091438 </i>
    <i name="ewald">   -527.14686102 </i>
    <i name="hartreedc">    -43.94259297 </i>
    <i name="XCdc">     43.67313864 </i>
    <i name="pawpsdc">    283.74589443 </i>
    <i name="pawaedc">   -287.49137578 </i>
    <i name="eentropy">     -0.00249677 </i>
    <i name="bandstr">     50.64608096 </i>
    <i name="atom">    406.89891147 </i>
    <i name="e_fr_energy">    -11.70838667 </i>
    <i name="e_wo_entrp">    -11.70588990 </i>
    <i name="e_0_energy">    -11.70713828 </i>
   </energy>
  </scstep>
  <structure>
   <crystal>
    <varray name="basis" >
     <v>       2.22299245       0.00000001       0.00000003 </v>
     <v>       0.00000023       2.09014247       0.00000004 </v>
     <v>       0.00000026       0.00000021       2.49296548 </v>
    </varray>
    <i name="volume">     11.58324238 </i>
    <varray name="rec_basis" >
     <v>       0.44984408      -0.00000005      -0.00000005 </v>
     <v>      -0.00000000       0.47843629      -0.00000004 </v>
     <v>      -0.00000001      -0.00000001       0.40112870 </v>
    </varray>
   </crystal>
   <varray name="positions" >
    <v>       0.00000000      -0.00000000       0.50000000 </v>
    <v>       0.50000000      -0.00000000      -0.00000000 </v>
    <v>       0.00000000       0.50000000       0.00000000 </v>
   </varray>
  </structure>
  <varray name="forces" >
   <v>       0.00000000       0.00000000       0.00000000 </v>
   <v>       0.00000000       0.00000000       0.00000000 </v>
   <v>      -0.00000000      -0.00000000       0.00000000 </v>
  </varray>
  <varray name="stress" >
   <v>    2293.55428197       0.00045058       0.00034211 </v>
   <v>       0.00045058    4026.26019419       0.00032055 </v>
   <v>       0.00034211       0.00032055    2975.18488999 </v>
  </varray>
  <energy>
   <i name="e_fr_energy">      9.98067763 </i>
   <i name="e_wo_entrp">      9.98192602 </i>
   <i name="e_0_energy">     -0.00249677 </i>
  </energy>
  <time name="totalsc">    1.31    1.49</time>
 </calculation>
 <calculation>
  <scstep>
   <time name="dav">    0.13    0.13</time>
   <time name="total">    0.17    0.18</time>
   <energy>
    <i name="alphaZ">     60.77096074 </i>
    <i name="ewald">   -525.49400200 </i>
    <i name="hartreedc">    -43.01495810 </i>
    <i name="XCdc">     43.41333389 </i>
    <i name="pawpsdc">    283.75149425 </i>
    <i name="pawaedc">   -287.49706763 </i>
    <i name="eentropy">     -0.00249669 </i>
    <i name="bandstr">     48.78839597 </i>
    <i name="atom">    406.89891147 </i>
    <i name="e_fr_energy">    -12.38542810 </i>
    <i name="e_wo_entrp">    -12.38293141 </i>
    <i name="e_0_energy">    -12.38417975 </i>
   </energy>
  </scstep>
  <scstep>
   <time name="dav">    0.11    0.11</time>
   <time name="total">    0.14    0.14</time>
   <energy>
    <i name="e_fr_energy">    -12.32397385 </i>
    <i name="e_wo_entrp">    -12.32147716 </i>
    <i name="e_0_energy">    -12.32272551 </i>
   </energy>
  </scstep>
  <scstep>
   <time name="dav">    0.14    0.24</time>
   <time name="total">    0.17    0.27</time>
   <energy>
    <i name="e_fr_energy">    -12.30411318 </i>
    <i name="e_wo_entrp">    -12.30161649 </i>
    <i name="e_0_energy">    -12.30286484 </i>
   </energy>
  </scstep>
  <scstep>
   <time name="dav">    0.13    0.13</time>
   <time name="total">    0.16    0.17</time>
   <energy>
    <i name="e_fr_energy">    -12.30360037 </i>
    <i name="e_wo_entrp">    -12.30110368 </i>
    <i name="e_0_energy">    -12.30235202 </i>
   </energy>
  </scstep>
  <scstep>
   <time name="dav">    0.18    0.19</time>
   <time name="total">    0.20    0.21</time>
   <energy>
    <i name="alphaZ">     60.77096074 </i>
    <i name="ewald">   -525.49400200 </i>
    <i name="hartreedc">    -42.89585222 </i>
    <i name="XCdc">     43.43292671 </i>
    <i name="pawpsdc">    278.65952590 </i>
    <i name="pawaedc">   -282.38300875 </i>
    <i name="eentropy">     -0.00249669 </i>
    <i name="bandstr">     48.70943930 </i>
    <i name="atom">    406.89891147 </i>
    <i name="e_fr_energy">    -12.30359556 </i>
    <i name="e_wo_entrp">    -12.30109887 </i>
    <i name="e_0_energy">    -12.30234721 </i>
   </energy>
  </scstep>
  <structure>
   <crystal>
    <varray name="basis" >
     <v>       2.13941403       0.00000001       0.00000002 </v>
     <v>       0.00000021       2.19422675       0.00000003 </v>
     <v>       0.00000024       0.00000020       2.51376638 </v>
    </varray>
    <i name="volume">     11.80052312 </i>
    <varray name="rec_basis" >
     <v>       0.46741771      -0.00000005      -0.00000004 </v>
     <v>      -0.00000000       0.45574141      -0.00000004 </v>
     <v>      -0.00000000      -0.00000000       0.39780944 </v>
    </varray>
   </crystal>
   <varray name="positions" >
    <v>       0.00000000      -0.00000000       0.50000000 </v>
    <v>       0.50000000      -0.00000000       0.00000000 </v>
    <v>      -0.00000000       0.50000000      -0.00000000 </v>
   </varray>
  </structure>
  <varray name="forces" >
   <v>      -0.00000000      -0.00000000       0.00000000 </v>
   <v>      -0.00000000      -0.00000000       0.00000000 </v>
   <v>       0.00000000       0.00000000       0.00000000 </v>
  </varray>
  <varray name="stress" >
   <v>    3096.71988910       0.00026320       0.00030250 </v>
   <v>       0.00026320    2618.18833872       0.00025889 </v>
   <v>       0.00030250       0.00025889    2886.57867166 </v>
  </varray>
  <energy>
   <i name="e_fr_energy">      9.79231648 </i>
   <i name="e_wo_entrp">      9.79356483 </i>
   <i name="e_0_energy">     -0.00249669 </i>
  </energy>
  <time name="totalsc">    1.14    1.31</time>
 </calculation>
 <calculation>
  <scstep>
   <time name="dav">    0.14    0.14</time>
   <time name="total">    0.17    0.18</time>
   <energy>
    <i name="alphaZ">     61.00715226 </i>
    <i name="ewald">   -525.84746652 </i>
    <i name="hartreedc">    -43.05901171 </i>
    <i name="XCdc">     43.48732039 </i>
    <i name="pawpsdc">    278.61797279 </i>
    <i name="pawaedc">   -282.34113704 </i>
    <i name="eentropy">     -0.00249669 </i>
    <i name="bandstr">     48.99606330 </i>
    <i name="atom">    406.89891147 </i>
    <i name="e_fr_energy">    -12.24269175 </i>
    <i name="e_wo_entrp">    -12.24019506 </i>
    <i name="e_0_energy">    -12.24144341 </i>
   </energy>
  </scstep>
  <scstep>
   <time name="dav">    0.11    0.13</time>
   <time name="total">    0.14    0.16</time>
   <energy>
    <i name="e_fr_energy">    -12.23943361 </i>
    <i name="e_wo_entrp">    -12.23693692 </i>
    <i name="e_0_energy">    -12.23818526 </i>
   </energy>
  </scstep>
  <scstep>
   <time name="dav">    0.12    0.12</time>
   <time name="total">    0.16    0.16</time>
   <energy>
    <i name="e_fr_energy">    -12.23841964 </i>
    <i name="e_wo_entrp">    -12.23592295 </i>
    <i name="e_0_energy">    -12.23717129 </i>
   </energy>
  </scstep>
  <scstep>
   <time name="dav">    0.12    0.12</time>
   <time name="total">    0.15    0.16</time>
   <energy>
    <i name="e_fr_energy">    -12.23839087 </i>
    <i name="e_wo_entrp">    -12.23589418 </i>
    <i name="e_0_energy">    -12.23714253 </i>
   </energy>
  </scstep>
  <scstep>
   <time name="dav">    0.08    0.08</time>
   <time name="total">    0.10    0.10</time>
   <energy>
    <i name="alphaZ">     61.00715226 </i>
    <i name="ewald">   -525.84746652 </i>
    <i name="hartreedc">    -43.09590548 </i>
    <i name="XCdc">     43.48274701 </i>
    <i name="pawpsdc">    279.67282644 </i>
    <i name="pawaedc">   -283.39957606 </i>
    <i name="eentropy">     -0.00249669 </i>
    <i name="bandstr">     49.04541696 </i>
    <i name="atom">    406.89891147 </i>
    <i name="e_fr_energy">    -12.23839060 </i>
    <i name="e_wo_entrp">    -12.23589391 </i>
    <i name="e_0_energy">    -12.23714225 </i>
   </energy>
  </scstep>
  <structure>
   <crystal>
    <varray name="basis" >
     <v>       2.15839374       0.00000001       0.00000002 </v>
     <v>       0.00000022       2.17059040       0.00000003 </v>
     <v>       0.00000024       0.00000020       2.50904274 </v>
    </varray>
    <i name="volume">     11.75483694 </i>
    <varray name="rec_basis" >
     <v>       0.46330750      -0.00000005      -0.00000005 </v>
     <v>      -0.00000000       0.46070415      -0.00000004 </v>
     <v>      -0.00000000      -0.00000001       0.39855838 </v>
    </varray>
   </crystal>
   <varray name="positions" >
    <v>       0.00000000      -0.00000000       0.50000000 </v>
    <v>       0.50000000      -0.00000000       0.00000000 </v>
    <v>       0.00000000       0.50000000      -0.00000000 </v>
   </varray>
  </structure>
  <varray name="forces" >
   <v>      -0.00000000      -0.00000000       0.00000000 </v>
   <v>      -0.00000000       0.00000000       0.00000000 </v>
   <v>       0.00000000       0.00000000       0.00000000 </v>
  </varray>
  <varray name="stress" >
   <v>    2908.13201949       0.00030039       0.00031176 </v>
   <v>       0.00030039    2912.49636130       0.00027041 </v>
   <v>       0.00031176       0.00027041    2904.76528036 </v>
  </varray>
  <energy>
   <i name="e_fr_energy">      9.77197627 </i>
   <i name="e_wo_entrp">      9.77322461 </i>
   <i name="e_0_energy">     -0.00249669 </i>
  </energy>
  <time name="totalsc">    0.99    1.08</time>
 </calculation>
 <calculation>
  <scstep>
   <time name="dav">    0.11    0.11</time>
   <time name="total">    0.14    0.16</time>
   <energy>
    <i name="alphaZ">     61.58366957 </i>
    <i name="ewald">   -527.49985005 </i>
    <i name="hartreedc">    -43.22824663 </i>
    <i name="XCdc">     43.61283845 </i>
    <i name="pawpsdc">    279.68291841 </i>
    <i name="pawaedc">   -283.40972837 </i>
    <i name="eentropy">     -0.00249669 </i>
    <i name="bandstr">     50.32586562 </i>
    <i name="atom">    406.89891147 </i>
    <i name="e_fr_energy">    -12.03611822 </i>
    <i name="e_wo_entrp">    -12.03362153 </i>
    <i name="e_0_energy">    -12.03486988 </i>
   </energy>
  </scstep>
  <scstep>
   <time name="dav">    0.13    0.13</time>
   <time name="total">    0.16    0.17</time>
   <energy>
    <i name="e_fr_energy">    -12.03492445 </i>
    <i name="e_wo_entrp">    -12.03242777 </i>
    <i name="e_0_energy">    -12.03367611 </i>
   </energy>
  </scstep>
  <scstep>
   <time name="dav">    0.13    0.14</time>
   <time name="total">    0.16    0.17</time>
   <energy>
    <i name="e_fr_energy">    -12.03485650 </i>
    <i name="e_wo_entrp">    -12.03235981 </i>
    <i name="e_0_energy">    -12.03360816 </i>
   </energy>
  </scstep>
  <scstep>
   <time name="dav">    0.10    0.10</time>
   <time name="total">    0.13    0.14</time>
   <energy>
    <i name="e_fr_energy">    -12.03484056 </i>
    <i name="e_wo_entrp">    -12.03234387 </i>
    <i name="e_0_energy">    -12.03359222 </i>
   </energy>
  </scstep>
  <scstep>
   <time name="dav">    0.07    0.07</time>
   <time name="total">    0.09    0.09</time>
   <energy>
    <i name="alphaZ">     61.58366957 </i>
    <i name="ewald">   -527.49985005 </i>
    <i name="hartreedc">    -42.89614229 </i>
    <i name="XCdc">     43.58838772 </i>
    <i name="pawpsdc">    282.35225837 </i>
    <i name="pawaedc">   -286.09438091 </i>
    <i name="eentropy">     -0.00249669 </i>
    <i name="bandstr">     50.03480210 </i>
    <i name="atom">    406.89891147 </i>
    <i name="e_fr_energy">    -12.03484071 </i>
    <i name="e_wo_entrp">    -12.03234402 </i>
    <i name="e_0_energy">    -12.03359236 </i>
   </energy>
  </scstep>
  <structure>
   <crystal>
    <varray name="basis" >
     <v>       2.15240090       0.00000003       0.00000004 </v>
     <v>       0.00000024       2.16339892       0.00000005 </v>
     <v>       0.00000027       0.00000022       2.50076005 </v>
    </varray>
    <i name="volume">     11.64479369 </i>
    <varray name="rec_basis" >
     <v>       0.46459746      -0.00000005      -0.00000005 </v>
     <v>      -0.00000001       0.46223560      -0.00000004 </v>
     <v>      -0.00000001      -0.00000001       0.39987843 </v>
    </varray>
   </crystal>
   <varray name="positions" >
    <v>      -0.00000000      -0.00000000       0.50000000 </v>
    <v>       0.50000000      -0.00000000       0.00000000 </v>
    <v>       0.00000000       0.50000000      -0.00000000 </v>
   </varray>
  </structure>
  <varray name="forces" >
   <v>       0.00000000      -0.00000000       0.00000000 </v>
   <v>       0.00000000      -0.00000000       0.00000000 </v>
   <v>      -0.00000000       0.00000000       0.00000000 </v>
  </varray>
  <varray name="stress" >
   <v>    3012.40405004       0.00037438       0.00038822 </v>
   <v>       0.00037438    3027.81470911       0.00033690 </v>
   <v>       0.00038822       0.00033690    3017.19876036 </v>
  </varray>
  <energy>
   <i name="e_fr_energy">      9.76947547 </i>
   <i name="e_wo_entrp">      9.77072381 </i>
   <i name="e_0_energy">     -0.00249669 </i>
  </energy>
  <time name="totalsc">    0.97    1.27</time>
 </calculation>
 <calculation>
  <scstep>
   <time name="dav">    0.10    0.11</time>
   <time name="total">    0.14    0.15</time>
   <energy>
    <i name="alphaZ">     61.48254772 </i>
    <i name="ewald">   -527.21077023 </i>
    <i name="hartreedc">    -42.87365375 </i>
    <i name="XCdc">     43.56568993 </i>
    <i name="pawpsdc">    282.36831276 </i>
    <i name="pawaedc">   -286.11050191 </i>
    <i name="eentropy">     -0.00249669 </i>
    <i name="bandstr">     49.81110312 </i>
    <i name="atom">    406.89891147 </i>
    <i name="e_fr_energy">    -12.07085759 </i>
    <i name="e_wo_entrp">    -12.06836090 </i>
    <i name="e_0_energy">    -12.06960925 </i>
   </energy>
  </scstep>
  <scstep>
   <time name="dav">    0.11    0.11</time>
   <time name="total">    0.14    0.14</time>
   <energy>
    <i name="e_fr_energy">    -12.07082075 </i>
    <i name="e_wo_entrp">    -12.06832406 </i>
    <i name="e_0_energy">    -12.06957241 </i>
   </energy>
  </scstep>
  <scstep>
   <time name="dav">    0.06    0.07</time>
   <time name="total">    0.08    0.08</time>
   <energy>
    <i name="alphaZ">     61.48254772 </i>
    <i name="ewald">   -527.21077023 </i>
    <i name="hartreedc">    -42.92889269 </i>
    <i name="XCdc">     43.56963338 </i>
    <i name="pawpsdc">    282.07987130 </i>
    <i name="pawaedc">   -285.82031175 </i>
    <i name="eentropy">     -0.00249669 </i>
    <i name="bandstr">     49.86068920 </i>
    <i name="atom">    406.89891147 </i>
    <i name="e_fr_energy">    -12.07081830 </i>
    <i name="e_wo_entrp">    -12.06832161 </i>
    <i name="e_0_energy">    -12.06956995 </i>
   </energy>
  </scstep>
  <structure>
   <crystal>
    <varray name="basis" >
     <v>       2.15344662       0.00000003       0.00000004 </v>
     <v>       0.00000023       2.16465380       0.00000004 </v>
     <v>       0.00000027       0.00000022       2.50220534 </v>
    </varray>
    <i name="volume">     11.66394617 </i>
    <varray name="rec_basis" >
     <v>       0.46437185      -0.00000005      -0.00000005 </v>
     <v>      -0.00000001       0.46196764      -0.00000004 </v>
     <v>      -0.00000001      -0.00000001       0.39964746 </v>
    </varray>
   </crystal>
   <varray name="positions" >
    <v>      -0.00000000      -0.00000000       0.50000000 </v>
    <v>       0.50000000      -0.00000000       0.00000000 </v>
    <v>       0.00000000       0.50000000      -0.00000000 </v>
   </varray>
  </structure>
  <varray name="forces" >
   <v>      -0.00000000      -0.00000000       0.00000000 </v>
   <v>      -0.00000000      -0.00000000       0.00000000 </v>
   <v>       0.00000000       0.00000000       0.00000000 </v>
  </varray>
  <varray name="stress" >
   <v>    2994.20954297       0.00036113       0.00037450 </v>
   <v>       0.00036113    3007.81236804       0.00032496 </v>
   <v>       0.00037450       0.00032496    2997.45737908 </v>
  </varray>
  <energy>
   <i name="e_fr_energy">      9.76935998 </i>
   <i name="e_wo_entrp">      9.77060832 </i>
   <i name="e_0_energy">     -0.00249669 </i>
  </energy>
  <time name="totalsc">    0.60    0.69</time>
  <eigenvalues>
   <array>
    <dimension dim="1">band</dimension>
    <dimension dim="2">kpoint</dimension>
    <dimension dim="3">spin</dimension>
    <field>eigene</field>
    <field>occ</field>
    <set>
     <set comment="spin 1">
      <set comment="kpoint 1">
       <r>  -11.8955    1.0000 </r>
       <r>    3.7973    1.0000 </r>
       <r>    7.4227    1.0000 </r>
       <r>    8.2061    1.0000 </r>
       <r>   13.4629    1.0000 </r>
       <r>   22.7199    0.0000 </r>
       <r>   23.9659    0.0000 </r>
       <r>   24.7241    0.0000 </r>
       <r>   25.7467    0.0000 </r>
       <r>   28.3275    0.0000 </r>
       <r>   33.7244    0.0000 </r>
       <r>   36.2480    0.0000 </r>
       <r>   36.6178    0.0000 </r>
       <r>   42.6464    0.0000 </r>
       <r>   43.1185    0.0000 </r>
       <r>   46.7179    0.0000 </r>
      </set>
      <set comment="kpoint 2">
       <r>  -10.6002    1.0000 </r>
       <r>    2.4645    1.0000 </r>
       <r>    5.2462    1.0000 </r>
       <r>    8.8259    1.0000 </r>
       <r>   14.5131    1.0000 </r>
       <r>   21.3909    0.0000 </r>
       <r>   22.1000    0.0000 </r>
       <r>   24.1929    0.0000 </r>
       <r>   26.9487    0.0000 </r>
       <r>   29.1910    0.0000 </r>
       <r>   30.5177    0.0000 </r>
       <r>   33.0880    0.0000 </r>
       <r>   36.4790    0.0000 </r>
       <r>   44.4799    0.0000 </r>
       <r>   49.5735    0.0000 </r>
       <r>   51.5368    0.0000 </r>
      </set>
      <set comment="kpoint 3">
       <r>   -8.2996    1.0000 </r>
       <r>   -2.4699    1.0000 </r>
       <r>    7.4839    1.0000 </r>
       <r>   10.9387    1.0000 </r>
       <r>   15.2331    1.0000 </r>
       <r>   17.0936    1.0000 </r>
       <r>   21.0008    0.0000 </r>
       <r>   21.6835    0.0000 </r>
       <r>   23.4693    0.0000 </r>
       <r>   29.8055    0.0000 </r>
       <r>   30.2045    0.0000 </r>
       <r>   35.9648    0.0000 </r>
       <r>   42.0941    0.0000 </r>
       <r>   48.0266    0.0000 </r>
       <r>   49.7713    0.0000 </r>
       <r>   50.2599    0.0000 </r>
      </set>
      <set comment="kpoint 4">
       <r>   -9.4595    1.0000 </r>
       <r>   -0.8038    1.0000 </r>
       <r>    6.9921    1.0000 </r>
       <r>   11.1467    1.0000 </r>
       <r>   15.6734    1.0000 </r>
       <r>   16.0374    1.0000 </r>
       <r>   19.9893    0.0000 </r>
       <r>   20.4167    0.0000 </r>
       <r>   26.5583    0.0000 </r>
       <r>   34.0880    0.0000 </r>
       <r>   34.9767    0.0000 </r>
       <r>   35.9711    0.0000 </r>
       <r>   37.4034    0.0000 </r>
       <r>   46.4548    0.0000 </r>
       <r>   46.7118    0.0000 </r>
       <r>   48.5844    0.0000 </r>
      </set>
      <set comment="kpoint 5">
       <r>   -8.0959    1.0000 </r>
       <r>    0.1784    1.0000 </r>
       <r>    5.1748    1.0000 </r>
       <r>    8.3472    1.0000 </r>
       <r>   12.4117    1.0000 </r>
       <r>   17.1204    1.0000 </r>
       <r>   19.6477    0.0000 </r>
       <r>   24.7066    0.0000 </r>
       <r>   27.5847    0.0000 </r>
       <r>   28.9631    0.0000 </r>
       <r>   34.4517    0.0000 </r>
       <r>   35.0667    0.0000 </r>
       <r>   39.3105    0.0000 </r>
       <r>   40.5041    0.0000 </r>
       <r>   43.3997    0.0000 </r>
       <r>   53.5782    0.0000 </r>
      </set>
      <set comment="kpoint 6">
       <r>   -5.6266    1.0000 </r>
       <r>   -0.3345    1.0000 </r>
       <r>    2.2747    1.0000 </r>
       <r>    8.6360    1.0000 </r>
       <r>   10.2905    1.0000 </r>
       <r>   19.2673    0.0000 </r>
       <r>   21.1353    0.0000 </r>
       <r>   21.4839    0.0000 </r>
       <r>   26.1461    0.0000 </r>
       <r>   27.8690    0.0000 </r>
       <r>   34.3232    0.0000 </r>
       <r>   34.7269    0.0000 </r>
       <r>   36.2797    0.0000 </r>
       <r>   38.8560    0.0000 </r>
       <r>   54.6009    0.0000 </r>
       <r>   55.6002    0.0000 </r>
      </set>
      <set comment="kpoint 7">
       <r>  -10.5385    1.0000 </r>
       <r>   -1.7304    1.0000 </r>
       <r>    8.5919    1.0000 </r>
       <r>    9.2923    1.0000 </r>
       <r>   18.1645    0.0000 </r>
       <r>   21.6818    0.0000 </r>
       <r>   22.7109    0.0000 </r>
       <r>   22.7571    0.0000 </r>
       <r>   26.5001    0.0000 </r>
       <r>   28.0425    0.0000 </r>
       <r>   33.2851    0.0000 </r>
       <r>   34.1168    0.0000 </r>
       <r>   36.8244    0.0000 </r>
       <r>   44.1728    0.0000 </r>
       <r>   50.5635    0.0000 </r>
       <r>   50.9722    0.0000 </r>
      </set>
      <set comment="kpoint 8">
       <r>   -9.3635    1.0000 </r>
       <r>   -0.2961    1.0000 </r>
       <r>    4.2747    1.0000 </r>
       <r>    9.9918    1.0000 </r>
       <r>   12.2585    1.0000 </r>
       <r>   22.0054    0.0000 </r>
       <r>   23.8931    0.0000 </r>
       <r>   26.7700    0.0000 </r>
       <r>   27.7553    0.0000 </r>
       <r>   27.9060    0.0000 </r>
       <r>   30.8626    0.0000 </r>
       <r>   34.8112    0.0000 </r>
       <r>   38.4710    0.0000 </r>
       <r>   43.6751    0.0000 </r>
       <r>   46.2505    0.0000 </r>
       <r>   49.9000    0.0000 </r>
      </set>
      <set comment="kpoint 9">
       <r>   -7.4582    1.0000 </r>
       <r>   -0.5550    1.0000 </r>
       <r>    3.4619    1.0000 </r>
       <r>    6.4213    1.0000 </r>
       <r>   12.1076    1.0000 </r>
       <r>   22.5948    0.0000 </r>
       <r>   23.1413    0.0000 </r>
       <r>   25.3852    0.0000 </r>
       <r>   27.1531    0.0000 </r>
       <r>   27.8442    0.0000 </r>
       <r>   31.8956    0.0000 </r>
       <r>   37.1747    0.0000 </r>
       <r>   39.3318    0.0000 </r>
       <r>   41.4016    0.0000 </r>
       <r>   46.8526    0.0000 </r>
       <r>   49.6106    0.0000 </r>
      </set>
      <set comment="kpoint 10">
       <r>   -8.0446    1.0000 </r>
       <r>    0.2155    1.0000 </r>
       <r>    1.0935    1.0000 </r>
       <r>    9.7244    1.0000 </r>
       <r>   12.0324    1.0000 </r>
       <r>   21.8495    0.0000 </r>
       <r>   24.0559    0.0000 </r>
       <r>   26.1824    0.0000 </r>
       <r>   27.1651    0.0000 </r>
       <r>   28.2089    0.0000 </r>
       <r>   34.9881    0.0000 </r>
       <r>   35.2181    0.0000 </r>
       <r>   38.9455    0.0000 </r>
       <r>   42.8621    0.0000 </r>
       <r>   43.3912    0.0000 </r>
       <r>   48.7525    0.0000 </r>
      </set>
      <set comment="kpoint 11">
       <r>   -6.7987    1.0000 </r>
       <r>    0.8932    1.0000 </r>
       <r>    2.5280    1.0000 </r>
       <r>    6.4934    1.0000 </r>
       <r>   10.3367    1.0000 </r>
       <r>   17.3183    1.0000 </r>
       <r>   20.8025    0.0000 </r>
       <r>   26.4742    0.0000 </r>
       <r>   28.7832    0.0000 </r>
       <r>   30.2040    0.0000 </r>
       <r>   33.3823    0.0000 </r>
       <r>   36.8558    0.0000 </r>
       <r>   38.5636    0.0000 </r>
       <r>   44.1153    0.0000 </r>
       <r>   50.7424    0.0000 </r>
       <r>   53.1835    0.0000 </r>
      </set>
      <set comment="kpoint 12">
       <r>   -4.7331    1.0000 </r>
       <r>    1.0672    1.0000 </r>
       <r>    2.8825    1.0000 </r>
       <r>    5.8098    1.0000 </r>
       <r>    7.2709    1.0000 </r>
       <r>   16.4235    1.0000 </r>
       <r>   17.6369    0.2500 </r>
       <r>   24.0685    0.0000 </r>
       <r>   28.2342    0.0000 </r>
       <r>   30.5478    0.0000 </r>
       <r>   34.6302    0.0000 </r>
       <r>   37.6445    0.0000 </r>
       <r>   38.9398    0.0000 </r>
       <r>   50.9738    0.0000 </r>
       <r>   53.7292    0.0000 </r>
       <r>   57.3262    0.0000 </r>
      </set>
     </set>
    </set>
   </array>
  </eigenvalues>
  <separator name="orbital magnetization" >
   <v name="MAGDIPOLOUT">      0.00000000      0.00000000      0.00000000</v>
  </separator>
  <dos>
   <i name="efermi">     17.61300683 </i>
   <total>
    <array>
     <dimension dim="1">gridpoints</dimension>
     <dimension dim="2">spin</dimension>
     <field>energy</field>
     <field>total</field>
     <field>integrated</field>
     <set>
      <set comment="spin 1">
       <r>   -15.3565     0.0000     0.0000 </r>
       <r>   -15.1027     0.0000     0.0000 </r>
       <r>   -14.8489     0.0000     0.0000 </r>
       <r>   -14.5951     0.0000     0.0000 </r>
       <r>   -14.3413     0.0000     0.0000 </r>
       <r>   -14.0875     0.0000     0.0000 </r>
       <r>   -13.8337     0.0000     0.0000 </r>
       <r>   -13.5799     0.0000     0.0000 </r>
       <r>   -13.3260     0.0000     0.0000 </r>
       <r>   -13.0722     0.0000     0.0000 </r>
       <r>   -12.8184     0.0000     0.0000 </r>
       <r>   -12.5646     0.0000     0.0000 </r>
       <r>   -12.3108     0.0000     0.0000 </r>
       <r>   -12.0570     0.0000     0.0000 </r>
       <r>   -11.8032     0.2179     0.0553 </r>
       <r>   -11.5494     0.0010     0.0556 </r>
       <r>   -11.2955     0.0000     0.0556 </r>
       <r>   -11.0417     0.0000     0.0556 </r>
       <r>   -10.7879     0.0000     0.0556 </r>
       <r>   -10.5341     0.6651     0.2244 </r>
       <r>   -10.2803     0.2104     0.2778 </r>
       <r>   -10.0265     0.0000     0.2778 </r>
       <r>    -9.7727     0.0000     0.2778 </r>
       <r>    -9.5188     0.0205     0.2830 </r>
       <r>    -9.2650     1.2905     0.6105 </r>
       <r>    -9.0112     0.0023     0.6111 </r>
       <r>    -8.7574     0.0000     0.6111 </r>
       <r>    -8.5036     0.0000     0.6111 </r>
       <r>    -8.2498     0.2015     0.6623 </r>
       <r>    -7.9960     1.6924     1.0918 </r>
       <r>    -7.7422     0.0761     1.1111 </r>
       <r>    -7.4883     0.0860     1.1329 </r>
       <r>    -7.2345     0.3517     1.2222 </r>
       <r>    -6.9807     0.0000     1.2222 </r>
       <r>    -6.7269     1.7141     1.6573 </r>
       <r>    -6.4731     0.0370     1.6667 </r>
       <r>    -6.2193     0.0000     1.6667 </r>
       <r>    -5.9655     0.0000     1.6667 </r>
       <r>    -5.7117     0.0035     1.6676 </r>
       <r>    -5.4578     0.4342     1.7778 </r>
       <r>    -5.2040     0.0000     1.7778 </r>
       <r>    -4.9502     0.0000     1.7778 </r>
       <r>    -4.6964     0.7447     1.9668 </r>
       <r>    -4.4426     0.1308     2.0000 </r>
       <r>    -4.1888     0.0000     2.0000 </r>
       <r>    -3.9350     0.0000     2.0000 </r>
       <r>    -3.6812     0.0000     2.0000 </r>
       <r>    -3.4273     0.0000     2.0000 </r>
       <r>    -3.1735     0.0000     2.0000 </r>
       <r>    -2.9197     0.0000     2.0000 </r>
       <r>    -2.6659     0.0000     2.0000 </r>
       <r>    -2.4121     0.2077     2.0527 </r>
       <r>    -2.1583     0.0112     2.0556 </r>
       <r>    -1.9045     0.0000     2.0556 </r>
       <r>    -1.6507     0.4325     2.1653 </r>
       <r>    -1.3968     0.0053     2.1667 </r>
       <r>    -1.1430     0.0000     2.1667 </r>
       <r>    -0.8892     0.0034     2.1675 </r>
       <r>    -0.6354     0.4394     2.2791 </r>
       <r>    -0.3816     0.4796     2.4008 </r>
       <r>    -0.1278     1.2664     2.7222 </r>
       <r>     0.1260     0.0656     2.7389 </r>
       <r>     0.3798     1.6854     3.1667 </r>
       <r>     0.6337     0.0000     3.1667 </r>
       <r>     0.8875     0.7621     3.3601 </r>
       <r>     1.1413     2.6470     4.0319 </r>
       <r>     1.3951     0.0931     4.0556 </r>
       <r>     1.6489     0.0000     4.0556 </r>
       <r>     1.9027     0.0000     4.0556 </r>
       <r>     2.1565     0.0002     4.0556 </r>
       <r>     2.4103     0.4657     4.1738 </r>
       <r>     2.6642     2.1606     4.7222 </r>
       <r>     2.9180     0.7374     4.9094 </r>
       <r>     3.1718     0.1382     4.9444 </r>
       <r>     3.4256     0.0667     4.9614 </r>
       <r>     3.6794     0.3712     5.0556 </r>
       <r>     3.9332     0.2188     5.1111 </r>
       <r>     4.1870     0.0058     5.1126 </r>
       <r>     4.4408     0.8698     5.3333 </r>
       <r>     4.6947     0.0000     5.3333 </r>
       <r>     4.9485     0.0000     5.3333 </r>
       <r>     5.2023     0.7313     5.5190 </r>
       <r>     5.4561     0.5820     5.6667 </r>
       <r>     5.7099     0.0021     5.6672 </r>
       <r>     5.9637     0.8735     5.8889 </r>
       <r>     6.2175     0.0000     5.8889 </r>
       <r>     6.4713     0.8693     6.1095 </r>
       <r>     6.7252     1.3196     6.4444 </r>
       <r>     6.9790     0.1553     6.4839 </r>
       <r>     7.2328     0.4057     6.5868 </r>
       <r>     7.4866     1.0796     6.8609 </r>
       <r>     7.7404     0.1105     6.8889 </r>
       <r>     7.9942     0.0000     6.8889 </r>
       <r>     8.2480     0.1953     6.9385 </r>
       <r>     8.5018     0.9015     7.1673 </r>
       <r>     8.7557     0.8832     7.3915 </r>
       <r>     9.0095     0.4277     7.5000 </r>
       <r>     9.2633     0.0902     7.5229 </r>
       <r>     9.5171     0.3476     7.6111 </r>
       <r>     9.7709     0.7931     7.8124 </r>
       <r>    10.0247     0.8039     8.0164 </r>
       <r>    10.2785     0.4023     8.1185 </r>
       <r>    10.5323     1.9407     8.6111 </r>
       <r>    10.7862     0.0000     8.6111 </r>
       <r>    11.0400     0.2190     8.6667 </r>
       <r>    11.2938     0.4377     8.7778 </r>
       <r>    11.5476     0.0000     8.7778 </r>
       <r>    11.8014     0.0000     8.7778 </r>
       <r>    12.0552     0.6789     8.9501 </r>
       <r>    12.3090     1.4446     9.3168 </r>
       <r>    12.5628     0.9409     9.5556 </r>
       <r>    12.8167     0.0000     9.5556 </r>
       <r>    13.0705     0.0000     9.5556 </r>
       <r>    13.3243     0.0000     9.5556 </r>
       <r>    13.5781     0.2188     9.6111 </r>
       <r>    13.8319     0.0001     9.6111 </r>
       <r>    14.0857     0.0000     9.6111 </r>
       <r>    14.3395     0.0000     9.6111 </r>
       <r>    14.5933     0.4327     9.7209 </r>
       <r>    14.8472     0.0051     9.7222 </r>
       <r>    15.1010     0.0000     9.7222 </r>
       <r>    15.3548     0.2188     9.7778 </r>
       <r>    15.6086     0.0147     9.7815 </r>
       <r>    15.8624     0.4231     9.8889 </r>
       <r>    16.1162     0.4321     9.9986 </r>
       <r>    16.3700     0.0627    10.0145 </r>
       <r>    16.6238     0.8185    10.2222 </r>
       <r>    16.8777     0.0000    10.2222 </r>
       <r>    17.1315     0.7330    10.4083 </r>
       <r>    17.3853     2.0615    10.9315 </r>
       <r>    17.6391     0.5109    11.0612 </r>
       <r>    17.8929     0.4156    11.1667 </r>
       <r>    18.1467     0.1348    11.2009 </r>
       <r>    18.4005     0.3030    11.2778 </r>
       <r>    18.6544     0.0000    11.2778 </r>
       <r>    18.9082     0.0000    11.2778 </r>
       <r>    19.1620     0.0006    11.2779 </r>
       <r>    19.4158     0.4371    11.3889 </r>
       <r>    19.6696     0.6408    11.5515 </r>
       <r>    19.9234     0.2483    11.6146 </r>
       <r>    20.1772     0.4241    11.7222 </r>
       <r>    20.4310     0.2878    11.7953 </r>
       <r>    20.6849     0.1507    11.8335 </r>
       <r>    20.9387     1.7588    12.2799 </r>
       <r>    21.1925     0.6249    12.4386 </r>
       <r>    21.4463     0.4981    12.5650 </r>
       <r>    21.7001     0.8548    12.7819 </r>
       <r>    21.9539     1.1401    13.0713 </r>
       <r>    22.2077     1.2507    13.3888 </r>
       <r>    22.4615     0.0005    13.3889 </r>
       <r>    22.7154     0.8289    13.5993 </r>
       <r>    22.9692     0.7032    13.7778 </r>
       <r>    23.2230     0.4332    13.8877 </r>
       <r>    23.4768     0.1323    13.9213 </r>
       <r>    23.7306     0.0912    13.9444 </r>
       <r>    23.9844     1.0510    14.2112 </r>
       <r>    24.2382     2.1886    14.7667 </r>
       <r>    24.4920     0.0436    14.7778 </r>
       <r>    24.7459     0.9185    15.0109 </r>
       <r>    24.9997     0.1759    15.0556 </r>
       <r>    25.2535     0.0000    15.0556 </r>
       <r>    25.5073     0.4376    15.1666 </r>
       <r>    25.7611     0.1443    15.2033 </r>
       <r>    26.0149     0.0748    15.2222 </r>
       <r>    26.2687     1.3068    15.5539 </r>
       <r>    26.5225     1.9986    16.0612 </r>
       <r>    26.7764     1.1345    16.3491 </r>
       <r>    27.0302     0.8088    16.5544 </r>
       <r>    27.2840     1.3174    16.8888 </r>
       <r>    27.5378     0.0812    16.9094 </r>
       <r>    27.7916     1.5740    17.3089 </r>
       <r>    28.0454     2.0808    17.8370 </r>
       <r>    28.2992     1.9683    18.3366 </r>
       <r>    28.5530     0.2059    18.3889 </r>
       <r>    28.8069     1.3106    18.7215 </r>
       <r>    29.0607     1.3136    19.0549 </r>
       <r>    29.3145     0.4401    19.1666 </r>
       <r>    29.5683     0.0001    19.1667 </r>
       <r>    29.8221     0.1490    19.2045 </r>
       <r>    30.0759     0.0702    19.2223 </r>
       <r>    30.3297     1.9693    19.7221 </r>
       <r>    30.5835     1.1632    20.0174 </r>
       <r>    30.8374     0.3588    20.1084 </r>
       <r>    31.0912     0.6672    20.2778 </r>
       <r>    31.3450     0.0000    20.2778 </r>
       <r>    31.5988     0.0000    20.2778 </r>
       <r>    31.8526     0.0490    20.2902 </r>
       <r>    32.1064     0.3888    20.3889 </r>
       <r>    32.3602     0.0000    20.3889 </r>
       <r>    32.6140     0.0000    20.3889 </r>
       <r>    32.8679     0.0000    20.3889 </r>
       <r>    33.1217     0.3630    20.4810 </r>
       <r>    33.3755     1.2514    20.7986 </r>
       <r>    33.6293     1.0130    21.0558 </r>
       <r>    33.8831     0.2181    21.1111 </r>
       <r>    34.1369     0.7143    21.2924 </r>
       <r>    34.3907     0.6237    21.4507 </r>
       <r>    34.6445     1.4310    21.8139 </r>
       <r>    34.8984     1.6134    22.2234 </r>
       <r>    35.1522     2.2046    22.7830 </r>
       <r>    35.4060     0.8551    23.0000 </r>
       <r>    35.6598     0.0000    23.0000 </r>
       <r>    35.9136     0.0390    23.0099 </r>
       <r>    36.1674     0.6205    23.1674 </r>
       <r>    36.4212     0.6763    23.3390 </r>
       <r>    36.6750     0.6227    23.4971 </r>
       <r>    36.9289     2.1658    24.0468 </r>
       <r>    37.1827     0.2926    24.1210 </r>
       <r>    37.4365     0.5410    24.2584 </r>
       <r>    37.6903     0.8666    24.4783 </r>
       <r>    37.9441     0.0855    24.5000 </r>
       <r>    38.1979     0.0000    24.5000 </r>
       <r>    38.4517     0.2574    24.5653 </r>
       <r>    38.7055     2.3692    25.1667 </r>
       <r>    38.9594     1.6295    25.5802 </r>
       <r>    39.2132     0.5622    25.7229 </r>
       <r>    39.4670     1.3105    26.0555 </r>
       <r>    39.7208     0.0000    26.0556 </r>
       <r>    39.9746     0.0000    26.0556 </r>
       <r>    40.2284     0.0000    26.0556 </r>
       <r>    40.4822     0.2345    26.1151 </r>
       <r>    40.7360     0.6410    26.2778 </r>
       <r>    40.9899     0.0000    26.2778 </r>
       <r>    41.2437     0.0000    26.2778 </r>
       <r>    41.4975     0.4363    26.3885 </r>
       <r>    41.7513     0.0015    26.3889 </r>
       <r>    42.0051     0.0013    26.3892 </r>
       <r>    42.2589     0.2176    26.4444 </r>
       <r>    42.5127     0.0000    26.4444 </r>
       <r>    42.7665     0.2218    26.5007 </r>
       <r>    43.0204     0.8732    26.7224 </r>
       <r>    43.2742     0.2189    26.7779 </r>
       <r>    43.5280     1.7503    27.2222 </r>
       <r>    43.7818     0.8746    27.4442 </r>
       <r>    44.0356     0.0224    27.4498 </r>
       <r>    44.2894     2.1674    27.9999 </r>
       <r>    44.5432     0.4219    28.1070 </r>
       <r>    44.7970     0.0161    28.1111 </r>
       <r>    45.0509     0.0000    28.1111 </r>
       <r>    45.3047     0.0000    28.1111 </r>
       <r>    45.5585     0.0000    28.1111 </r>
       <r>    45.8123     0.0000    28.1111 </r>
       <r>    46.0661     0.0000    28.1111 </r>
       <r>    46.3199     0.8539    28.3278 </r>
       <r>    46.5737     0.4593    28.4444 </r>
       <r>    46.8276     0.7611    28.6376 </r>
       <r>    47.0814     0.3334    28.7222 </r>
       <r>    47.3352     0.0000    28.7222 </r>
       <r>    47.5890     0.0000    28.7222 </r>
       <r>    47.8428     0.0000    28.7222 </r>
       <r>    48.0966     0.2137    28.7765 </r>
       <r>    48.3504     0.0052    28.7778 </r>
       <r>    48.6042     0.3119    28.8569 </r>
       <r>    48.8581     1.0002    29.1108 </r>
       <r>    49.1119     0.0012    29.1111 </r>
       <r>    49.3657     0.0000    29.1111 </r>
       <r>    49.6195     0.6577    29.2781 </r>
       <r>    49.8733     0.6334    29.4388 </r>
       <r>    50.1271     0.6789    29.6111 </r>
       <r>    50.3809     0.2188    29.6666 </r>
       <r>    50.6347     0.4302    29.7758 </r>
       <r>    50.8886     1.7695    30.2250 </r>
       <r>    51.1424     1.3024    30.5556 </r>
       <r>    51.3962     0.0000    30.5556 </r>
       <r>    51.6500     0.4375    30.6666 </r>
       <r>    51.9038     0.0003    30.6667 </r>
       <r>    52.1576     0.0000    30.6667 </r>
       <r>    52.4114     0.0000    30.6667 </r>
       <r>    52.6652     0.0000    30.6667 </r>
       <r>    52.9191     0.0000    30.6667 </r>
       <r>    53.1729     0.6693    30.8365 </r>
       <r>    53.4267     1.0818    31.1111 </r>
       <r>    53.6805     0.9476    31.3516 </r>
       <r>    53.9343     0.8035    31.5556 </r>
       <r>    54.1881     0.0000    31.5556 </r>
       <r>    54.4419     0.0000    31.5556 </r>
       <r>    54.6957     0.4362    31.6663 </r>
       <r>    54.9496     0.0016    31.6667 </r>
       <r>    55.2034     0.0000    31.6667 </r>
       <r>    55.4572     0.0000    31.6667 </r>
       <r>    55.7110     0.4374    31.7777 </r>
       <r>    55.9648     0.0004    31.7778 </r>
       <r>    56.2186     0.0000    31.7778 </r>
       <r>    56.4724     0.0000    31.7778 </r>
       <r>    56.7262     0.0000    31.7778 </r>
       <r>    56.9801     0.0000    31.7778 </r>
       <r>    57.2339     0.0040    31.7788 </r>
       <r>    57.4877     0.8716    32.0000 </r>
       <r>    57.7415     0.0000    32.0000 </r>
       <r>    57.9953     0.0000    32.0000 </r>
       <r>    58.2491     0.0000    32.0000 </r>
       <r>    58.5029     0.0000    32.0000 </r>
       <r>    58.7567     0.0000    32.0000 </r>
       <r>    59.0106     0.0000    32.0000 </r>
       <r>    59.2644     0.0000    32.0000 </r>
       <r>    59.5182     0.0000    32.0000 </r>
       <r>    59.7720     0.0000    32.0000 </r>
       <r>    60.0258     0.0000    32.0000 </r>
       <r>    60.2796     0.0000    32.0000 </r>
       <r>    60.5334     0.0000    32.0000 </r>
       <r>    60.7872     0.0000    32.0000 </r>
      </set>
     </set>
    </array>
   </total>
  </dos>
 </calculation>
 <structure name="finalpos" >
  <crystal>
   <varray name="basis" >
    <v>       2.15344662       0.00000003       0.00000004 </v>
    <v>       0.00000023       2.16465380       0.00000004 </v>
    <v>       0.00000027       0.00000022       2.50220534 </v>
   </varray>
   <i name="volume">     11.66394617 </i>
   <varray name="rec_basis" >
    <v>       0.46437185      -0.00000005      -0.00000005 </v>
    <v>      -0.00000001       0.46196764      -0.00000004 </v>
    <v>      -0.00000001      -0.00000001       0.39964746 </v>
   </varray>
  </crystal>
  <varray name="positions" >
   <v>      -0.00000000      -0.00000000       0.50000000 </v>
   <v>       0.50000000      -0.00000000       0.00000000 </v>
   <v>       0.00000000       0.50000000      -0.00000000 </v>
  </varray>
 </structure>
</modeling>
