<?xml version="1.0" encoding="ISO-8859-1"?>
<modeling>
 <generator>
  <i name="program" type="string">vasp </i>
  <i name="version" type="string">5.4.4.18Apr17-6-g9f103f2a35  </i>
  <i name="subversion" type="string">(build Nov 14 2022 07:55:26) complex            parallel </i>
  <i name="platform" type="string">LinuxIFC </i>
  <i name="date" type="string">2023 04 13 </i>
  <i name="time" type="string">16:29:24 </i>
 </generator>
 <incar>
  <i type="string" name="SYSTEM"> local optimisation</i>
  <i type="string" name="PREC">accurate</i>
  <i type="int" name="IBRION">     2</i>
  <i name="EDIFF">      0.00001000</i>
  <i type="int" name="NSW">   200</i>
  <i type="int" name="ISIF">     3</i>
  <i name="SYMPREC">      0.00010000</i>
  <i name="ENCUT">    600.00000000</i>
  <i name="POTIM">      0.10000000</i>
  <i type="int" name="ISMEAR">     0</i>
  <i name="SIGMA">      0.05000000</i>
  <i name="KSPACING">      0.50000000</i>
  <i name="PSTRESS">   3000.00000000</i>
  <i type="logical" name="LWAVE"> F  </i>
  <i type="logical" name="LCHARG"> F  </i>
  <v type="int" name="KPOINT_BSE">    -1     0     0     0</v>
 </incar>
 <structure name="primitive_cell" >
  <crystal>
   <varray name="basis" >
    <v>       7.97614699       0.00000000       0.00000000 </v>
    <v>      -3.98807323       6.90754607       0.00000000 </v>
    <v>       0.00000055       0.00000095       7.26010890 </v>
   </varray>
   <i name="volume">    400.00007664 </i>
   <varray name="rec_basis" >
    <v>       0.12537382       0.07238460      -0.00000002 </v>
    <v>       0.00000000       0.14476921      -0.00000002 </v>
    <v>       0.00000000       0.00000000       0.13773898 </v>
   </varray>
  </crystal>
  <varray name="positions" >
   <v>      -0.22474567      -0.22474567      -0.47109107 </v>
   <v>      -0.47109107      -0.22474567      -0.22474567 </v>
   <v>      -0.22474567      -0.47109107      -0.22474567 </v>
   <v>      -0.37772040      -0.37772040       0.20138768 </v>
   <v>       0.20138768      -0.37772040      -0.37772040 </v>
   <v>      -0.37772040       0.20138768      -0.37772040 </v>
  </varray>
 </structure>
 <varray name="primitive_index" >
  <v type="int" >        1 </v>
  <v type="int" >        2 </v>
  <v type="int" >        3 </v>
  <v type="int" >        4 </v>
  <v type="int" >        5 </v>
  <v type="int" >        6 </v>
 </varray>
 <kpoints>
  <generation param="Gamma">
   <v type="int" name="divisions">       2        2        2 </v>
   <v name="usershift">      0.00000000       0.00000000       0.00000000 </v>
   <v name="genvec1">      0.50000000       0.00000000       0.00000000 </v>
   <v name="genvec2">      0.00000000       0.50000000       0.00000000 </v>
   <v name="genvec3">      0.00000000       0.00000000       0.50000000 </v>
   <v name="shift">      0.00000000       0.00000000       0.00000000 </v>
  </generation>
  <varray name="kpointlist" >
   <v>       0.00000000       0.00000000       0.00000000 </v>
   <v>       0.50000000       0.00000000       0.00000000 </v>
   <v>       0.50000000       0.50000000      -0.00000000 </v>
   <v>       0.00000000       0.00000000       0.50000000 </v>
   <v>       0.50000000       0.00000000       0.50000000 </v>
   <v>       0.50000000       0.50000000       0.50000000 </v>
  </varray>
  <varray name="weights" >
   <v>       0.12500000 </v>
   <v>       0.25000000 </v>
   <v>       0.12500000 </v>
   <v>       0.12500000 </v>
   <v>       0.25000000 </v>
   <v>       0.12500000 </v>
  </varray>
 </kpoints>
 <parameters>
  <separator name="general" >
   <i type="string" name="SYSTEM">local optimisation</i>
   <i type="logical" name="LCOMPAT"> F  </i>
  </separator>
  <separator name="electronic" >
   <i type="string" name="PREC">accura</i>
   <i name="ENMAX">    600.00000000</i>
   <i name="ENAUG">    627.11200000</i>
   <i name="EDIFF">      0.00001000</i>
   <i type="int" name="IALGO">    38</i>
   <i type="int" name="IWAVPR">    11</i>
   <i type="int" name="NBANDS">    16</i>
   <i name="NELECT">     24.00000000</i>
   <i type="int" name="TURBO">     0</i>
   <i type="int" name="IRESTART">     0</i>
   <i type="int" name="NREBOOT">     0</i>
   <i type="int" name="NMIN">     0</i>
   <i name="EREF">      0.00000000</i>
   <separator name="electronic smearing" >
    <i type="int" name="ISMEAR">     0</i>
    <i name="SIGMA">      0.05000000</i>
    <i name="KSPACING">      0.50000000</i>
    <i type="logical" name="KGAMMA"> T  </i>
   </separator>
   <separator name="electronic projectors" >
    <i type="logical" name="LREAL"> F  </i>
    <v name="ROPT">      0.00000000      0.00000000</v>
    <i type="int" name="LMAXPAW">  -100</i>
    <i type="int" name="LMAXMIX">     2</i>
    <i type="logical" name="NLSPLINE"> F  </i>
   </separator>
   <separator name="electronic startup" >
    <i type="int" name="ISTART">     0</i>
    <i type="int" name="ICHARG">     2</i>
    <i type="int" name="INIWAV">     1</i>
   </separator>
   <separator name="electronic spin" >
    <i type="int" name="ISPIN">     1</i>
    <i type="logical" name="LNONCOLLINEAR"> F  </i>
    <v name="MAGMOM">      1.00000000      1.00000000      1.00000000      1.00000000      1.00000000      1.00000000</v>
    <i name="NUPDOWN">     -1.00000000</i>
    <i type="logical" name="LSORBIT"> F  </i>
    <v name="SAXIS">      0.00000000      0.00000000      1.00000000</v>
    <i type="logical" name="LSPIRAL"> F  </i>
    <v name="QSPIRAL">      0.00000000      0.00000000      0.00000000</v>
    <i type="logical" name="LZEROZ"> F  </i>
   </separator>
   <separator name="electronic exchange-correlation" >
    <i type="logical" name="LASPH"> F  </i>
    <i type="logical" name="LMETAGGA"> F  </i>
   </separator>
   <separator name="electronic convergence" >
    <i type="int" name="NELM">    60</i>
    <i type="int" name="NELMDL">     0</i>
    <i type="int" name="NELMIN">     2</i>
    <i name="ENINI">    600.00000000</i>
    <separator name="electronic convergence detail" >
     <i type="logical" name="LDIAG"> T  </i>
     <i type="logical" name="LSUBROT"> F  </i>
     <i name="WEIMIN">      0.00100000</i>
     <i name="EBREAK">      0.00000016</i>
     <i name="DEPER">      0.30000000</i>
     <i type="int" name="NRMM">     4</i>
     <i name="TIME">      0.40000000</i>
    </separator>
   </separator>
   <separator name="electronic mixer" >
    <i name="AMIX">      0.40000000</i>
    <i name="BMIX">      1.00000000</i>
    <i name="AMIN">      0.10000000</i>
    <i name="AMIX_MAG">      1.60000000</i>
    <i name="BMIX_MAG">      1.00000000</i>
    <separator name="electronic mixer details" >
     <i type="int" name="IMIX">     4</i>
     <i type="logical" name="MIXFIRST"> F  </i>
     <i type="int" name="MAXMIX">   -45</i>
     <i name="WC">    100.00000000</i>
     <i type="int" name="INIMIX">     1</i>
     <i type="int" name="MIXPRE">     1</i>
     <i type="int" name="MREMOVE">     5</i>
    </separator>
   </separator>
   <separator name="electronic dipolcorrection" >
    <i type="logical" name="LDIPOL"> F  </i>
    <i type="logical" name="LMONO"> F  </i>
    <i type="int" name="IDIPOL">     0</i>
    <i name="EPSILON">      1.00000000</i>
    <v name="DIPOL">   -100.00000000   -100.00000000   -100.00000000</v>
    <i name="EFIELD">      0.00000000</i>
   </separator>
  </separator>
  <separator name="grids" >
   <i type="int" name="NGX">    64</i>
   <i type="int" name="NGY">    64</i>
   <i type="int" name="NGZ">    60</i>
   <i type="int" name="NGXF">   128</i>
   <i type="int" name="NGYF">   128</i>
   <i type="int" name="NGZF">   120</i>
   <i type="logical" name="ADDGRID"> F  </i>
  </separator>
  <separator name="ionic" >
   <i type="int" name="NSW">   200</i>
   <i type="int" name="IBRION">     2</i>
   <i type="int" name="MDALGO">     0</i>
   <i type="int" name="ISIF">     3</i>
   <i name="PSTRESS">   3000.00000000</i>
   <i name="EDIFFG">      0.00010000</i>
   <i type="int" name="NFREE">     1</i>
   <i name="POTIM">      0.10000000</i>
   <i name="SMASS">     -3.00000000</i>
   <i name="SCALEE">      1.00000000</i>
  </separator>
  <separator name="ionic md" >
   <i name="TEBEG">      0.00010000</i>
   <i name="TEEND">      0.00010000</i>
   <i type="int" name="NBLOCK">     1</i>
   <i type="int" name="KBLOCK">   200</i>
   <i type="int" name="NPACO">   256</i>
   <i name="APACO">     16.00000000</i>
  </separator>
  <separator name="symmetry" >
   <i type="int" name="ISYM">     2</i>
   <i name="SYMPREC">      0.00010000</i>
  </separator>
  <separator name="dos" >
   <i type="int" name="LORBIT">     0</i>
   <v name="RWIGS">     -1.00000000     -1.00000000</v>
   <i type="int" name="NEDOS">   301</i>
   <i name="EMIN">     10.00000000</i>
   <i name="EMAX">    -10.00000000</i>
   <i name="EFERMI">      0.00000000</i>
  </separator>
  <separator name="writing" >
   <i type="int" name="NWRITE">     2</i>
   <i type="logical" name="LWAVE"> F  </i>
   <i type="logical" name="LDOWNSAMPLE"> F  </i>
   <i type="logical" name="LCHARG"> F  </i>
   <i type="logical" name="LPARD"> F  </i>
   <i type="logical" name="LVTOT"> F  </i>
   <i type="logical" name="LVHAR"> F  </i>
   <i type="logical" name="LELF"> F  </i>
   <i type="logical" name="LOPTICS"> F  </i>
   <v name="STM">      0.00000000      0.00000000      0.00000000      0.00000000      0.00000000      0.00000000      0.00000000</v>
  </separator>
  <separator name="performance" >
   <i type="int" name="NPAR">    16</i>
   <i type="int" name="NSIM">     4</i>
   <i type="int" name="NBLK">    -1</i>
   <i type="logical" name="LPLANE"> T  </i>
   <i type="logical" name="LSCALAPACK"> T  </i>
   <i type="logical" name="LSCAAWARE"> F  </i>
   <i type="logical" name="LSCALU"> F  </i>
   <i type="logical" name="LASYNC"> F  </i>
   <i type="logical" name="LORBITALREAL"> F  </i>
  </separator>
  <separator name="miscellaneous" >
   <i type="int" name="IDIOT">     3</i>
   <i type="int" name="ISPECIAL">     0</i>
   <i type="logical" name="LMUSIC"> F  </i>
   <v name="POMASS">     10.81100000     14.00100000</v>
   <v name="DARWINR">      0.00000000      0.00000000</v>
   <v name="DARWINV">      1.00000000      1.00000000</v>
   <i type="logical" name="LCORR"> T  </i>
  </separator>
  <i type="logical" name="GGA_COMPAT"> T  </i>
  <i type="logical" name="LBERRY"> F  </i>
  <i type="int" name="ICORELEVEL">     0</i>
  <i type="logical" name="LDAU"> F  </i>
  <i type="int" name="I_CONSTRAINED_M">     0</i>
  <separator name="electronic exchange-correlation" >
   <i type="string" name="GGA">--</i>
   <i type="int" name="VOSKOWN">     0</i>
   <i type="logical" name="LHFCALC"> F  </i>
   <i type="string" name="PRECFOCK"></i>
   <i type="logical" name="LSYMGRAD"> F  </i>
   <i type="logical" name="LHFONE"> F  </i>
   <i type="logical" name="LRHFCALC"> F  </i>
   <i type="logical" name="LTHOMAS"> F  </i>
   <i type="logical" name="LMODELHF"> F  </i>
   <i name="ENCUT4O">     -1.00000000</i>
   <i type="int" name="EXXOEP">     0</i>
   <i type="int" name="FOURORBIT">     0</i>
   <i name="AEXX">      0.00000000</i>
   <i name="HFALPHA">      0.00000000</i>
   <i name="MCALPHA">      0.00000000</i>
   <i name="ALDAX">      1.00000000</i>
   <i name="AGGAX">      1.00000000</i>
   <i name="ALDAC">      1.00000000</i>
   <i name="AGGAC">      1.00000000</i>
   <i type="int" name="NKREDX">     1</i>
   <i type="int" name="NKREDY">     1</i>
   <i type="int" name="NKREDZ">     1</i>
   <i type="logical" name="SHIFTRED"> F  </i>
   <i type="logical" name="ODDONLY"> F  </i>
   <i type="logical" name="EVENONLY"> F  </i>
   <i type="int" name="LMAXFOCK">     0</i>
   <i type="int" name="NMAXFOCKAE">     0</i>
   <i type="logical" name="LFOCKAEDFT"> F  </i>
   <i name="HFSCREEN">      0.00000000</i>
   <i name="HFSCREENC">      0.00000000</i>
   <i type="int" name="NBANDSGWLOW">     0</i>
  </separator>
  <separator name="vdW DFT" >
   <i type="logical" name="LUSE_VDW"> F  </i>
   <i name="Zab_VDW">     -0.84910000</i>
   <i name="PARAM1">      0.12340000</i>
   <i name="PARAM2">      1.00000000</i>
   <i name="PARAM3">      0.00000000</i>
  </separator>
  <separator name="model GW" >
   <i type="int" name="MODEL_GW">     0</i>
   <i name="MODEL_EPS0">     40.00000766</i>
   <i name="MODEL_ALPHA">      1.00000000</i>
  </separator>
  <separator name="linear response parameters" >
   <i type="logical" name="LEPSILON"> F  </i>
   <i type="logical" name="LRPA"> F  </i>
   <i type="logical" name="LNABLA"> F  </i>
   <i type="logical" name="LVEL"> F  </i>
   <i type="int" name="KINTER">     0</i>
   <i name="CSHIFT">      0.10000000</i>
   <i name="OMEGAMAX">     -1.00000000</i>
   <i name="DEG_THRESHOLD">      0.00200000</i>
   <i name="RTIME">     -0.10000000</i>
   <i name="WPLASMAI">      0.00000000</i>
   <v name="DFIELD">      0.00000000      0.00000000      0.00000000</v>
   <v name="WPLASMA">      0.00000000      0.00000000      0.00000000      0.00000000      0.00000000      0.00000000      0.00000000      0.00000000      0.00000000</v>
  </separator>
  <separator name="orbital magnetization" >
   <i type="logical" name="NUCIND"> F  </i>
   <v name="MAGPOS">      0.00000000      0.00000000      0.00000000</v>
   <i type="logical" name="LNICSALL"> T  </i>
   <i type="logical" name="ORBITALMAG"> F  </i>
   <i type="logical" name="LMAGBLOCH"> F  </i>
   <i type="logical" name="LCHIMAG"> F  </i>
   <i type="logical" name="LGAUGE"> T  </i>
   <i type="int" name="MAGATOM">     0</i>
   <v name="MAGDIPOL">      0.00000000      0.00000000      0.00000000</v>
   <v name="AVECCONST">      0.00000000      0.00000000      0.00000000</v>
  </separator>
  <separator name="response functions" >
   <i type="logical" name="LADDER"> F  </i>
   <i type="logical" name="LRPAFORCE"> F  </i>
   <i type="logical" name="LFXC"> F  </i>
   <i type="logical" name="LHARTREE"> T  </i>
   <i type="int" name="IBSE">     0</i>
   <v type="int" name="KPOINT">    -1     0     0     0</v>
   <i type="logical" name="LTCTE"> F  </i>
   <i type="logical" name="LTETE"> F  </i>
   <i type="logical" name="LTRIPLET"> F  </i>
   <i type="logical" name="LFXCEPS"> F  </i>
   <i type="logical" name="LFXHEG"> F  </i>
   <i type="int" name="NATURALO">     2</i>
   <i type="logical" name="L2ORDER"> F  </i>
   <i type="logical" name="LMP2LT"> F  </i>
   <i type="logical" name="LUSEW"> F  </i>
   <i name="ENCUTGW">     -2.00000000</i>
   <i name="ENCUTGWSOFT">     -2.00000000</i>
   <i name="ENCUTLF">     -1.00000000</i>
   <i type="int" name="LMAXMP2">    -1</i>
   <i name="SCISSOR">      0.00000000</i>
   <i type="int" name="NOMEGA">     0</i>
   <i type="int" name="NOMEGAR">     0</i>
   <i type="int" name="NBANDSGW">    -1</i>
   <i type="int" name="NBANDSO">    -1</i>
   <i type="int" name="NBANDSV">    -1</i>
   <i type="int" name="NELM">     1</i>
   <i type="int" name="NELMHF">     1</i>
   <i type="int" name="DIM">     3</i>
   <i type="int" name="ANTIRES">     0</i>
   <i name="OMEGAMAX">    -30.00000000</i>
   <i name="OMEGAMIN">    -30.00000000</i>
   <i name="OMEGATL">   -200.00000000</i>
   <i type="int" name="OMEGAGRID">   140</i>
   <i name="CSHIFT">     -0.10000000</i>
   <i type="logical" name="SELFENERGY"> F  </i>
   <i type="logical" name="LSPECTRAL"> F  </i>
   <i type="logical" name="LSPECTRALGW"> F  </i>
   <i type="logical" name="LSINGLES"> F  </i>
   <i type="logical" name="LFERMIGW"> F  </i>
   <i type="logical" name="ODDONLYGW"> F  </i>
   <i type="logical" name="EVENONLYGW"> F  </i>
   <i type="int" name="NKREDLFX">     1</i>
   <i type="int" name="NKREDLFY">     1</i>
   <i type="int" name="NKREDLFZ">     1</i>
   <i type="int" name="MAXMEM">  2800</i>
   <i type="int" name="TELESCOPE">     0</i>
   <i type="int" name="TAUPAR">     1</i>
   <i type="int" name="OMEGAPAR">    -1</i>
   <i name="LAMBDA">      1.00000000</i>
  </separator>
  <separator name="External order field" >
   <i name="OFIELD_KAPPA">      0.00000000</i>
   <v name="OFIELD_K">      0.00000000      0.00000000      0.00000000</v>
   <i name="OFIELD_Q6_NEAR">      0.00000000</i>
   <i name="OFIELD_Q6_FAR">      0.00000000</i>
   <i name="OFIELD_A">      0.00000000</i>
  </separator>
 </parameters>
 <atominfo>
  <atoms>       6 </atoms>
  <types>       2 </types>
  <array name="atoms" >
   <dimension dim="1">ion</dimension>
   <field type="string">element</field>
   <field type="int">atomtype</field>
   <set>
    <rc><c>B </c><c>   1</c></rc>
    <rc><c>B </c><c>   1</c></rc>
    <rc><c>B </c><c>   1</c></rc>
    <rc><c>N </c><c>   2</c></rc>
    <rc><c>N </c><c>   2</c></rc>
    <rc><c>N </c><c>   2</c></rc>
   </set>
  </array>
  <array name="atomtypes" >
   <dimension dim="1">type</dimension>
   <field type="int">atomspertype</field>
   <field type="string">element</field>
   <field>mass</field>
   <field>valence</field>
   <field type="string">pseudopotential</field>
   <set>
    <rc><c>   3</c><c>B </c><c>     10.81100000</c><c>      3.00000000</c><c> PAW_PBE B 06Sep2000                    </c></rc>
    <rc><c>   3</c><c>N </c><c>     14.00100000</c><c>      5.00000000</c><c> PAW_PBE N 08Apr2002                    </c></rc>
   </set>
  </array>
 </atominfo>
 <structure name="initialpos" >
  <crystal>
   <varray name="basis" >
    <v>       7.97614699       0.00000000       0.00000000 </v>
    <v>      -3.98807323       6.90754607       0.00000000 </v>
    <v>       0.00000055       0.00000095       7.26010890 </v>
   </varray>
   <i name="volume">    400.00007664 </i>
   <varray name="rec_basis" >
    <v>       0.12537382       0.07238460      -0.00000002 </v>
    <v>       0.00000000       0.14476921      -0.00000002 </v>
    <v>       0.00000000       0.00000000       0.13773898 </v>
   </varray>
  </crystal>
  <varray name="positions" >
   <v>       0.77525433       0.77525433       0.52890893 </v>
   <v>       0.52890893       0.77525433       0.77525433 </v>
   <v>       0.77525433       0.52890893       0.77525433 </v>
   <v>       0.62227960       0.62227960       0.20138768 </v>
   <v>       0.20138768       0.62227960       0.62227960 </v>
   <v>       0.62227960       0.20138768       0.62227960 </v>
  </varray>
 </structure>
 <calculation>
  <scstep>
   <time name="dav">    0.34    0.35</time>
   <time name="total">    0.46    0.48</time>
   <energy>
    <i name="alphaZ">      7.80469914 </i>
    <i name="ewald">   -384.25862372 </i>
    <i name="hartreedc">   -487.05452957 </i>
    <i name="XCdc">     73.37899786 </i>
    <i name="pawpsdc">    375.95049429 </i>
    <i name="pawaedc">   -382.20592176 </i>
    <i name="eentropy">     -0.00929302 </i>
    <i name="bandstr">    -81.45879481 </i>
    <i name="atom">   1007.15582850 </i>
    <i name="e_fr_energy">    129.30285691 </i>
    <i name="e_wo_entrp">    129.31214993 </i>
    <i name="e_0_energy">    129.30750342 </i>
   </energy>
  </scstep>
  <scstep>
   <time name="dav">    0.58    0.58</time>
   <time name="total">    0.58    0.59</time>
   <energy>
    <i name="e_fr_energy">      0.66674668 </i>
    <i name="e_wo_entrp">      0.67713841 </i>
    <i name="e_0_energy">      0.67194254 </i>
   </energy>
  </scstep>
  <scstep>
   <time name="dav">    0.58    0.58</time>
   <time name="total">    0.58    0.59</time>
   <energy>
    <i name="e_fr_energy">    -13.33683574 </i>
    <i name="e_wo_entrp">    -13.29187004 </i>
    <i name="e_0_energy">    -13.31435289 </i>
   </energy>
  </scstep>
  <scstep>
   <time name="dav">    0.36    0.37</time>
   <time name="total">    0.36    0.37</time>
   <energy>
    <i name="e_fr_energy">    -13.55205974 </i>
    <i name="e_wo_entrp">    -13.50077587 </i>
    <i name="e_0_energy">    -13.52641781 </i>
   </energy>
  </scstep>
  <scstep>
   <time name="dav">    0.58    0.58</time>
   <time name="total">    0.66    0.66</time>
   <energy>
    <i name="e_fr_energy">    -13.57241012 </i>
    <i name="e_wo_entrp">    -13.52100455 </i>
    <i name="e_0_energy">    -13.54670734 </i>
   </energy>
  </scstep>
  <scstep>
   <time name="dav">    0.58    0.58</time>
   <time name="total">    0.76    0.76</time>
   <energy>
    <i name="e_fr_energy">    -17.73476231 </i>
    <i name="e_wo_entrp">    -17.71515088 </i>
    <i name="e_0_energy">    -17.72495659 </i>
   </energy>
  </scstep>
  <scstep>
   <time name="dav">    0.59    0.59</time>
   <time name="total">    0.77    0.77</time>
   <energy>
    <i name="e_fr_energy">    -11.34828137 </i>
    <i name="e_wo_entrp">    -11.31979799 </i>
    <i name="e_0_energy">    -11.33403968 </i>
   </energy>
  </scstep>
  <scstep>
   <time name="dav">    0.36    0.36</time>
   <time name="total">    0.54    0.54</time>
   <energy>
    <i name="e_fr_energy">    -11.29062380 </i>
    <i name="e_wo_entrp">    -11.25033641 </i>
    <i name="e_0_energy">    -11.27048010 </i>
   </energy>
  </scstep>
  <scstep>
   <time name="dav">    0.57    0.58</time>
   <time name="total">    0.75    0.76</time>
   <energy>
    <i name="e_fr_energy">    -11.12857576 </i>
    <i name="e_wo_entrp">    -11.08539506 </i>
    <i name="e_0_energy">    -11.10698541 </i>
   </energy>
  </scstep>
  <scstep>
   <time name="dav">    0.54    0.54</time>
   <time name="total">    0.73    0.74</time>
   <energy>
    <i name="e_fr_energy">    -10.88681422 </i>
    <i name="e_wo_entrp">    -10.84293704 </i>
    <i name="e_0_energy">    -10.86487563 </i>
   </energy>
  </scstep>
  <scstep>
   <time name="dav">    0.59    0.59</time>
   <time name="total">    0.77    0.77</time>
   <energy>
    <i name="e_fr_energy">    -10.93380372 </i>
    <i name="e_wo_entrp">    -10.89143045 </i>
    <i name="e_0_energy">    -10.91261709 </i>
   </energy>
  </scstep>
  <scstep>
   <time name="dav">    0.58    0.59</time>
   <time name="total">    0.77    0.77</time>
   <energy>
    <i name="e_fr_energy">    -10.88619753 </i>
    <i name="e_wo_entrp">    -10.84259326 </i>
    <i name="e_0_energy">    -10.86439539 </i>
   </energy>
  </scstep>
  <scstep>
   <time name="dav">    0.59    0.59</time>
   <time name="total">    0.77    0.78</time>
   <energy>
    <i name="e_fr_energy">    -10.88537662 </i>
    <i name="e_wo_entrp">    -10.84030389 </i>
    <i name="e_0_energy">    -10.86284025 </i>
   </energy>
  </scstep>
  <scstep>
   <time name="dav">    0.60    0.60</time>
   <time name="total">    0.78    0.78</time>
   <energy>
    <i name="e_fr_energy">    -10.88345543 </i>
    <i name="e_wo_entrp">    -10.83895215 </i>
    <i name="e_0_energy">    -10.86120379 </i>
   </energy>
  </scstep>
  <scstep>
   <time name="dav">    0.38    0.39</time>
   <time name="total">    0.57    0.58</time>
   <energy>
    <i name="e_fr_energy">    -10.88466525 </i>
    <i name="e_wo_entrp">    -10.84026412 </i>
    <i name="e_0_energy">    -10.86246469 </i>
   </energy>
  </scstep>
  <scstep>
   <time name="dav">    0.54    0.55</time>
   <time name="total">    0.73    0.73</time>
   <energy>
    <i name="e_fr_energy">    -10.88502748 </i>
    <i name="e_wo_entrp">    -10.84051410 </i>
    <i name="e_0_energy">    -10.86277079 </i>
   </energy>
  </scstep>
  <scstep>
   <time name="dav">    0.42    0.43</time>
   <time name="total">    0.61    0.61</time>
   <energy>
    <i name="e_fr_energy">    -10.88519564 </i>
    <i name="e_wo_entrp">    -10.84065324 </i>
    <i name="e_0_energy">    -10.86292444 </i>
   </energy>
  </scstep>
  <scstep>
   <time name="dav">    0.48    0.49</time>
   <time name="total">    0.66    0.67</time>
   <energy>
    <i name="e_fr_energy">    -10.88522734 </i>
    <i name="e_wo_entrp">    -10.84069330 </i>
    <i name="e_0_energy">    -10.86296032 </i>
   </energy>
  </scstep>
  <scstep>
   <time name="dav">    0.38    0.38</time>
   <time name="total">    0.56    0.57</time>
   <energy>
    <i name="e_fr_energy">    -10.88524000 </i>
    <i name="e_wo_entrp">    -10.84071040 </i>
    <i name="e_0_energy">    -10.86297520 </i>
   </energy>
  </scstep>
  <scstep>
   <time name="dav">    0.34    0.35</time>
   <time name="total">    0.45    0.45</time>
   <energy>
    <i name="alphaZ">      7.80469914 </i>
    <i name="ewald">   -384.25862372 </i>
    <i name="hartreedc">   -492.70677980 </i>
    <i name="XCdc">     73.29208224 </i>
    <i name="pawpsdc">    377.04845073 </i>
    <i name="pawaedc">   -383.09423751 </i>
    <i name="eentropy">     -0.04450372 </i>
    <i name="bandstr">   -216.08215906 </i>
    <i name="atom">   1007.15582850 </i>
    <i name="e_fr_energy">    -10.88524320 </i>
    <i name="e_wo_entrp">    -10.84073949 </i>
    <i name="e_0_energy">    -10.86299135 </i>
   </energy>
  </scstep>
  <structure>
   <crystal>
    <varray name="basis" >
     <v>       7.97614699       0.00000000       0.00000000 </v>
     <v>      -3.98807323       6.90754607       0.00000000 </v>
     <v>       0.00000055       0.00000095       7.26010890 </v>
    </varray>
    <i name="volume">    400.00007664 </i>
    <varray name="rec_basis" >
     <v>       0.12537382       0.07238460      -0.00000002 </v>
     <v>       0.00000000       0.14476921      -0.00000002 </v>
     <v>       0.00000000       0.00000000       0.13773898 </v>
    </varray>
   </crystal>
   <varray name="positions" >
    <v>       0.77525433       0.77525433       0.52890893 </v>
    <v>       0.52890893       0.77525433       0.77525433 </v>
    <v>       0.77525433       0.52890893       0.77525433 </v>
    <v>       0.62227960       0.62227960       0.20138768 </v>
    <v>       0.20138768       0.62227960       0.62227960 </v>
    <v>       0.62227960       0.20138768       0.62227960 </v>
   </varray>
  </structure>
  <varray name="forces" >
   <v>      -0.84891216      -1.47035892      -0.39454599 </v>
   <v>      -1.24195369      -0.70016465      -1.62681810 </v>
   <v>       0.01461642      -1.42564577      -1.62681810 </v>
   <v>       0.47295875       0.81918856       1.22831294 </v>
   <v>       1.50347185       0.98329065       1.20993463 </v>
   <v>       0.09981882       1.79369013       1.20993463 </v>
  </varray>
  <varray name="stress" >
   <v>     -35.64464328      -5.54276024      -8.34042290 </v>
   <v>      -5.54276024     -42.04487095     -14.44603558 </v>
   <v>      -8.34042290     -14.44603557     -47.21399043 </v>
  </varray>
  <energy>
   <i name="e_fr_energy">    738.09566388 </i>
   <i name="e_wo_entrp">    738.11791574 </i>
   <i name="e_0_energy">     -0.04450372 </i>
  </energy>
