<?xml version="1.0" encoding="ISO-8859-1"?>
<modeling>
 <generator>
  <i name="program" type="string">vasp </i>
  <i name="version" type="string">5.4.4.18Apr17-6-g9f103f2a35  </i>
  <i name="subversion" type="string">(build Nov 14 2022 07:55:26) complex            parallel </i>
  <i name="platform" type="string">LinuxIFC </i>
  <i name="date" type="string">2023 04 13 </i>
  <i name="time" type="string">17:02:33 </i>
 </generator>
 <incar>
  <i type="string" name="SYSTEM"> local optimisation</i>
  <i type="string" name="PREC">accurate</i>
  <i type="int" name="IBRION">     2</i>
  <i name="EDIFF">      0.00001000</i>
  <i type="int" name="NSW">   200</i>
  <i type="int" name="ISIF">     3</i>
  <i name="SYMPREC">      0.00010000</i>
  <i name="ENCUT">    600.00000000</i>
  <i name="POTIM">      0.10000000</i>
  <i type="int" name="ISMEAR">     0</i>
  <i name="SIGMA">      0.05000000</i>
  <i name="KSPACING">      0.50000000</i>
  <i name="PSTRESS">   3000.00000000</i>
  <i type="logical" name="LWAVE"> F  </i>
  <i type="logical" name="LCHARG"> F  </i>
  <v type="int" name="KPOINT_BSE">    -1     0     0     0</v>
 </incar>
 <structure name="primitive_cell" >
  <crystal>
   <varray name="basis" >
    <v>       4.49425694       0.00000000       0.00000000 </v>
    <v>      -2.24712832       3.89214077       0.00000000 </v>
    <v>       0.00000043       0.00000075       5.71681188 </v>
   </varray>
   <i name="volume">    100.00007785 </i>
   <varray name="rec_basis" >
    <v>       0.22250619       0.12846400      -0.00000003 </v>
    <v>       0.00000000       0.25692801      -0.00000003 </v>
    <v>       0.00000000       0.00000000       0.17492267 </v>
   </varray>
  </crystal>
  <varray name="positions" >
   <v>       0.33329999      -0.33329999      -0.07542850 </v>
   <v>       0.45152401       0.00000000       0.00000000 </v>
   <v>       0.00000000       0.45152401       0.00000000 </v>
   <v>      -0.45152401      -0.45152401       0.00000000 </v>
   <v>      -0.33329999       0.33329999       0.07542850 </v>
  </varray>
 </structure>
 <varray name="primitive_index" >
  <v type="int" >        1 </v>
  <v type="int" >        3 </v>
  <v type="int" >        4 </v>
  <v type="int" >        5 </v>
  <v type="int" >        2 </v>
 </varray>
 <kpoints>
  <generation param="Gamma">
   <v type="int" name="divisions">       4        4        3 </v>
   <v name="usershift">      0.00000000       0.00000000       0.00000000 </v>
   <v name="genvec1">      0.25000000       0.00000000       0.00000000 </v>
   <v name="genvec2">      0.00000000       0.25000000       0.00000000 </v>
   <v name="genvec3">      0.00000000       0.00000000       0.33333333 </v>
   <v name="shift">      0.00000000       0.00000000       0.00000000 </v>
  </generation>
  <varray name="kpointlist" >
   <v>       0.00000000       0.00000000       0.00000000 </v>
   <v>       0.25000000       0.00000000       0.00000000 </v>
   <v>       0.50000000       0.00000000       0.00000000 </v>
   <v>       0.25000000       0.25000000      -0.00000000 </v>
   <v>       0.50000000       0.25000000      -0.00000000 </v>
   <v>      -0.25000000       0.25000000      -0.00000000 </v>
   <v>       0.50000000       0.50000000      -0.00000000 </v>
   <v>       0.00000000       0.00000000       0.33333333 </v>
   <v>       0.25000000       0.00000000       0.33333333 </v>
   <v>       0.50000000       0.00000000       0.33333333 </v>
   <v>      -0.25000000      -0.00000000       0.33333333 </v>
   <v>       0.25000000       0.25000000       0.33333333 </v>
   <v>       0.50000000       0.25000000       0.33333333 </v>
   <v>      -0.25000000       0.25000000       0.33333333 </v>
   <v>       0.25000000       0.50000000       0.33333333 </v>
   <v>       0.50000000       0.50000000       0.33333333 </v>
   <v>       0.25000000      -0.25000000       0.33333333 </v>
  </varray>
  <varray name="weights" >
   <v>       0.02083333 </v>
   <v>       0.08333333 </v>
   <v>       0.04166667 </v>
   <v>       0.04166667 </v>
   <v>       0.08333333 </v>
   <v>       0.04166667 </v>
   <v>       0.02083333 </v>
   <v>       0.04166667 </v>
   <v>       0.08333333 </v>
   <v>       0.08333333 </v>
   <v>       0.08333333 </v>
   <v>       0.08333333 </v>
   <v>       0.08333333 </v>
   <v>       0.04166667 </v>
   <v>       0.08333333 </v>
   <v>       0.04166667 </v>
   <v>       0.04166667 </v>
  </varray>
 </kpoints>
 <parameters>
  <separator name="general" >
   <i type="string" name="SYSTEM">local optimisation</i>
   <i type="logical" name="LCOMPAT"> F  </i>
  </separator>
  <separator name="electronic" >
   <i type="string" name="PREC">accura</i>
   <i name="ENMAX">    600.00000000</i>
   <i name="ENAUG">    627.11200000</i>
   <i name="EDIFF">      0.00001000</i>
   <i type="int" name="IALGO">    38</i>
   <i type="int" name="IWAVPR">    11</i>
   <i type="int" name="NBANDS">    16</i>
   <i name="NELECT">     21.00000000</i>
   <i type="int" name="TURBO">     0</i>
   <i type="int" name="IRESTART">     0</i>
   <i type="int" name="NREBOOT">     0</i>
   <i type="int" name="NMIN">     0</i>
   <i name="EREF">      0.00000000</i>
   <separator name="electronic smearing" >
    <i type="int" name="ISMEAR">     0</i>
    <i name="SIGMA">      0.05000000</i>
    <i name="KSPACING">      0.50000000</i>
    <i type="logical" name="KGAMMA"> T  </i>
   </separator>
   <separator name="electronic projectors" >
    <i type="logical" name="LREAL"> F  </i>
    <v name="ROPT">      0.00000000      0.00000000</v>
    <i type="int" name="LMAXPAW">  -100</i>
    <i type="int" name="LMAXMIX">     2</i>
    <i type="logical" name="NLSPLINE"> F  </i>
   </separator>
   <separator name="electronic startup" >
    <i type="int" name="ISTART">     0</i>
    <i type="int" name="ICHARG">     2</i>
    <i type="int" name="INIWAV">     1</i>
   </separator>
   <separator name="electronic spin" >
    <i type="int" name="ISPIN">     1</i>
    <i type="logical" name="LNONCOLLINEAR"> F  </i>
    <v name="MAGMOM">      1.00000000      1.00000000      1.00000000      1.00000000      1.00000000</v>
    <i name="NUPDOWN">     -1.00000000</i>
    <i type="logical" name="LSORBIT"> F  </i>
    <v name="SAXIS">      0.00000000      0.00000000      1.00000000</v>
    <i type="logical" name="LSPIRAL"> F  </i>
    <v name="QSPIRAL">      0.00000000      0.00000000      0.00000000</v>
    <i type="logical" name="LZEROZ"> F  </i>
   </separator>
   <separator name="electronic exchange-correlation" >
    <i type="logical" name="LASPH"> F  </i>
    <i type="logical" name="LMETAGGA"> F  </i>
   </separator>
   <separator name="electronic convergence" >
    <i type="int" name="NELM">    60</i>
    <i type="int" name="NELMDL">     0</i>
    <i type="int" name="NELMIN">     2</i>
    <i name="ENINI">    600.00000000</i>
    <separator name="electronic convergence detail" >
     <i type="logical" name="LDIAG"> T  </i>
     <i type="logical" name="LSUBROT"> F  </i>
     <i name="WEIMIN">      0.00100000</i>
     <i name="EBREAK">      0.00000016</i>
     <i name="DEPER">      0.30000000</i>
     <i type="int" name="NRMM">     4</i>
     <i name="TIME">      0.40000000</i>
    </separator>
   </separator>
   <separator name="electronic mixer" >
    <i name="AMIX">      0.40000000</i>
    <i name="BMIX">      1.00000000</i>
    <i name="AMIN">      0.10000000</i>
    <i name="AMIX_MAG">      1.60000000</i>
    <i name="BMIX_MAG">      1.00000000</i>
    <separator name="electronic mixer details" >
     <i type="int" name="IMIX">     4</i>
     <i type="logical" name="MIXFIRST"> F  </i>
     <i type="int" name="MAXMIX">   -45</i>
     <i name="WC">    100.00000000</i>
     <i type="int" name="INIMIX">     1</i>
     <i type="int" name="MIXPRE">     1</i>
     <i type="int" name="MREMOVE">     5</i>
    </separator>
   </separator>
   <separator name="electronic dipolcorrection" >
    <i type="logical" name="LDIPOL"> F  </i>
    <i type="logical" name="LMONO"> F  </i>
    <i type="int" name="IDIPOL">     0</i>
    <i name="EPSILON">      1.00000000</i>
    <v name="DIPOL">   -100.00000000   -100.00000000   -100.00000000</v>
    <i name="EFIELD">      0.00000000</i>
   </separator>
  </separator>
  <separator name="grids" >
   <i type="int" name="NGX">    36</i>
   <i type="int" name="NGY">    36</i>
   <i type="int" name="NGZ">    48</i>
   <i type="int" name="NGXF">    72</i>
   <i type="int" name="NGYF">    72</i>
   <i type="int" name="NGZF">    96</i>
   <i type="logical" name="ADDGRID"> F  </i>
  </separator>
  <separator name="ionic" >
   <i type="int" name="NSW">   200</i>
   <i type="int" name="IBRION">     2</i>
   <i type="int" name="MDALGO">     0</i>
   <i type="int" name="ISIF">     3</i>
   <i name="PSTRESS">   3000.00000000</i>
   <i name="EDIFFG">      0.00010000</i>
   <i type="int" name="NFREE">     1</i>
   <i name="POTIM">      0.10000000</i>
   <i name="SMASS">     -3.00000000</i>
   <i name="SCALEE">      1.00000000</i>
  </separator>
  <separator name="ionic md" >
   <i name="TEBEG">      0.00010000</i>
   <i name="TEEND">      0.00010000</i>
   <i type="int" name="NBLOCK">     1</i>
   <i type="int" name="KBLOCK">   200</i>
   <i type="int" name="NPACO">   256</i>
   <i name="APACO">     16.00000000</i>
  </separator>
  <separator name="symmetry" >
   <i type="int" name="ISYM">     2</i>
   <i name="SYMPREC">      0.00010000</i>
  </separator>
  <separator name="dos" >
   <i type="int" name="LORBIT">     0</i>
   <v name="RWIGS">     -1.00000000     -1.00000000</v>
   <i type="int" name="NEDOS">   301</i>
   <i name="EMIN">     10.00000000</i>
   <i name="EMAX">    -10.00000000</i>
   <i name="EFERMI">      0.00000000</i>
  </separator>
  <separator name="writing" >
   <i type="int" name="NWRITE">     2</i>
   <i type="logical" name="LWAVE"> F  </i>
   <i type="logical" name="LDOWNSAMPLE"> F  </i>
   <i type="logical" name="LCHARG"> F  </i>
   <i type="logical" name="LPARD"> F  </i>
   <i type="logical" name="LVTOT"> F  </i>
   <i type="logical" name="LVHAR"> F  </i>
   <i type="logical" name="LELF"> F  </i>
   <i type="logical" name="LOPTICS"> F  </i>
   <v name="STM">      0.00000000      0.00000000      0.00000000      0.00000000      0.00000000      0.00000000      0.00000000</v>
  </separator>
  <separator name="performance" >
   <i type="int" name="NPAR">    16</i>
   <i type="int" name="NSIM">     4</i>
   <i type="int" name="NBLK">    -1</i>
   <i type="logical" name="LPLANE"> T  </i>
   <i type="logical" name="LSCALAPACK"> T  </i>
   <i type="logical" name="LSCAAWARE"> F  </i>
   <i type="logical" name="LSCALU"> F  </i>
   <i type="logical" name="LASYNC"> F  </i>
   <i type="logical" name="LORBITALREAL"> F  </i>
  </separator>
  <separator name="miscellaneous" >
   <i type="int" name="IDIOT">     3</i>
   <i type="int" name="ISPECIAL">     0</i>
   <i type="logical" name="LMUSIC"> F  </i>
   <v name="POMASS">     10.81100000     14.00100000</v>
   <v name="DARWINR">      0.00000000      0.00000000</v>
   <v name="DARWINV">      1.00000000      1.00000000</v>
   <i type="logical" name="LCORR"> T  </i>
  </separator>
  <i type="logical" name="GGA_COMPAT"> T  </i>
  <i type="logical" name="LBERRY"> F  </i>
  <i type="int" name="ICORELEVEL">     0</i>
  <i type="logical" name="LDAU"> F  </i>
  <i type="int" name="I_CONSTRAINED_M">     0</i>
  <separator name="electronic exchange-correlation" >
   <i type="string" name="GGA">--</i>
   <i type="int" name="VOSKOWN">     0</i>
   <i type="logical" name="LHFCALC"> F  </i>
   <i type="string" name="PRECFOCK"></i>
   <i type="logical" name="LSYMGRAD"> F  </i>
   <i type="logical" name="LHFONE"> F  </i>
   <i type="logical" name="LRHFCALC"> F  </i>
   <i type="logical" name="LTHOMAS"> F  </i>
   <i type="logical" name="LMODELHF"> F  </i>
   <i name="ENCUT4O">     -1.00000000</i>
   <i type="int" name="EXXOEP">     0</i>
   <i type="int" name="FOURORBIT">     0</i>
   <i name="AEXX">      0.00000000</i>
   <i name="HFALPHA">      0.00000000</i>
   <i name="MCALPHA">      0.00000000</i>
   <i name="ALDAX">      1.00000000</i>
   <i name="AGGAX">      1.00000000</i>
   <i name="ALDAC">      1.00000000</i>
   <i name="AGGAC">      1.00000000</i>
   <i type="int" name="NKREDX">     1</i>
   <i type="int" name="NKREDY">     1</i>
   <i type="int" name="NKREDZ">     1</i>
   <i type="logical" name="SHIFTRED"> F  </i>
   <i type="logical" name="ODDONLY"> F  </i>
   <i type="logical" name="EVENONLY"> F  </i>
   <i type="int" name="LMAXFOCK">     0</i>
   <i type="int" name="NMAXFOCKAE">     0</i>
   <i type="logical" name="LFOCKAEDFT"> F  </i>
   <i name="HFSCREEN">      0.00000000</i>
   <i name="HFSCREENC">      0.00000000</i>
   <i type="int" name="NBANDSGWLOW">     0</i>
  </separator>
  <separator name="vdW DFT" >
   <i type="logical" name="LUSE_VDW"> F  </i>
   <i name="Zab_VDW">     -0.84910000</i>
   <i name="PARAM1">      0.12340000</i>
   <i name="PARAM2">      1.00000000</i>
   <i name="PARAM3">      0.00000000</i>
  </separator>
  <separator name="model GW" >
   <i type="int" name="MODEL_GW">     0</i>
   <i name="MODEL_EPS0">     12.00000934</i>
   <i name="MODEL_ALPHA">      1.00000000</i>
  </separator>
  <separator name="linear response parameters" >
   <i type="logical" name="LEPSILON"> F  </i>
   <i type="logical" name="LRPA"> F  </i>
   <i type="logical" name="LNABLA"> F  </i>
   <i type="logical" name="LVEL"> F  </i>
   <i type="int" name="KINTER">     0</i>
   <i name="CSHIFT">      0.10000000</i>
   <i name="OMEGAMAX">     -1.00000000</i>
   <i name="DEG_THRESHOLD">      0.00200000</i>
   <i name="RTIME">     -0.10000000</i>
   <i name="WPLASMAI">      0.00000000</i>
   <v name="DFIELD">      0.00000000      0.00000000      0.00000000</v>
   <v name="WPLASMA">      0.00000000      0.00000000      0.00000000      0.00000000      0.00000000      0.00000000      0.00000000      0.00000000      0.00000000</v>
  </separator>
  <separator name="orbital magnetization" >
   <i type="logical" name="NUCIND"> F  </i>
   <v name="MAGPOS">      0.00000000      0.00000000      0.00000000</v>
   <i type="logical" name="LNICSALL"> T  </i>
   <i type="logical" name="ORBITALMAG"> F  </i>
   <i type="logical" name="LMAGBLOCH"> F  </i>
   <i type="logical" name="LCHIMAG"> F  </i>
   <i type="logical" name="LGAUGE"> T  </i>
   <i type="int" name="MAGATOM">     0</i>
   <v name="MAGDIPOL">      0.00000000      0.00000000      0.00000000</v>
   <v name="AVECCONST">      0.00000000      0.00000000      0.00000000</v>
  </separator>
  <separator name="response functions" >
   <i type="logical" name="LADDER"> F  </i>
   <i type="logical" name="LRPAFORCE"> F  </i>
   <i type="logical" name="LFXC"> F  </i>
   <i type="logical" name="LHARTREE"> T  </i>
   <i type="int" name="IBSE">     0</i>
   <v type="int" name="KPOINT">    -1     0     0     0</v>
   <i type="logical" name="LTCTE"> F  </i>
   <i type="logical" name="LTETE"> F  </i>
   <i type="logical" name="LTRIPLET"> F  </i>
   <i type="logical" name="LFXCEPS"> F  </i>
   <i type="logical" name="LFXHEG"> F  </i>
   <i type="int" name="NATURALO">     2</i>
   <i type="logical" name="L2ORDER"> F  </i>
   <i type="logical" name="LMP2LT"> F  </i>
   <i type="logical" name="LUSEW"> F  </i>
   <i name="ENCUTGW">     -2.00000000</i>
   <i name="ENCUTGWSOFT">     -2.00000000</i>
   <i name="ENCUTLF">     -1.00000000</i>
   <i type="int" name="LMAXMP2">    -1</i>
   <i name="SCISSOR">      0.00000000</i>
   <i type="int" name="NOMEGA">     0</i>
   <i type="int" name="NOMEGAR">     0</i>
   <i type="int" name="NBANDSGW">    -1</i>
   <i type="int" name="NBANDSO">    -1</i>
   <i type="int" name="NBANDSV">    -1</i>
   <i type="int" name="NELM">     1</i>
   <i type="int" name="NELMHF">     1</i>
   <i type="int" name="DIM">     3</i>
   <i type="int" name="ANTIRES">     0</i>
   <i name="OMEGAMAX">    -30.00000000</i>
   <i name="OMEGAMIN">    -30.00000000</i>
   <i name="OMEGATL">   -200.00000000</i>
   <i type="int" name="OMEGAGRID">   140</i>
   <i name="CSHIFT">     -0.10000000</i>
   <i type="logical" name="SELFENERGY"> F  </i>
   <i type="logical" name="LSPECTRAL"> F  </i>
   <i type="logical" name="LSPECTRALGW"> F  </i>
   <i type="logical" name="LSINGLES"> F  </i>
   <i type="logical" name="LFERMIGW"> F  </i>
   <i type="logical" name="ODDONLYGW"> F  </i>
   <i type="logical" name="EVENONLYGW"> F  </i>
   <i type="int" name="NKREDLFX">     1</i>
   <i type="int" name="NKREDLFY">     1</i>
   <i type="int" name="NKREDLFZ">     1</i>
   <i type="int" name="MAXMEM">  2800</i>
   <i type="int" name="TELESCOPE">     0</i>
   <i type="int" name="TAUPAR">     1</i>
   <i type="int" name="OMEGAPAR">    -1</i>
   <i name="LAMBDA">      1.00000000</i>
  </separator>
  <separator name="External order field" >
   <i name="OFIELD_KAPPA">      0.00000000</i>
   <v name="OFIELD_K">      0.00000000      0.00000000      0.00000000</v>
   <i name="OFIELD_Q6_NEAR">      0.00000000</i>
   <i name="OFIELD_Q6_FAR">      0.00000000</i>
   <i name="OFIELD_A">      0.00000000</i>
  </separator>
 </parameters>
 <atominfo>
  <atoms>       5 </atoms>
  <types>       2 </types>
  <array name="atoms" >
   <dimension dim="1">ion</dimension>
   <field type="string">element</field>
   <field type="int">atomtype</field>
   <set>
    <rc><c>B </c><c>   1</c></rc>
    <rc><c>B </c><c>   1</c></rc>
    <rc><c>N </c><c>   2</c></rc>
    <rc><c>N </c><c>   2</c></rc>
    <rc><c>N </c><c>   2</c></rc>
   </set>
  </array>
  <array name="atomtypes" >
   <dimension dim="1">type</dimension>
   <field type="int">atomspertype</field>
   <field type="string">element</field>
   <field>mass</field>
   <field>valence</field>
   <field type="string">pseudopotential</field>
   <set>
    <rc><c>   2</c><c>B </c><c>     10.81100000</c><c>      3.00000000</c><c> PAW_PBE B 06Sep2000                    </c></rc>
    <rc><c>   3</c><c>N </c><c>     14.00100000</c><c>      5.00000000</c><c> PAW_PBE N 08Apr2002                    </c></rc>
   </set>
  </array>
 </atominfo>
 <structure name="initialpos" >
  <crystal>
   <varray name="basis" >
    <v>       4.49425694       0.00000000       0.00000000 </v>
    <v>      -2.24712832       3.89214077       0.00000000 </v>
    <v>       0.00000043       0.00000075       5.71681188 </v>
   </varray>
   <i name="volume">    100.00007785 </i>
   <varray name="rec_basis" >
    <v>       0.22250619       0.12846400      -0.00000003 </v>
    <v>       0.00000000       0.25692801      -0.00000003 </v>
    <v>       0.00000000       0.00000000       0.17492267 </v>
   </varray>
  </crystal>
  <varray name="positions" >
   <v>       0.33329999       0.66670001       0.92457150 </v>
   <v>       0.66670001       0.33329999       0.07542850 </v>
   <v>       0.45152401       0.00000000       0.00000000 </v>
   <v>       0.00000000       0.45152401       0.00000000 </v>
   <v>       0.54847599       0.54847599       0.00000000 </v>
  </varray>
 </structure>
 <calculation>
  <scstep>
   <time name="dav">    0.23    0.23</time>
   <time name="total">    0.26    0.28</time>
   <energy>
    <i name="alphaZ">     22.73127165 </i>
    <i name="ewald">   -144.48731588 </i>
    <i name="hartreedc">   -655.11101998 </i>
    <i name="XCdc">     75.89657841 </i>
    <i name="pawpsdc">    362.68068860 </i>
    <i name="pawaedc">   -368.23074462 </i>
    <i name="eentropy">     -0.00345719 </i>
    <i name="bandstr">   -110.54890539 </i>
    <i name="atom">    935.97552653 </i>
    <i name="e_fr_energy">    118.90262212 </i>
    <i name="e_wo_entrp">    118.90607932 </i>
    <i name="e_0_energy">    118.90435072 </i>
   </energy>
  </scstep>
  <scstep>
   <time name="dav">    0.37    0.37</time>
   <time name="total">    0.37    0.37</time>
   <energy>
    <i name="e_fr_energy">    -34.05198873 </i>
    <i name="e_wo_entrp">    -34.04618199 </i>
    <i name="e_0_energy">    -34.04908536 </i>
   </energy>
  </scstep>
  <scstep>
   <time name="dav">    0.23    0.23</time>
   <time name="total">    0.23    0.23</time>
   <energy>
    <i name="e_fr_energy">    -39.28248769 </i>
    <i name="e_wo_entrp">    -39.28089816 </i>
    <i name="e_0_energy">    -39.28169293 </i>
   </energy>
  </scstep>
  <scstep>
   <time name="dav">    0.41    0.41</time>
   <time name="total">    0.41    0.41</time>
   <energy>
    <i name="e_fr_energy">    -39.34829933 </i>
    <i name="e_wo_entrp">    -39.34681386 </i>
    <i name="e_0_energy">    -39.34755660 </i>
   </energy>
  </scstep>
  <scstep>
   <time name="dav">    0.32    0.32</time>
   <time name="total">    0.35    0.35</time>
   <energy>
    <i name="e_fr_energy">    -39.34830838 </i>
    <i name="e_wo_entrp">    -39.34682291 </i>
    <i name="e_0_energy">    -39.34756565 </i>
   </energy>
  </scstep>
  <scstep>
   <time name="dav">    0.31    0.31</time>
   <time name="total">    0.36    0.36</time>
   <energy>
    <i name="e_fr_energy">    -36.03188998 </i>
    <i name="e_wo_entrp">    -36.03107707 </i>
    <i name="e_0_energy">    -36.03148353 </i>
   </energy>
  </scstep>
  <scstep>
   <time name="dav">    0.32    0.32</time>
   <time name="total">    0.37    0.37</time>
   <energy>
    <i name="e_fr_energy">    -35.33128628 </i>
    <i name="e_wo_entrp">    -35.33060072 </i>
    <i name="e_0_energy">    -35.33094350 </i>
   </energy>
  </scstep>
  <scstep>
   <time name="dav">    0.32    0.33</time>
   <time name="total">    0.38    0.38</time>
   <energy>
    <i name="e_fr_energy">    -35.24235607 </i>
    <i name="e_wo_entrp">    -35.24169776 </i>
    <i name="e_0_energy">    -35.24202691 </i>
   </energy>
  </scstep>
  <scstep>
   <time name="dav">    0.27    0.27</time>
   <time name="total">    0.32    0.32</time>
   <energy>
    <i name="e_fr_energy">    -35.24285438 </i>
    <i name="e_wo_entrp">    -35.24220065 </i>
    <i name="e_0_energy">    -35.24252752 </i>
   </energy>
  </scstep>
  <scstep>
   <time name="dav">    0.24    0.25</time>
   <time name="total">    0.30    0.30</time>
   <energy>
    <i name="e_fr_energy">    -35.24273583 </i>
    <i name="e_wo_entrp">    -35.24214494 </i>
    <i name="e_0_energy">    -35.24244039 </i>
   </energy>
  </scstep>
  <scstep>
   <time name="dav">    0.24    0.24</time>
   <time name="total">    0.29    0.29</time>
   <energy>
    <i name="e_fr_energy">    -35.24402306 </i>
    <i name="e_wo_entrp">    -35.24344085 </i>
    <i name="e_0_energy">    -35.24373196 </i>
   </energy>
  </scstep>
  <scstep>
   <time name="dav">    0.24    0.24</time>
   <time name="total">    0.30    0.30</time>
   <energy>
    <i name="e_fr_energy">    -35.24415584 </i>
    <i name="e_wo_entrp">    -35.24358063 </i>
    <i name="e_0_energy">    -35.24386824 </i>
   </energy>
  </scstep>
  <scstep>
   <time name="dav">    0.27    0.27</time>
   <time name="total">    0.33    0.33</time>
   <energy>
    <i name="e_fr_energy">    -35.24414458 </i>
    <i name="e_wo_entrp">    -35.24357042 </i>
    <i name="e_0_energy">    -35.24385750 </i>
   </energy>
  </scstep>
  <scstep>
   <time name="dav">    0.27    0.27</time>
   <time name="total">    0.29    0.29</time>
   <energy>
    <i name="alphaZ">     22.73127165 </i>
    <i name="ewald">   -144.48731588 </i>
    <i name="hartreedc">   -727.69246999 </i>
    <i name="XCdc">     79.28074342 </i>
    <i name="pawpsdc">    561.39655815 </i>
    <i name="pawaedc">   -568.02556352 </i>
    <i name="eentropy">     -0.00057435 </i>
    <i name="bandstr">   -194.42231850 </i>
    <i name="atom">    935.97552653 </i>
    <i name="e_fr_energy">    -35.24414250 </i>
    <i name="e_wo_entrp">    -35.24356815 </i>
    <i name="e_0_energy">    -35.24385533 </i>
   </energy>
  </scstep>
  <structure>
   <crystal>
    <varray name="basis" >
     <v>       4.49425694       0.00000000       0.00000000 </v>
     <v>      -2.24712832       3.89214077       0.00000000 </v>
     <v>       0.00000043       0.00000075       5.71681188 </v>
    </varray>
    <i name="volume">    100.00007785 </i>
    <varray name="rec_basis" >
     <v>       0.22250619       0.12846400      -0.00000003 </v>
     <v>       0.00000000       0.25692801      -0.00000003 </v>
     <v>       0.00000000       0.00000000       0.17492267 </v>
    </varray>
   </crystal>
   <varray name="positions" >
    <v>       0.33329999       0.66670001       0.92457150 </v>
    <v>       0.66670001       0.33329999       0.07542850 </v>
    <v>       0.45152401       0.00000000       0.00000000 </v>
    <v>       0.00000000       0.45152401       0.00000000 </v>
    <v>       0.54847599       0.54847599       0.00000000 </v>
   </varray>
  </structure>
  <varray name="forces" >
   <v>       0.00899521      -0.00579795       2.50961050 </v>
   <v>      -0.00951916       0.00489045      -2.50961050 </v>
   <v>      -0.04995978       0.00265285       0.00134402 </v>
   <v>       0.02727732      -0.04194002      -0.00134402 </v>
   <v>       0.02320640       0.04019466       0.00000000 </v>
  </varray>
  <varray name="stress" >
   <v>     117.49376279       0.22895168      -0.13006968 </v>
   <v>       0.22895168     117.75813345       0.07508937 </v>
   <v>      -0.13006947       0.07508925     -36.67962419 </v>
  </varray>
  <energy>
   <i name="e_fr_energy">    152.00119417 </i>
   <i name="e_wo_entrp">    152.00148135 </i>
   <i name="e_0_energy">     -0.00057435 </i>
  </energy>
  <time name="totalsc">    5.19    5.28</time>
 </calculation>
 <calculation>
  <scstep>
   <time name="dav">    0.26    0.27</time>
   <time name="total">    0.31    0.33</time>
   <energy>
    <i name="alphaZ">     84.09088015 </i>
    <i name="ewald">   -255.21811036 </i>
    <i name="hartreedc">  -1100.49698619 </i>
    <i name="XCdc">    120.18463941 </i>
    <i name="pawpsdc">    561.40970369 </i>
    <i name="pawaedc">   -568.03872106 </i>
    <i name="eentropy">     -0.00727184 </i>
    <i name="bandstr">    152.79889435 </i>
    <i name="atom">    935.97552653 </i>
    <i name="e_fr_energy">    -69.30144532 </i>
    <i name="e_wo_entrp">    -69.29417348 </i>
    <i name="e_0_energy">    -69.29780940 </i>
   </energy>
  </scstep>
  <scstep>
   <time name="dav">    0.26    0.27</time>
   <time name="total">    0.32    0.32</time>
   <energy>
    <i name="e_fr_energy">     56.99071928 </i>
    <i name="e_wo_entrp">     56.99456770 </i>
    <i name="e_0_energy">     56.99264349 </i>
   </energy>
  </scstep>
  <scstep>
   <time name="dav">    0.33    0.33</time>
   <time name="total">    0.38    0.39</time>
   <energy>
    <i name="e_fr_energy">     65.92351222 </i>
    <i name="e_wo_entrp">     65.92703863 </i>
    <i name="e_0_energy">     65.92527543 </i>
   </energy>
  </scstep>
  <scstep>
   <time name="dav">    0.25    0.25</time>
   <time name="total">    0.30    0.31</time>
   <energy>
    <i name="e_fr_energy">     67.24316228 </i>
    <i name="e_wo_entrp">     67.24680788 </i>
    <i name="e_0_energy">     67.24498508 </i>
   </energy>
  </scstep>
  <scstep>
   <time name="dav">    0.36    0.37</time>
   <time name="total">    0.41    0.42</time>
   <energy>
    <i name="e_fr_energy">     67.30272854 </i>
    <i name="e_wo_entrp">     67.30646503 </i>
    <i name="e_0_energy">     67.30459679 </i>
   </energy>
  </scstep>
  <scstep>
   <time name="dav">    0.25    0.25</time>
   <time name="total">    0.30    0.31</time>
   <energy>
    <i name="e_fr_energy">     67.30076355 </i>
    <i name="e_wo_entrp">     67.30429120 </i>
    <i name="e_0_energy">     67.30252738 </i>
   </energy>
  </scstep>
  <scstep>
   <time name="dav">    0.33    0.33</time>
   <time name="total">    0.39    0.39</time>
   <energy>
    <i name="e_fr_energy">     67.30077551 </i>
    <i name="e_wo_entrp">     67.30431268 </i>
    <i name="e_0_energy">     67.30254409 </i>
   </energy>
  </scstep>
  <scstep>
   <time name="dav">    0.26    0.26</time>
   <time name="total">    0.32    0.32</time>
   <energy>
    <i name="e_fr_energy">     67.30068953 </i>
    <i name="e_wo_entrp">     67.30422556 </i>
    <i name="e_0_energy">     67.30245754 </i>
   </energy>
  </scstep>
  <scstep>
   <time name="dav">    0.37    0.38</time>
   <time name="total">    0.40    0.40</time>
   <energy>
    <i name="alphaZ">     84.09088015 </i>
    <i name="ewald">   -255.21811036 </i>
    <i name="hartreedc">   -679.51739420 </i>
    <i name="XCdc">     98.81789323 </i>
    <i name="pawpsdc">   1494.74809648 </i>
    <i name="pawaedc">  -1506.79463513 </i>
    <i name="eentropy">     -0.00353508 </i>
    <i name="bandstr">   -104.79803420 </i>
    <i name="atom">    935.97552653 </i>
    <i name="e_fr_energy">     67.30068741 </i>
    <i name="e_wo_entrp">     67.30422250 </i>
    <i name="e_0_energy">     67.30245495 </i>
   </energy>
  </scstep>
  <structure>
   <crystal>
    <varray name="basis" >
     <v>       2.93395340       0.00012393      -0.00007041 </v>
     <v>      -1.46686928       2.54094020       0.00007040 </v>
     <v>      -0.00008928       0.00005219       3.62590921 </v>
    </varray>
    <i name="volume">     27.03181286 </i>
    <varray name="rec_basis" >
     <v>       0.34082873       0.19675835       0.00000556 </v>
     <v>      -0.00001662       0.39354551      -0.00000567 </v>
     <v>       0.00000662      -0.00000382       0.27579290 </v>
    </varray>
   </crystal>
   <varray name="positions" >
    <v>       0.33331212       0.66668563       0.92880709 </v>
    <v>       0.66668563       0.33331212       0.07119291 </v>
    <v>       0.45142004       0.00000658       0.00000227 </v>
    <v>       0.00000658       0.45142004      -0.00000227 </v>
    <v>       0.54857563       0.54857563       0.00000000 </v>
   </varray>
  </structure>
  <varray name="forces" >
   <v>       0.01047280      -0.00005568     -77.14058875 </v>
   <v>      -0.00527271       0.00906250      77.14058875 </v>
   <v>     -33.12677564       0.00854381       0.00658334 </v>
   <v>      16.57078588     -28.68435798      -0.00658331 </v>
   <v>      16.55078967      28.66680734      -0.00000003 </v>
  </varray>
  <varray name="stress" >
   <v>   16193.28016206       3.11549400      -0.69961236 </v>
   <v>       3.11549400   16196.87762479       0.40433665 </v>
   <v>      -0.69961030       0.40433545    2436.65904732 </v>
  </varray>
  <energy>
   <i name="e_fr_energy">    117.91645700 </i>
   <i name="e_wo_entrp">    117.91822454 </i>
   <i name="e_0_energy">     -0.00353508 </i>
  </energy>
  <time name="totalsc">    3.82    3.93</time>
 </calculation>
 <calculation>
  <scstep>
   <time name="dav">    0.22    0.24</time>
   <time name="total">    0.27    0.31</time>
   <energy>
    <i name="alphaZ">     47.40358722 </i>
    <i name="ewald">   -198.71717746 </i>
    <i name="hartreedc">   -567.73238885 </i>
    <i name="XCdc">     82.33425844 </i>
    <i name="pawpsdc">   1494.78659475 </i>
    <i name="pawaedc">  -1506.83374478 </i>
    <i name="eentropy">     -0.00000020 </i>
    <i name="bandstr">   -314.97331125 </i>
    <i name="atom">    935.97552653 </i>
    <i name="e_fr_energy">    -27.75665560 </i>
    <i name="e_wo_entrp">    -27.75665539 </i>
    <i name="e_0_energy">    -27.75665549 </i>
   </energy>
  </scstep>
  <scstep>
   <time name="dav">    0.25    0.26</time>
   <time name="total">    0.31    0.31</time>
   <energy>
    <i name="e_fr_energy">    -11.91569131 </i>
    <i name="e_wo_entrp">    -11.91569118 </i>
    <i name="e_0_energy">    -11.91569125 </i>
   </energy>
  </scstep>
  <scstep>
   <time name="dav">    0.31    0.32</time>
   <time name="total">    0.37    0.38</time>
   <energy>
    <i name="e_fr_energy">     -8.73236671 </i>
    <i name="e_wo_entrp">     -8.72717580 </i>
    <i name="e_0_energy">     -8.72977126 </i>
   </energy>
  </scstep>
  <scstep>
   <time name="dav">    0.32    0.32</time>
   <time name="total">    0.37    0.38</time>
   <energy>
    <i name="e_fr_energy">     -8.70807583 </i>
    <i name="e_wo_entrp">     -8.70541877 </i>
    <i name="e_0_energy">     -8.70674730 </i>
   </energy>
  </scstep>
  <scstep>
   <time name="dav">    0.34    0.34</time>
   <time name="total">    0.39    0.40</time>
   <energy>
    <i name="e_fr_energy">     -8.57256568 </i>
    <i name="e_wo_entrp">     -8.56691785 </i>
    <i name="e_0_energy">     -8.56974176 </i>
   </energy>
  </scstep>
  <scstep>
   <time name="dav">    0.25    0.25</time>
   <time name="total">    0.30    0.31</time>
   <energy>
    <i name="e_fr_energy">     -8.56338545 </i>
    <i name="e_wo_entrp">     -8.55777708 </i>
    <i name="e_0_energy">     -8.56058126 </i>
   </energy>
  </scstep>
  <scstep>
   <time name="dav">    0.27    0.28</time>
   <time name="total">    0.32    0.33</time>
   <energy>
    <i name="e_fr_energy">     -8.56333194 </i>
    <i name="e_wo_entrp">     -8.55772990 </i>
    <i name="e_0_energy">     -8.56053092 </i>
   </energy>
  </scstep>
  <scstep>
   <time name="dav">    0.24    0.25</time>
   <time name="total">    0.29    0.30</time>
   <energy>
    <i name="e_fr_energy">     -8.56339149 </i>
    <i name="e_wo_entrp">     -8.55778660 </i>
    <i name="e_0_energy">     -8.56058904 </i>
   </energy>
  </scstep>
  <scstep>
   <time name="dav">    0.27    0.27</time>
   <time name="total">    0.33    0.33</time>
   <energy>
    <i name="e_fr_energy">     -8.56341011 </i>
    <i name="e_wo_entrp">     -8.55780245 </i>
    <i name="e_0_energy">     -8.56060628 </i>
   </energy>
  </scstep>
  <scstep>
   <time name="dav">    0.30    0.31</time>
   <time name="total">    0.33    0.33</time>
   <energy>
    <i name="alphaZ">     47.40358722 </i>
    <i name="ewald">   -198.71717746 </i>
    <i name="hartreedc">   -717.68270388 </i>
    <i name="XCdc">     89.35899750 </i>
    <i name="pawpsdc">    983.97789728 </i>
    <i name="pawaedc">   -992.81802461 </i>
    <i name="eentropy">     -0.00560797 </i>
    <i name="bandstr">   -156.05590723 </i>
    <i name="atom">    935.97552653 </i>
    <i name="e_fr_energy">     -8.56341261 </i>
    <i name="e_wo_entrp">     -8.55780465 </i>
    <i name="e_0_energy">     -8.56060863 </i>
   </energy>
  </scstep>
  <structure>
   <crystal>
    <varray name="basis" >
     <v>       3.53488505       0.00007620      -0.00004329 </v>
     <v>      -1.76737642       3.06133842       0.00004329 </v>
     <v>      -0.00005473       0.00003238       4.43119457 </v>
    </varray>
    <i name="volume">     47.95267759 </i>
    <varray name="rec_basis" >
     <v>       0.28289111       0.16331911       0.00000230 </v>
     <v>      -0.00000704       0.32665044      -0.00000239 </v>
     <v>       0.00000276      -0.00000160       0.22567278 </v>
    </varray>
   </crystal>
   <varray name="positions" >
    <v>       0.33330491       0.66669416       0.92623512 </v>
    <v>       0.66669416       0.33330491       0.07376488 </v>
    <v>       0.45148137       0.00000269       0.00000089 </v>
    <v>       0.00000269       0.45148137      -0.00000089 </v>
    <v>       0.54851685       0.54851685      -0.00000000 </v>
   </varray>
  </structure>
  <varray name="forces" >
   <v>       0.02015382      -0.01503199     -24.29665419 </v>
   <v>      -0.02309129       0.00994415      24.29665419 </v>
   <v>     -10.13048913       0.00893846       0.00497794 </v>
   <v>       5.07298517      -8.76879191      -0.00497793 </v>
   <v>       5.06044143       8.76494128      -0.00000001 </v>
  </varray>
  <varray name="stress" >
   <v>    3760.20081967       1.45034996      -0.51722295 </v>
   <v>       1.45034996    3761.87553962       0.29871041 </v>
   <v>      -0.51722190       0.29870980     532.27510948 </v>
  </varray>
  <energy>
   <i name="e_fr_energy">     81.22567009 </i>
   <i name="e_wo_entrp">     81.22847407 </i>
   <i name="e_0_energy">     -0.00560797 </i>
  </energy>
  <time name="totalsc">    3.95    4.08</time>
 </calculation>
 <calculation>
  <scstep>
   <time name="dav">    0.23    0.26</time>
   <time name="total">    0.28    0.33</time>
   <energy>
    <i name="alphaZ">     48.94191970 </i>
    <i name="ewald">   -201.46823309 </i>
    <i name="hartreedc">   -724.97827695 </i>
    <i name="XCdc">     90.27182122 </i>
    <i name="pawpsdc">    983.98834247 </i>
    <i name="pawaedc">   -992.82787034 </i>
    <i name="eentropy">     -0.00647885 </i>
    <i name="bandstr">   -145.89528601 </i>
    <i name="atom">    935.97552653 </i>
    <i name="e_fr_energy">     -5.99853531 </i>
    <i name="e_wo_entrp">     -5.99205647 </i>
    <i name="e_0_energy">     -5.99529589 </i>
   </energy>
  </scstep>
  <scstep>
   <time name="dav">    0.27    0.31</time>
   <time name="total">    0.32    0.37</time>
   <energy>
    <i name="e_fr_energy">     -5.94346857 </i>
    <i name="e_wo_entrp">     -5.93797037 </i>
    <i name="e_0_energy">     -5.94071947 </i>
   </energy>
  </scstep>
  <scstep>
   <time name="dav">    0.33    0.37</time>
   <time name="total">    0.38    0.42</time>
   <energy>
    <i name="e_fr_energy">     -5.93778433 </i>
    <i name="e_wo_entrp">     -5.93224136 </i>
    <i name="e_0_energy">     -5.93501284 </i>
   </energy>
  </scstep>
  <scstep>
   <time name="dav">    0.24    0.25</time>
   <time name="total">    0.29    0.31</time>
   <energy>
    <i name="e_fr_energy">     -5.93746275 </i>
    <i name="e_wo_entrp">     -5.93192775 </i>
    <i name="e_0_energy">     -5.93469525 </i>
   </energy>
  </scstep>
  <scstep>
   <time name="dav">    0.28    0.29</time>
   <time name="total">    0.30    0.32</time>
   <energy>
    <i name="alphaZ">     48.94191970 </i>
    <i name="ewald">   -201.46823309 </i>
    <i name="hartreedc">   -716.84682885 </i>
    <i name="XCdc">     89.86851412 </i>
    <i name="pawpsdc">   1009.49574686 </i>
    <i name="pawaedc">  -1018.47876563 </i>
    <i name="eentropy">     -0.00553515 </i>
    <i name="bandstr">   -153.41980521 </i>
    <i name="atom">    935.97552653 </i>
    <i name="e_fr_energy">     -5.93746073 </i>
    <i name="e_wo_entrp">     -5.93192558 </i>
    <i name="e_0_energy">     -5.93469316 </i>
   </energy>
  </scstep>
  <structure>
   <crystal>
    <varray name="basis" >
     <v>       3.49829457       0.00007911      -0.00004494 </v>
     <v>      -1.74907866       3.02965159       0.00004494 </v>
     <v>      -0.00005683       0.00003358       4.38216107 </v>
    </varray>
    <i name="volume">     46.44543878 </i>
    <varray name="rec_basis" >
     <v>       0.28584984       0.16502685       0.00000244 </v>
     <v>      -0.00000746       0.33006665      -0.00000253 </v>
     <v>       0.00000293      -0.00000169       0.22819791 </v>
    </varray>
   </crystal>
   <varray name="positions" >
    <v>       0.33330528       0.66669373       0.92636326 </v>
    <v>       0.66669373       0.33330528       0.07363674 </v>
    <v>       0.45147827       0.00000289       0.00000096 </v>
    <v>       0.00000289       0.45147827      -0.00000096 </v>
    <v>       0.54851983       0.54851983      -0.00000000 </v>
   </varray>
  </structure>
  <varray name="forces" >
   <v>       0.02064160      -0.01531685     -26.32924496 </v>
   <v>      -0.02358156       0.01022470      26.32924496 </v>
   <v>     -10.90060371       0.00904896       0.00510673 </v>
   <v>       5.45813813      -9.43567546      -0.00510672 </v>
   <v>       5.44540555       9.43171866      -0.00000001 </v>
  </varray>
  <varray name="stress" >
   <v>    4122.99374988       1.55071588      -0.54586300 </v>
   <v>       1.55071588    4124.78436243       0.31525520 </v>
   <v>      -0.54586191       0.31525457     587.47440992 </v>
  </varray>
  <energy>
   <i name="e_fr_energy">     81.02938976 </i>
   <i name="e_wo_entrp">     81.03215734 </i>
   <i name="e_0_energy">     -0.00553515 </i>
  </energy>
  <time name="totalsc">    2.24    2.48</time>
 </calculation>
 <calculation>
  <scstep>
   <time name="dav">    0.24    0.25</time>
   <time name="total">    0.30    0.31</time>
   <energy>
    <i name="alphaZ">     58.07226086 </i>
    <i name="ewald">   -517.79630026 </i>
    <i name="hartreedc">   -579.88391121 </i>
    <i name="XCdc">     92.89980659 </i>
    <i name="pawpsdc">   1010.72836302 </i>
    <i name="pawaedc">  -1019.71694886 </i>
    <i name="eentropy">     -0.00352618 </i>
    <i name="bandstr">    -17.57604465 </i>
    <i name="atom">    935.97552653 </i>
    <i name="e_fr_energy">    -37.30077416 </i>
    <i name="e_wo_entrp">    -37.29724799 </i>
    <i name="e_0_energy">    -37.29901107 </i>
   </energy>
  </scstep>
  <scstep>
   <time name="dav">    0.32    0.33</time>
   <time name="total">    0.37    0.39</time>
   <energy>
    <i name="e_fr_energy">    -18.97584207 </i>
    <i name="e_wo_entrp">    -18.96817152 </i>
    <i name="e_0_energy">    -18.97200680 </i>
   </energy>
  </scstep>
  <scstep>
   <time name="dav">    0.27    0.27</time>
   <time name="total">    0.32    0.32</time>
   <energy>
    <i name="e_fr_energy">    -18.00956508 </i>
    <i name="e_wo_entrp">    -18.00440932 </i>
    <i name="e_0_energy">    -18.00698720 </i>
   </energy>
  </scstep>
  <scstep>
   <time name="dav">    0.29    0.29</time>
   <time name="total">    0.34    0.34</time>
   <energy>
    <i name="e_fr_energy">    -17.88282040 </i>
    <i name="e_wo_entrp">    -17.87743778 </i>
    <i name="e_0_energy">    -17.88012909 </i>
   </energy>
  </scstep>
  <scstep>
   <time name="dav">    0.32    0.32</time>
   <time name="total">    0.37    0.37</time>
   <energy>
    <i name="e_fr_energy">    -17.85659462 </i>
    <i name="e_wo_entrp">    -17.85130287 </i>
    <i name="e_0_energy">    -17.85394874 </i>
   </energy>
  </scstep>
  <scstep>
   <time name="dav">    0.30    0.30</time>
   <time name="total">    0.35    0.35</time>
   <energy>
    <i name="e_fr_energy">    -17.85704846 </i>
    <i name="e_wo_entrp">    -17.85180690 </i>
    <i name="e_0_energy">    -17.85442768 </i>
   </energy>
  </scstep>
  <scstep>
   <time name="dav">    0.31    0.31</time>
   <time name="total">    0.36    0.36</time>
   <energy>
    <i name="e_fr_energy">    -17.85695069 </i>
    <i name="e_wo_entrp">    -17.85169936 </i>
    <i name="e_0_energy">    -17.85432502 </i>
   </energy>
  </scstep>
  <scstep>
   <time name="dav">    0.31    0.31</time>
   <time name="total">    0.36    0.36</time>
   <energy>
    <i name="e_fr_energy">    -17.85698549 </i>
    <i name="e_wo_entrp">    -17.85172836 </i>
    <i name="e_0_energy">    -17.85435693 </i>
   </energy>
  </scstep>
  <scstep>
   <time name="dav">    0.27    0.27</time>
   <time name="total">    0.29    0.30</time>
   <energy>
    <i name="alphaZ">     58.07226086 </i>
    <i name="ewald">   -517.79630026 </i>
    <i name="hartreedc">   -458.76888461 </i>
    <i name="XCdc">     87.15337828 </i>
    <i name="pawpsdc">    847.99595603 </i>
    <i name="pawaedc">   -856.11223509 </i>
    <i name="eentropy">     -0.00526171 </i>
    <i name="bandstr">   -114.37142297 </i>
    <i name="atom">    935.97552653 </i>
    <i name="e_fr_energy">    -17.85698294 </i>
    <i name="e_wo_entrp">    -17.85172123 </i>
    <i name="e_0_energy">    -17.85435209 </i>
   </energy>
  </scstep>
  <structure>
   <crystal>
    <varray name="basis" >
     <v>       3.53606795       0.00037468      -0.00014366 </v>
     <v>      -1.76770938       3.06251208       0.00014367 </v>
     <v>      -0.00019096       0.00011106       3.61435133 </v>
    </varray>
    <i name="volume">     39.14311069 </i>
    <varray name="rec_basis" >
     <v>       0.28278270       0.16322471       0.00000993 </v>
     <v>      -0.00003460       0.32650936      -0.00001003 </v>
     <v>       0.00001124      -0.00000649       0.27667482 </v>
    </varray>
   </crystal>
   <varray name="positions" >
    <v>       0.33333703       0.66664655       0.87334133 </v>
    <v>       0.66664655       0.33333703       0.12665867 </v>
    <v>       0.42358394       0.00003151       0.00001151 </v>
    <v>       0.00003151       0.42358394      -0.00001151 </v>
    <v>       0.57640098       0.57640098      -0.00000000 </v>
   </varray>
  </structure>
  <varray name="forces" >
   <v>      -0.03844864       0.03447611     -19.96428939 </v>
   <v>       0.04908536      -0.01605278      19.96428939 </v>
   <v>     -11.48583892      -0.02401373      -0.00685469 </v>
   <v>       5.72212258      -9.95903537       0.00685464 </v>
   <v>       5.75307962       9.96462577       0.00000005 </v>
  </varray>
  <varray name="stress" >
   <v>    3172.98202176      -0.71867117       1.49355126 </v>
   <v>      -0.71867117    3172.15217113      -0.86211662 </v>
   <v>       1.49355290      -0.86211757     769.36635324 </v>
  </varray>
  <energy>
   <i name="e_fr_energy">     55.43660940 </i>
   <i name="e_wo_entrp">     55.43924025 </i>
   <i name="e_0_energy">     -0.00526171 </i>
  </energy>
  <time name="totalsc">    3.74    3.83</time>
 </calculation>
 <calculation>
  <scstep>
   <time name="dav">    0.22    0.23</time>
   <time name="total">    0.28    0.29</time>
   <energy>
    <i name="alphaZ">     98.69586823 </i>
    <i name="ewald">  -1014.76332591 </i>
    <i name="hartreedc">   -299.18236166 </i>
    <i name="XCdc">    100.05160688 </i>
    <i name="pawpsdc">    847.95123762 </i>
    <i name="pawaedc">   -856.06739911 </i>
    <i name="eentropy">     -0.00321040 </i>
    <i name="bandstr">    118.85449036 </i>
    <i name="atom">    935.97552653 </i>
    <i name="e_fr_energy">    -68.48756748 </i>
    <i name="e_wo_entrp">    -68.48435708 </i>
    <i name="e_0_energy">    -68.48596228 </i>
   </energy>
  </scstep>
  <scstep>
   <time name="dav">    0.35    0.36</time>
   <time name="total">    0.41    0.41</time>
   <energy>
    <i name="e_fr_energy">    -32.01296794 </i>
    <i name="e_wo_entrp">    -32.00980839 </i>
    <i name="e_0_energy">    -32.01138817 </i>
   </energy>
  </scstep>
  <scstep>
   <time name="dav">    0.25    0.25</time>
   <time name="total">    0.30    0.31</time>
   <energy>
    <i name="e_fr_energy">    -22.77239638 </i>
    <i name="e_wo_entrp">    -22.76389614 </i>
    <i name="e_0_energy">    -22.76814626 </i>
   </energy>
  </scstep>
  <scstep>
   <time name="dav">    0.33    0.34</time>
   <time name="total">    0.39    0.39</time>
   <energy>
    <i name="e_fr_energy">    -22.60157087 </i>
    <i name="e_wo_entrp">    -22.59148082 </i>
    <i name="e_0_energy">    -22.59652584 </i>
   </energy>
  </scstep>
  <scstep>
   <time name="dav">    0.27    0.27</time>
   <time name="total">    0.32    0.32</time>
   <energy>
    <i name="e_fr_energy">    -22.58207070 </i>
    <i name="e_wo_entrp">    -22.57635263 </i>
    <i name="e_0_energy">    -22.57921166 </i>
   </energy>
  </scstep>
  <scstep>
   <time name="dav">    0.31    0.31</time>
   <time name="total">    0.37    0.37</time>
   <energy>
    <i name="e_fr_energy">    -22.58065938 </i>
    <i name="e_wo_entrp">    -22.57481746 </i>
    <i name="e_0_energy">    -22.57773842 </i>
   </energy>
  </scstep>
  <scstep>
   <time name="dav">    0.26    0.26</time>
   <time name="total">    0.31    0.32</time>
   <energy>
    <i name="e_fr_energy">    -22.58012938 </i>
    <i name="e_wo_entrp">    -22.57253384 </i>
    <i name="e_0_energy">    -22.57633161 </i>
   </energy>
  </scstep>
  <scstep>
   <time name="dav">    0.28    0.28</time>
   <time name="total">    0.33    0.33</time>
   <energy>
    <i name="e_fr_energy">    -22.57958834 </i>
    <i name="e_wo_entrp">    -22.57157218 </i>
    <i name="e_0_energy">    -22.57558026 </i>
   </energy>
  </scstep>
  <scstep>
   <time name="dav">    0.25    0.25</time>
   <time name="total">    0.31    0.31</time>
   <energy>
    <i name="e_fr_energy">    -22.57955209 </i>
    <i name="e_wo_entrp">    -22.57176517 </i>
    <i name="e_0_energy">    -22.57565863 </i>
   </energy>
  </scstep>
  <scstep>
   <time name="dav">    0.18    0.18</time>
   <time name="total">    0.20    0.21</time>
   <energy>
    <i name="alphaZ">     98.69586823 </i>
    <i name="ewald">  -1014.76332591 </i>
    <i name="hartreedc">   -147.90540588 </i>
    <i name="XCdc">     87.69824018 </i>
    <i name="pawpsdc">    722.56037287 </i>
    <i name="pawaedc">   -729.94275941 </i>
    <i name="eentropy">     -0.00772103 </i>
    <i name="bandstr">     25.10965288 </i>
    <i name="atom">    935.97552653 </i>
    <i name="e_fr_energy">    -22.57955155 </i>
    <i name="e_wo_entrp">    -22.57183051 </i>
    <i name="e_0_energy">    -22.57569103 </i>
   </energy>
  </scstep>
  <structure>
   <crystal>
    <varray name="basis" >
     <v>       3.61372374       0.00098232      -0.00034660 </v>
     <v>      -1.80601104       3.13006779       0.00034664 </v>
     <v>      -0.00046671       0.00027033       2.03586187 </v>
    </varray>
    <i name="volume">     23.03165245 </i>
    <varray name="rec_basis" >
     <v>       0.27667948       0.15964069       0.00004223 </v>
     <v>      -0.00008684       0.31943180      -0.00004243 </v>
     <v>       0.00004712      -0.00002721       0.49119247 </v>
    </varray>
   </crystal>
   <varray name="positions" >
    <v>       0.33339802       0.66655416       0.74118087 </v>
    <v>       0.66655415       0.33339801       0.25881913 </v>
    <v>       0.36685312       0.00009517       0.00003626 </v>
    <v>       0.00009517       0.36685312      -0.00003626 </v>
    <v>       0.63309954       0.63309954      -0.00000000 </v>
   </varray>
  </structure>
  <varray name="forces" >
   <v>      -0.08532952       0.05074617      -4.92151580 </v>
   <v>       0.08661405      -0.04852130       4.92151580 </v>
   <v>      -9.23182610      -0.04174375      -0.00841321 </v>
   <v>       4.57976160      -8.01586797       0.00841309 </v>
   <v>       4.65077997       8.05538685       0.00000012 </v>
  </varray>
  <varray name="stress" >
   <v>    3977.21903099       1.41342481       5.64919064 </v>
   <v>       1.41342481    3978.85110766      -3.26073587 </v>
   <v>       5.64919328      -3.26073740    1798.75824400 </v>
  </varray>
  <energy>
   <i name="e_fr_energy">     20.54611004 </i>
   <i name="e_wo_entrp">     20.54997056 </i>
   <i name="e_0_energy">     -0.00772103 </i>
  </energy>
