{
        "batch_type": "Lebesgue",
        "context_type": "LebesgueContext",
        "local_root" : "./",
        "remote_profile":{
          "email": "wzy@calypso.cn",
          "password": "zhenyu1234!",
          "program_id": 12111,
            "_keep_backup":true,
            "input_data":{
              "job_type": "indicate",
              "log_file": "log",
              "grouped":true,
              "job_name": "vsc.Bohrium.sabc",
              "disk_size": 200,
	      "max_run_time":2400,
              "machine_type":"c16_m32_cpu",
              "platform": "ali",
              "image_name":"LBG_VASP_5.4.4_v1",
              "on_demand":0
            }
        }
}
