<?xml version="1.0" encoding="ISO-8859-1"?>
<modeling>
 <generator>
  <i name="program" type="string">vasp </i>
  <i name="version" type="string">5.4.4.18Apr17-6-g9f103f2a35  </i>
  <i name="subversion" type="string">(build Nov 14 2022 07:55:26) complex            parallel </i>
  <i name="platform" type="string">LinuxIFC </i>
  <i name="date" type="string">2023 04 13 </i>
  <i name="time" type="string">16:38:07 </i>
 </generator>
 <incar>
  <i type="string" name="SYSTEM"> local optimisation</i>
  <i type="string" name="PREC">accurate</i>
  <i type="int" name="IBRION">     2</i>
  <i name="EDIFF">      0.00001000</i>
  <i type="int" name="NSW">   200</i>
  <i type="int" name="ISIF">     3</i>
  <i name="SYMPREC">      0.00010000</i>
  <i name="ENCUT">    600.00000000</i>
  <i name="POTIM">      0.10000000</i>
  <i type="int" name="ISMEAR">     0</i>
  <i name="SIGMA">      0.05000000</i>
  <i name="KSPACING">      0.50000000</i>
  <i name="PSTRESS">   3000.00000000</i>
  <i type="logical" name="LWAVE"> F  </i>
  <i type="logical" name="LCHARG"> F  </i>
  <v type="int" name="KPOINT_BSE">    -1     0     0     0</v>
 </incar>
 <structure name="primitive_cell" >
  <crystal>
   <varray name="basis" >
    <v>       4.07431797       0.00000000       0.00000000 </v>
    <v>      -2.03715885       3.52846294       0.00000000 </v>
    <v>       0.00000042       0.00000073       5.56480144 </v>
   </varray>
   <i name="volume">     80.00003062 </i>
   <varray name="rec_basis" >
    <v>       0.24543985       0.14170475      -0.00000004 </v>
    <v>       0.00000000       0.28340952      -0.00000004 </v>
    <v>       0.00000000       0.00000000       0.17970093 </v>
   </varray>
  </crystal>
  <varray name="positions" >
   <v>       0.00000000       0.00000000       0.00000000 </v>
   <v>       0.00000000       0.49056859       0.00000000 </v>
   <v>       0.49056859       0.00000000       0.00000000 </v>
   <v>      -0.49056859      -0.49056859       0.00000000 </v>
  </varray>
 </structure>
 <varray name="primitive_index" >
  <v type="int" >        1 </v>
  <v type="int" >        3 </v>
  <v type="int" >        2 </v>
  <v type="int" >        4 </v>
 </varray>
 <kpoints>
  <generation param="Gamma">
   <v type="int" name="divisions">       4        4        3 </v>
   <v name="usershift">      0.00000000       0.00000000       0.00000000 </v>
   <v name="genvec1">      0.25000000       0.00000000       0.00000000 </v>
   <v name="genvec2">      0.00000000       0.25000000       0.00000000 </v>
   <v name="genvec3">      0.00000000       0.00000000       0.33333333 </v>
   <v name="shift">      0.00000000       0.00000000       0.00000000 </v>
  </generation>
  <varray name="kpointlist" >
   <v>       0.00000000       0.00000000       0.00000000 </v>
   <v>       0.25000000       0.00000000       0.00000000 </v>
   <v>       0.50000000       0.00000000       0.00000000 </v>
   <v>       0.25000000       0.25000000       0.00000000 </v>
   <v>       0.00000000       0.00000000       0.33333333 </v>
   <v>       0.25000000       0.00000000       0.33333333 </v>
   <v>       0.50000000       0.00000000       0.33333333 </v>
   <v>       0.25000000       0.25000000       0.33333333 </v>
  </varray>
  <varray name="weights" >
   <v>       0.02083333 </v>
   <v>       0.12500000 </v>
   <v>       0.06250000 </v>
   <v>       0.12500000 </v>
   <v>       0.04166667 </v>
   <v>       0.25000000 </v>
   <v>       0.12500000 </v>
   <v>       0.25000000 </v>
  </varray>
 </kpoints>
 <parameters>
  <separator name="general" >
   <i type="string" name="SYSTEM">local optimisation</i>
   <i type="logical" name="LCOMPAT"> F  </i>
  </separator>
  <separator name="electronic" >
   <i type="string" name="PREC">accura</i>
   <i name="ENMAX">    600.00000000</i>
   <i name="ENAUG">    627.11200000</i>
   <i name="EDIFF">      0.00001000</i>
   <i type="int" name="IALGO">    38</i>
   <i type="int" name="IWAVPR">    11</i>
   <i type="int" name="NBANDS">    16</i>
   <i name="NELECT">     18.00000000</i>
   <i type="int" name="TURBO">     0</i>
   <i type="int" name="IRESTART">     0</i>
   <i type="int" name="NREBOOT">     0</i>
   <i type="int" name="NMIN">     0</i>
   <i name="EREF">      0.00000000</i>
   <separator name="electronic smearing" >
    <i type="int" name="ISMEAR">     0</i>
    <i name="SIGMA">      0.05000000</i>
    <i name="KSPACING">      0.50000000</i>
    <i type="logical" name="KGAMMA"> T  </i>
   </separator>
   <separator name="electronic projectors" >
    <i type="logical" name="LREAL"> F  </i>
    <v name="ROPT">      0.00000000      0.00000000</v>
    <i type="int" name="LMAXPAW">  -100</i>
    <i type="int" name="LMAXMIX">     2</i>
    <i type="logical" name="NLSPLINE"> F  </i>
   </separator>
   <separator name="electronic startup" >
    <i type="int" name="ISTART">     0</i>
    <i type="int" name="ICHARG">     2</i>
    <i type="int" name="INIWAV">     1</i>
   </separator>
   <separator name="electronic spin" >
    <i type="int" name="ISPIN">     1</i>
    <i type="logical" name="LNONCOLLINEAR"> F  </i>
    <v name="MAGMOM">      1.00000000      1.00000000      1.00000000      1.00000000</v>
    <i name="NUPDOWN">     -1.00000000</i>
    <i type="logical" name="LSORBIT"> F  </i>
    <v name="SAXIS">      0.00000000      0.00000000      1.00000000</v>
    <i type="logical" name="LSPIRAL"> F  </i>
    <v name="QSPIRAL">      0.00000000      0.00000000      0.00000000</v>
    <i type="logical" name="LZEROZ"> F  </i>
   </separator>
   <separator name="electronic exchange-correlation" >
    <i type="logical" name="LASPH"> F  </i>
    <i type="logical" name="LMETAGGA"> F  </i>
   </separator>
   <separator name="electronic convergence" >
    <i type="int" name="NELM">    60</i>
    <i type="int" name="NELMDL">     0</i>
    <i type="int" name="NELMIN">     2</i>
    <i name="ENINI">    600.00000000</i>
    <separator name="electronic convergence detail" >
     <i type="logical" name="LDIAG"> T  </i>
     <i type="logical" name="LSUBROT"> F  </i>
     <i name="WEIMIN">      0.00100000</i>
     <i name="EBREAK">      0.00000016</i>
     <i name="DEPER">      0.30000000</i>
     <i type="int" name="NRMM">     4</i>
     <i name="TIME">      0.40000000</i>
    </separator>
   </separator>
   <separator name="electronic mixer" >
    <i name="AMIX">      0.40000000</i>
    <i name="BMIX">      1.00000000</i>
    <i name="AMIN">      0.10000000</i>
    <i name="AMIX_MAG">      1.60000000</i>
    <i name="BMIX_MAG">      1.00000000</i>
    <separator name="electronic mixer details" >
     <i type="int" name="IMIX">     4</i>
     <i type="logical" name="MIXFIRST"> F  </i>
     <i type="int" name="MAXMIX">   -45</i>
     <i name="WC">    100.00000000</i>
     <i type="int" name="INIMIX">     1</i>
     <i type="int" name="MIXPRE">     1</i>
     <i type="int" name="MREMOVE">     5</i>
    </separator>
   </separator>
   <separator name="electronic dipolcorrection" >
    <i type="logical" name="LDIPOL"> F  </i>
    <i type="logical" name="LMONO"> F  </i>
    <i type="int" name="IDIPOL">     0</i>
    <i name="EPSILON">      1.00000000</i>
    <v name="DIPOL">   -100.00000000   -100.00000000   -100.00000000</v>
    <i name="EFIELD">      0.00000000</i>
   </separator>
  </separator>
  <separator name="grids" >
   <i type="int" name="NGX">    36</i>
   <i type="int" name="NGY">    36</i>
   <i type="int" name="NGZ">    48</i>
   <i type="int" name="NGXF">    72</i>
   <i type="int" name="NGYF">    72</i>
   <i type="int" name="NGZF">    96</i>
   <i type="logical" name="ADDGRID"> F  </i>
  </separator>
  <separator name="ionic" >
   <i type="int" name="NSW">   200</i>
   <i type="int" name="IBRION">     2</i>
   <i type="int" name="MDALGO">     0</i>
   <i type="int" name="ISIF">     3</i>
   <i name="PSTRESS">   3000.00000000</i>
   <i name="EDIFFG">      0.00010000</i>
   <i type="int" name="NFREE">     1</i>
   <i name="POTIM">      0.10000000</i>
   <i name="SMASS">     -3.00000000</i>
   <i name="SCALEE">      1.00000000</i>
  </separator>
  <separator name="ionic md" >
   <i name="TEBEG">      0.00010000</i>
   <i name="TEEND">      0.00010000</i>
   <i type="int" name="NBLOCK">     1</i>
   <i type="int" name="KBLOCK">   200</i>
   <i type="int" name="NPACO">   256</i>
   <i name="APACO">     16.00000000</i>
  </separator>
  <separator name="symmetry" >
   <i type="int" name="ISYM">     2</i>
   <i name="SYMPREC">      0.00010000</i>
  </separator>
  <separator name="dos" >
   <i type="int" name="LORBIT">     0</i>
   <v name="RWIGS">     -1.00000000     -1.00000000</v>
   <i type="int" name="NEDOS">   301</i>
   <i name="EMIN">     10.00000000</i>
   <i name="EMAX">    -10.00000000</i>
   <i name="EFERMI">      0.00000000</i>
  </separator>
  <separator name="writing" >
   <i type="int" name="NWRITE">     2</i>
   <i type="logical" name="LWAVE"> F  </i>
   <i type="logical" name="LDOWNSAMPLE"> F  </i>
   <i type="logical" name="LCHARG"> F  </i>
   <i type="logical" name="LPARD"> F  </i>
   <i type="logical" name="LVTOT"> F  </i>
   <i type="logical" name="LVHAR"> F  </i>
   <i type="logical" name="LELF"> F  </i>
   <i type="logical" name="LOPTICS"> F  </i>
   <v name="STM">      0.00000000      0.00000000      0.00000000      0.00000000      0.00000000      0.00000000      0.00000000</v>
  </separator>
  <separator name="performance" >
   <i type="int" name="NPAR">    16</i>
   <i type="int" name="NSIM">     4</i>
   <i type="int" name="NBLK">    -1</i>
   <i type="logical" name="LPLANE"> T  </i>
   <i type="logical" name="LSCALAPACK"> T  </i>
   <i type="logical" name="LSCAAWARE"> F  </i>
   <i type="logical" name="LSCALU"> F  </i>
   <i type="logical" name="LASYNC"> F  </i>
   <i type="logical" name="LORBITALREAL"> F  </i>
  </separator>
  <separator name="miscellaneous" >
   <i type="int" name="IDIOT">     3</i>
   <i type="int" name="ISPECIAL">     0</i>
   <i type="logical" name="LMUSIC"> F  </i>
   <v name="POMASS">     10.81100000     14.00100000</v>
   <v name="DARWINR">      0.00000000      0.00000000</v>
   <v name="DARWINV">      1.00000000      1.00000000</v>
   <i type="logical" name="LCORR"> T  </i>
  </separator>
  <i type="logical" name="GGA_COMPAT"> T  </i>
  <i type="logical" name="LBERRY"> F  </i>
  <i type="int" name="ICORELEVEL">     0</i>
  <i type="logical" name="LDAU"> F  </i>
  <i type="int" name="I_CONSTRAINED_M">     0</i>
  <separator name="electronic exchange-correlation" >
   <i type="string" name="GGA">--</i>
   <i type="int" name="VOSKOWN">     0</i>
   <i type="logical" name="LHFCALC"> F  </i>
   <i type="string" name="PRECFOCK"></i>
   <i type="logical" name="LSYMGRAD"> F  </i>
   <i type="logical" name="LHFONE"> F  </i>
   <i type="logical" name="LRHFCALC"> F  </i>
   <i type="logical" name="LTHOMAS"> F  </i>
   <i type="logical" name="LMODELHF"> F  </i>
   <i name="ENCUT4O">     -1.00000000</i>
   <i type="int" name="EXXOEP">     0</i>
   <i type="int" name="FOURORBIT">     0</i>
   <i name="AEXX">      0.00000000</i>
   <i name="HFALPHA">      0.00000000</i>
   <i name="MCALPHA">      0.00000000</i>
   <i name="ALDAX">      1.00000000</i>
   <i name="AGGAX">      1.00000000</i>
   <i name="ALDAC">      1.00000000</i>
   <i name="AGGAC">      1.00000000</i>
   <i type="int" name="NKREDX">     1</i>
   <i type="int" name="NKREDY">     1</i>
   <i type="int" name="NKREDZ">     1</i>
   <i type="logical" name="SHIFTRED"> F  </i>
   <i type="logical" name="ODDONLY"> F  </i>
   <i type="logical" name="EVENONLY"> F  </i>
   <i type="int" name="LMAXFOCK">     0</i>
   <i type="int" name="NMAXFOCKAE">     0</i>
   <i type="logical" name="LFOCKAEDFT"> F  </i>
   <i name="HFSCREEN">      0.00000000</i>
   <i name="HFSCREENC">      0.00000000</i>
   <i type="int" name="NBANDSGWLOW">     0</i>
  </separator>
  <separator name="vdW DFT" >
   <i type="logical" name="LUSE_VDW"> F  </i>
   <i name="Zab_VDW">     -0.84910000</i>
   <i name="PARAM1">      0.12340000</i>
   <i name="PARAM2">      1.00000000</i>
   <i name="PARAM3">      0.00000000</i>
  </separator>
  <separator name="model GW" >
   <i type="int" name="MODEL_GW">     0</i>
   <i name="MODEL_EPS0">     12.00000459</i>
   <i name="MODEL_ALPHA">      1.00000000</i>
  </separator>
  <separator name="linear response parameters" >
   <i type="logical" name="LEPSILON"> F  </i>
   <i type="logical" name="LRPA"> F  </i>
   <i type="logical" name="LNABLA"> F  </i>
   <i type="logical" name="LVEL"> F  </i>
   <i type="int" name="KINTER">     0</i>
   <i name="CSHIFT">      0.10000000</i>
   <i name="OMEGAMAX">     -1.00000000</i>
   <i name="DEG_THRESHOLD">      0.00200000</i>
   <i name="RTIME">     -0.10000000</i>
   <i name="WPLASMAI">      0.00000000</i>
   <v name="DFIELD">      0.00000000      0.00000000      0.00000000</v>
   <v name="WPLASMA">      0.00000000      0.00000000      0.00000000      0.00000000      0.00000000      0.00000000      0.00000000      0.00000000      0.00000000</v>
  </separator>
  <separator name="orbital magnetization" >
   <i type="logical" name="NUCIND"> F  </i>
   <v name="MAGPOS">      0.00000000      0.00000000      0.00000000</v>
   <i type="logical" name="LNICSALL"> T  </i>
   <i type="logical" name="ORBITALMAG"> F  </i>
   <i type="logical" name="LMAGBLOCH"> F  </i>
   <i type="logical" name="LCHIMAG"> F  </i>
   <i type="logical" name="LGAUGE"> T  </i>
   <i type="int" name="MAGATOM">     0</i>
   <v name="MAGDIPOL">      0.00000000      0.00000000      0.00000000</v>
   <v name="AVECCONST">      0.00000000      0.00000000      0.00000000</v>
  </separator>
  <separator name="response functions" >
   <i type="logical" name="LADDER"> F  </i>
   <i type="logical" name="LRPAFORCE"> F  </i>
   <i type="logical" name="LFXC"> F  </i>
   <i type="logical" name="LHARTREE"> T  </i>
   <i type="int" name="IBSE">     0</i>
   <v type="int" name="KPOINT">    -1     0     0     0</v>
   <i type="logical" name="LTCTE"> F  </i>
   <i type="logical" name="LTETE"> F  </i>
   <i type="logical" name="LTRIPLET"> F  </i>
   <i type="logical" name="LFXCEPS"> F  </i>
   <i type="logical" name="LFXHEG"> F  </i>
   <i type="int" name="NATURALO">     2</i>
   <i type="logical" name="L2ORDER"> F  </i>
   <i type="logical" name="LMP2LT"> F  </i>
   <i type="logical" name="LUSEW"> F  </i>
   <i name="ENCUTGW">     -2.00000000</i>
   <i name="ENCUTGWSOFT">     -2.00000000</i>
   <i name="ENCUTLF">     -1.00000000</i>
   <i type="int" name="LMAXMP2">    -1</i>
   <i name="SCISSOR">      0.00000000</i>
   <i type="int" name="NOMEGA">     0</i>
   <i type="int" name="NOMEGAR">     0</i>
   <i type="int" name="NBANDSGW">    -1</i>
   <i type="int" name="NBANDSO">    -1</i>
   <i type="int" name="NBANDSV">    -1</i>
   <i type="int" name="NELM">     1</i>
   <i type="int" name="NELMHF">     1</i>
   <i type="int" name="DIM">     3</i>
   <i type="int" name="ANTIRES">     0</i>
   <i name="OMEGAMAX">    -30.00000000</i>
   <i name="OMEGAMIN">    -30.00000000</i>
   <i name="OMEGATL">   -200.00000000</i>
   <i type="int" name="OMEGAGRID">   140</i>
   <i name="CSHIFT">     -0.10000000</i>
   <i type="logical" name="SELFENERGY"> F  </i>
   <i type="logical" name="LSPECTRAL"> F  </i>
   <i type="logical" name="LSPECTRALGW"> F  </i>
   <i type="logical" name="LSINGLES"> F  </i>
   <i type="logical" name="LFERMIGW"> F  </i>
   <i type="logical" name="ODDONLYGW"> F  </i>
   <i type="logical" name="EVENONLYGW"> F  </i>
   <i type="int" name="NKREDLFX">     1</i>
   <i type="int" name="NKREDLFY">     1</i>
   <i type="int" name="NKREDLFZ">     1</i>
   <i type="int" name="MAXMEM">  2800</i>
   <i type="int" name="TELESCOPE">     0</i>
   <i type="int" name="TAUPAR">     1</i>
   <i type="int" name="OMEGAPAR">    -1</i>
   <i name="LAMBDA">      1.00000000</i>
  </separator>
  <separator name="External order field" >
   <i name="OFIELD_KAPPA">      0.00000000</i>
   <v name="OFIELD_K">      0.00000000      0.00000000      0.00000000</v>
   <i name="OFIELD_Q6_NEAR">      0.00000000</i>
   <i name="OFIELD_Q6_FAR">      0.00000000</i>
   <i name="OFIELD_A">      0.00000000</i>
  </separator>
 </parameters>
 <atominfo>
  <atoms>       4 </atoms>
  <types>       2 </types>
  <array name="atoms" >
   <dimension dim="1">ion</dimension>
   <field type="string">element</field>
   <field type="int">atomtype</field>
   <set>
    <rc><c>B </c><c>   1</c></rc>
    <rc><c>N </c><c>   2</c></rc>
    <rc><c>N </c><c>   2</c></rc>
    <rc><c>N </c><c>   2</c></rc>
   </set>
  </array>
  <array name="atomtypes" >
   <dimension dim="1">type</dimension>
   <field type="int">atomspertype</field>
   <field type="string">element</field>
   <field>mass</field>
   <field>valence</field>
   <field type="string">pseudopotential</field>
   <set>
    <rc><c>   1</c><c>B </c><c>     10.81100000</c><c>      3.00000000</c><c> PAW_PBE B 06Sep2000                    </c></rc>
    <rc><c>   3</c><c>N </c><c>     14.00100000</c><c>      5.00000000</c><c> PAW_PBE N 08Apr2002                    </c></rc>
   </set>
  </array>
 </atominfo>
 <structure name="initialpos" >
  <crystal>
   <varray name="basis" >
    <v>       4.07431797       0.00000000       0.00000000 </v>
    <v>      -2.03715885       3.52846294       0.00000000 </v>
    <v>       0.00000042       0.00000073       5.56480144 </v>
   </varray>
   <i name="volume">     80.00003062 </i>
   <varray name="rec_basis" >
    <v>       0.24543985       0.14170475      -0.00000004 </v>
    <v>       0.00000000       0.28340952      -0.00000004 </v>
    <v>       0.00000000       0.00000000       0.17970093 </v>
   </varray>
  </crystal>
  <varray name="positions" >
   <v>       0.00000000       0.00000000       0.00000000 </v>
   <v>       0.49056859       0.00000000       0.00000000 </v>
   <v>       0.00000000       0.49056859       0.00000000 </v>
   <v>       0.50943141       0.50943141       0.00000000 </v>
  </varray>
 </structure>
 <calculation>
  <scstep>
   <time name="dav">    0.10    0.10</time>
   <time name="total">    0.13    0.16</time>
   <energy>
    <i name="alphaZ">     19.44227091 </i>
    <i name="ewald">   -275.50989781 </i>
    <i name="hartreedc">   -527.04374723 </i>
    <i name="XCdc">     64.50801448 </i>
    <i name="pawpsdc">    349.41088290 </i>
    <i name="pawaedc">   -354.25556748 </i>
    <i name="eentropy">     -0.00500660 </i>
    <i name="bandstr">    -62.37703633 </i>
    <i name="atom">    864.79522456 </i>
    <i name="e_fr_energy">     78.96513741 </i>
    <i name="e_wo_entrp">     78.97014401 </i>
    <i name="e_0_energy">     78.96764071 </i>
   </energy>
  </scstep>
  <scstep>
   <time name="dav">    0.17    0.17</time>
   <time name="total">    0.17    0.17</time>
   <energy>
    <i name="e_fr_energy">    -16.55359101 </i>
    <i name="e_wo_entrp">    -16.54938557 </i>
    <i name="e_0_energy">    -16.55148829 </i>
   </energy>
  </scstep>
  <scstep>
   <time name="dav">    0.09    0.09</time>
   <time name="total">    0.09    0.09</time>
   <energy>
    <i name="e_fr_energy">    -18.55313758 </i>
    <i name="e_wo_entrp">    -18.54831685 </i>
    <i name="e_0_energy">    -18.55072721 </i>
   </energy>
  </scstep>
  <scstep>
   <time name="dav">    0.15    0.16</time>
   <time name="total">    0.15    0.16</time>
   <energy>
    <i name="e_fr_energy">    -18.57250251 </i>
    <i name="e_wo_entrp">    -18.56766491 </i>
    <i name="e_0_energy">    -18.57008371 </i>
   </energy>
  </scstep>
  <scstep>
   <time name="dav">    0.10    0.10</time>
   <time name="total">    0.12    0.12</time>
   <energy>
    <i name="e_fr_energy">    -18.57251208 </i>
    <i name="e_wo_entrp">    -18.56767449 </i>
    <i name="e_0_energy">    -18.57009328 </i>
   </energy>
  </scstep>
  <scstep>
   <time name="dav">    0.10    0.10</time>
   <time name="total">    0.14    0.14</time>
   <energy>
    <i name="e_fr_energy">    -17.98735104 </i>
    <i name="e_wo_entrp">    -17.97432749 </i>
    <i name="e_0_energy">    -17.98083927 </i>
   </energy>
  </scstep>
  <scstep>
   <time name="dav">    0.11    0.11</time>
   <time name="total">    0.16    0.16</time>
   <energy>
    <i name="e_fr_energy">    -17.95930088 </i>
    <i name="e_wo_entrp">    -17.95293602 </i>
    <i name="e_0_energy">    -17.95611845 </i>
   </energy>
  </scstep>
  <scstep>
   <time name="dav">    0.09    0.10</time>
   <time name="total">    0.13    0.14</time>
   <energy>
    <i name="e_fr_energy">    -17.88051609 </i>
    <i name="e_wo_entrp">    -17.87234913 </i>
    <i name="e_0_energy">    -17.87643261 </i>
   </energy>
  </scstep>
  <scstep>
   <time name="dav">    0.12    0.13</time>
   <time name="total">    0.17    0.17</time>
   <energy>
    <i name="e_fr_energy">    -17.87882808 </i>
    <i name="e_wo_entrp">    -17.86435116 </i>
    <i name="e_0_energy">    -17.87158962 </i>
   </energy>
  </scstep>
  <scstep>
   <time name="dav">    0.10    0.10</time>
   <time name="total">    0.14    0.14</time>
   <energy>
    <i name="e_fr_energy">    -17.87866577 </i>
    <i name="e_wo_entrp">    -17.86806165 </i>
    <i name="e_0_energy">    -17.87336371 </i>
   </energy>
  </scstep>
  <scstep>
   <time name="dav">    0.10    0.10</time>
   <time name="total">    0.15    0.15</time>
   <energy>
    <i name="e_fr_energy">    -17.87845677 </i>
    <i name="e_wo_entrp">    -17.86670633 </i>
    <i name="e_0_energy">    -17.87258155 </i>
   </energy>
  </scstep>
  <scstep>
   <time name="dav">    0.09    0.09</time>
   <time name="total">    0.13    0.13</time>
   <energy>
    <i name="e_fr_energy">    -17.87844499 </i>
    <i name="e_wo_entrp">    -17.86629676 </i>
    <i name="e_0_energy">    -17.87237087 </i>
   </energy>
  </scstep>
  <scstep>
   <time name="dav">    0.09    0.09</time>
   <time name="total">    0.11    0.12</time>
   <energy>
    <i name="alphaZ">     19.44227091 </i>
    <i name="ewald">   -275.50989781 </i>
    <i name="hartreedc">   -535.21191543 </i>
    <i name="XCdc">     64.82242130 </i>
    <i name="pawpsdc">    374.19339899 </i>
    <i name="pawaedc">   -378.80938586 </i>
    <i name="eentropy">     -0.01197856 </i>
    <i name="bandstr">   -151.58857555 </i>
    <i name="atom">    864.79522456 </i>
    <i name="e_fr_energy">    -17.87843745 </i>
    <i name="e_wo_entrp">    -17.86645889 </i>
    <i name="e_0_energy">    -17.87244817 </i>
   </energy>
  </scstep>
  <structure>
   <crystal>
    <varray name="basis" >
     <v>       4.07431797       0.00000000       0.00000000 </v>
     <v>      -2.03715885       3.52846294       0.00000000 </v>
     <v>       0.00000042       0.00000073       5.56480144 </v>
    </varray>
    <i name="volume">     80.00003062 </i>
    <varray name="rec_basis" >
     <v>       0.24543985       0.14170475      -0.00000004 </v>
     <v>       0.00000000       0.28340952      -0.00000004 </v>
     <v>       0.00000000       0.00000000       0.17970093 </v>
    </varray>
   </crystal>
   <varray name="positions" >
    <v>       0.00000000       0.00000000       0.00000000 </v>
    <v>       0.49056859       0.00000000       0.00000000 </v>
    <v>       0.00000000       0.49056859       0.00000000 </v>
    <v>       0.50943141       0.50943141       0.00000000 </v>
   </varray>
  </structure>
  <varray name="forces" >
   <v>      -0.00000000       0.00000000      -0.00000000 </v>
   <v>      -1.18524424      -0.00000000       0.00000000 </v>
   <v>       0.59262208      -1.02645164      -0.00000000 </v>
   <v>       0.59262216       1.02645164      -0.00000000 </v>
  </varray>
  <varray name="stress" >
   <v>    -221.92102460      -0.00000849      -0.00000016 </v>
   <v>      -0.00000849    -221.92103440      -0.00000027 </v>
   <v>      -0.00000016      -0.00000027      -2.10226204 </v>
  </varray>
  <energy>
   <i name="e_fr_energy">    131.91777261 </i>
   <i name="e_wo_entrp">    131.92376188 </i>
   <i name="e_0_energy">     -0.01197856 </i>
  </energy>
  <time name="totalsc">    2.06    2.15</time>
 </calculation>
 <calculation>
  <scstep>
   <time name="dav">    0.12    0.12</time>
   <time name="total">    0.17    0.18</time>
   <energy>
    <i name="alphaZ">     81.32419739 </i>
    <i name="ewald">   -383.39103500 </i>
    <i name="hartreedc">   -903.44338786 </i>
    <i name="XCdc">    102.02155483 </i>
    <i name="pawpsdc">    374.20521056 </i>
    <i name="pawaedc">   -378.82118038 </i>
    <i name="eentropy">     -0.00271021 </i>
    <i name="bandstr">    142.10353786 </i>
    <i name="atom">    864.79522456 </i>
    <i name="e_fr_energy">   -101.20858825 </i>
    <i name="e_wo_entrp">   -101.20587804 </i>
    <i name="e_0_energy">   -101.20723314 </i>
   </energy>
  </scstep>
  <scstep>
   <time name="dav">    0.12    0.14</time>
   <time name="total">    0.17    0.19</time>
   <energy>
    <i name="e_fr_energy">      7.57618609 </i>
    <i name="e_wo_entrp">      7.57971228 </i>
    <i name="e_0_energy">      7.57794919 </i>
   </energy>
  </scstep>
  <scstep>
   <time name="dav">    0.13    0.14</time>
   <time name="total">    0.18    0.18</time>
   <energy>
    <i name="e_fr_energy">     17.27578412 </i>
    <i name="e_wo_entrp">     17.28140167 </i>
    <i name="e_0_energy">     17.27859289 </i>
   </energy>
  </scstep>
  <scstep>
   <time name="dav">    0.12    0.13</time>
   <time name="total">    0.17    0.17</time>
   <energy>
    <i name="e_fr_energy">     18.70964857 </i>
    <i name="e_wo_entrp">     18.71526612 </i>
    <i name="e_0_energy">     18.71245735 </i>
   </energy>
  </scstep>
  <scstep>
   <time name="dav">    0.12    0.13</time>
   <time name="total">    0.17    0.18</time>
   <energy>
    <i name="e_fr_energy">     18.74564526 </i>
    <i name="e_wo_entrp">     18.75126281 </i>
    <i name="e_0_energy">     18.74845403 </i>
   </energy>
  </scstep>
  <scstep>
   <time name="dav">    0.11    0.11</time>
   <time name="total">    0.16    0.16</time>
   <energy>
    <i name="e_fr_energy">     18.74826547 </i>
    <i name="e_wo_entrp">     18.75388302 </i>
    <i name="e_0_energy">     18.75107424 </i>
   </energy>
  </scstep>
  <scstep>
   <time name="dav">    0.14    0.14</time>
   <time name="total">    0.19    0.19</time>
   <energy>
    <i name="e_fr_energy">     18.74844345 </i>
    <i name="e_wo_entrp">     18.75406100 </i>
    <i name="e_0_energy">     18.75125223 </i>
   </energy>
  </scstep>
  <scstep>
   <time name="dav">    0.11    0.11</time>
   <time name="total">    0.14    0.14</time>
   <energy>
    <i name="alphaZ">     81.32419739 </i>
    <i name="ewald">   -383.39103500 </i>
    <i name="hartreedc">   -541.03682114 </i>
    <i name="XCdc">     83.78112822 </i>
    <i name="pawpsdc">    854.70574795 </i>
    <i name="pawaedc">   -862.03120361 </i>
    <i name="eentropy">     -0.00561755 </i>
    <i name="bandstr">    -79.39318081 </i>
    <i name="atom">    864.79522456 </i>
    <i name="e_fr_energy">     18.74844002 </i>
    <i name="e_wo_entrp">     18.75405757 </i>
    <i name="e_0_energy">     18.75124879 </i>
   </energy>
  </scstep>
  <structure>
   <crystal>
    <varray name="basis" >
     <v>       2.49324986      -0.00000000      -0.00000000 </v>
     <v>      -1.24662485       2.15921777      -0.00000000 </v>
     <v>       0.00000026       0.00000045       3.55267197 </v>
    </varray>
    <i name="volume">     19.12570081 </i>
    <varray name="rec_basis" >
     <v>       0.40108295       0.23156533      -0.00000006 </v>
     <v>       0.00000000       0.46313068      -0.00000006 </v>
     <v>       0.00000000       0.00000000       0.28147828 </v>
    </varray>
   </crystal>
   <varray name="positions" >
    <v>      -0.00000000       0.00000000      -0.00000000 </v>
    <v>       0.48776177      -0.00000000       0.00000000 </v>
    <v>      -0.00000000       0.48776177      -0.00000000 </v>
    <v>       0.51223823       0.51223823      -0.00000000 </v>
   </varray>
  </structure>
  <varray name="forces" >
   <v>      -0.00000000       0.00000000      -0.00000000 </v>
   <v>       1.56498501      -0.00000000      -0.00000000 </v>
   <v>      -0.78249245       1.35531680      -0.00000000 </v>
   <v>      -0.78249255      -1.35531680       0.00000000 </v>
  </varray>
  <varray name="stress" >
   <v>   10587.96405490       0.00036957       0.00001260 </v>
   <v>       0.00036957   10587.96448164       0.00002182 </v>
   <v>       0.00001260       0.00002182     178.72124576 </v>
  </varray>
  <energy>
   <i name="e_fr_energy">     54.56039501 </i>
   <i name="e_wo_entrp">     54.56320379 </i>
   <i name="e_0_energy">     -0.00561755 </i>
  </energy>
  <time name="totalsc">    1.65    1.74</time>
 </calculation>
 <calculation>
  <scstep>
   <time name="dav">    0.10    0.10</time>
   <time name="total">    0.14    0.16</time>
   <energy>
    <i name="alphaZ">     59.28951081 </i>
    <i name="ewald">   -359.73744566 </i>
    <i name="hartreedc">   -480.27708750 </i>
    <i name="XCdc">     75.75526473 </i>
    <i name="pawpsdc">    854.75101431 </i>
    <i name="pawaedc">   -862.07604474 </i>
    <i name="eentropy">     -0.00000000 </i>
    <i name="bandstr">   -159.38919665 </i>
    <i name="atom">    864.79522456 </i>
    <i name="e_fr_energy">     -6.88876015 </i>
    <i name="e_wo_entrp">     -6.88876015 </i>
    <i name="e_0_energy">     -6.88876015 </i>
   </energy>
  </scstep>
  <scstep>
   <time name="dav">    0.11    0.11</time>
   <time name="total">    0.16    0.16</time>
   <energy>
    <i name="e_fr_energy">     -2.22181644 </i>
    <i name="e_wo_entrp">     -2.21276262 </i>
    <i name="e_0_energy">     -2.21728953 </i>
   </energy>
  </scstep>
  <scstep>
   <time name="dav">    0.12    0.12</time>
   <time name="total">    0.17    0.17</time>
   <energy>
    <i name="e_fr_energy">     -1.89387747 </i>
    <i name="e_wo_entrp">     -1.88556365 </i>
    <i name="e_0_energy">     -1.88972056 </i>
   </energy>
  </scstep>
  <scstep>
   <time name="dav">    0.13    0.13</time>
   <time name="total">    0.18    0.18</time>
   <energy>
    <i name="e_fr_energy">     -1.85104121 </i>
    <i name="e_wo_entrp">     -1.84313157 </i>
    <i name="e_0_energy">     -1.84708639 </i>
   </energy>
  </scstep>
  <scstep>
   <time name="dav">    0.11    0.11</time>
   <time name="total">    0.15    0.16</time>
   <energy>
    <i name="e_fr_energy">     -1.85080563 </i>
    <i name="e_wo_entrp">     -1.84283024 </i>
    <i name="e_0_energy">     -1.84681794 </i>
   </energy>
  </scstep>
  <scstep>
   <time name="dav">    0.13    0.14</time>
   <time name="total">    0.18    0.18</time>
   <energy>
    <i name="e_fr_energy">     -1.85094900 </i>
    <i name="e_wo_entrp">     -1.84297232 </i>
    <i name="e_0_energy">     -1.84696066 </i>
   </energy>
  </scstep>
  <scstep>
   <time name="dav">    0.14    0.14</time>
   <time name="total">    0.19    0.19</time>
   <energy>
    <i name="e_fr_energy">     -1.85093556 </i>
    <i name="e_wo_entrp">     -1.84297076 </i>
    <i name="e_0_energy">     -1.84695316 </i>
   </energy>
  </scstep>
  <scstep>
   <time name="dav">    0.10    0.10</time>
   <time name="total">    0.13    0.13</time>
   <energy>
    <i name="alphaZ">     59.28951081 </i>
    <i name="ewald">   -359.73744566 </i>
    <i name="hartreedc">   -544.48546716 </i>
    <i name="XCdc">     78.41081084 </i>
    <i name="pawpsdc">    636.79741649 </i>
    <i name="pawaedc">   -643.19514039 </i>
    <i name="eentropy">     -0.00796713 </i>
    <i name="bandstr">    -93.71787814 </i>
    <i name="atom">    864.79522456 </i>
    <i name="e_fr_energy">     -1.85093578 </i>
    <i name="e_wo_entrp">     -1.84296865 </i>
    <i name="e_0_energy">     -1.84695222 </i>
   </energy>
  </scstep>
  <structure>
   <crystal>
    <varray name="basis" >
     <v>       2.78048246      -0.00000000      -0.00000000 </v>
     <v>      -1.39024114       2.40796850      -0.00000000 </v>
     <v>       0.00000029       0.00000050       3.91821547 </v>
    </varray>
    <i name="volume">     26.23368361 </i>
    <varray name="rec_basis" >
     <v>       0.35964981       0.20764390      -0.00000005 </v>
     <v>       0.00000000       0.41528783      -0.00000005 </v>
     <v>       0.00000000       0.00000000       0.25521823 </v>
    </varray>
   </crystal>
   <varray name="positions" >
    <v>      -0.00000000       0.00000000      -0.00000000 </v>
    <v>       0.48859504       0.00000000       0.00000000 </v>
    <v>       0.00000000       0.48859504       0.00000000 </v>
    <v>       0.51140496       0.51140496      -0.00000000 </v>
   </varray>
  </structure>
  <varray name="forces" >
   <v>      -0.00000000       0.00000000       0.00000000 </v>
   <v>      -0.11591153       0.00000000       0.00000000 </v>
   <v>       0.05795576      -0.10038233       0.00000000 </v>
   <v>       0.05795577       0.10038233      -0.00000000 </v>
  </varray>
  <varray name="stress" >
   <v>    4167.27638504       0.00014917       0.00000017 </v>
   <v>       0.00014917    4167.27655729       0.00000030 </v>
   <v>       0.00000017       0.00000030       3.69614254 </v>
  </varray>
  <energy>
   <i name="e_fr_energy">     47.27037518 </i>
   <i name="e_wo_entrp">     47.27435874 </i>
   <i name="e_0_energy">     -0.00796713 </i>
  </energy>
  <time name="totalsc">    1.58    1.67</time>
 </calculation>
 <calculation>
  <scstep>
   <time name="dav">    0.12    0.13</time>
   <time name="total">    0.17    0.18</time>
   <energy>
    <i name="alphaZ">     60.14462589 </i>
    <i name="ewald">   -360.82825879 </i>
    <i name="hartreedc">   -547.41506365 </i>
    <i name="XCdc">     78.76911838 </i>
    <i name="pawpsdc">    636.86020518 </i>
    <i name="pawaedc">   -643.25792129 </i>
    <i name="eentropy">     -0.01156612 </i>
    <i name="bandstr">    -90.24281086 </i>
    <i name="atom">    864.79522456 </i>
    <i name="e_fr_energy">     -1.18644670 </i>
    <i name="e_wo_entrp">     -1.17488058 </i>
    <i name="e_0_energy">     -1.18066364 </i>
   </energy>
  </scstep>
  <scstep>
   <time name="dav">    0.11    0.12</time>
   <time name="total">    0.16    0.16</time>
   <energy>
    <i name="e_fr_energy">     -1.18137905 </i>
    <i name="e_wo_entrp">     -1.17336824 </i>
    <i name="e_0_energy">     -1.17737365 </i>
   </energy>
  </scstep>
  <scstep>
   <time name="dav">    0.13    0.13</time>
   <time name="total">    0.17    0.18</time>
   <energy>
    <i name="e_fr_energy">     -1.17023890 </i>
    <i name="e_wo_entrp">     -1.16236577 </i>
    <i name="e_0_energy">     -1.16630233 </i>
   </energy>
  </scstep>
  <scstep>
   <time name="dav">    0.12    0.12</time>
   <time name="total">    0.17    0.17</time>
   <energy>
    <i name="e_fr_energy">     -1.16713378 </i>
    <i name="e_wo_entrp">     -1.15933999 </i>
    <i name="e_0_energy">     -1.16323689 </i>
   </energy>
  </scstep>
  <scstep>
   <time name="dav">    0.12    0.12</time>
   <time name="total">    0.17    0.17</time>
   <energy>
    <i name="e_fr_energy">     -1.16609435 </i>
    <i name="e_wo_entrp">     -1.15777604 </i>
    <i name="e_0_energy">     -1.16193519 </i>
   </energy>
  </scstep>
  <scstep>
   <time name="dav">    0.12    0.12</time>
   <time name="total">    0.17    0.17</time>
   <energy>
    <i name="e_fr_energy">     -1.16598661 </i>
    <i name="e_wo_entrp">     -1.15809617 </i>
    <i name="e_0_energy">     -1.16204139 </i>
   </energy>
  </scstep>
  <scstep>
   <time name="dav">    0.12    0.12</time>
   <time name="total">    0.15    0.15</time>
   <energy>
    <i name="alphaZ">     60.14462589 </i>
    <i name="ewald">   -360.82825879 </i>
    <i name="hartreedc">   -544.78275107 </i>
    <i name="XCdc">     78.65093409 </i>
    <i name="pawpsdc">    644.65015027 </i>
    <i name="pawaedc">   -651.08178897 </i>
    <i name="eentropy">     -0.00789497 </i>
    <i name="bandstr">    -92.70622848 </i>
    <i name="atom">    864.79522456 </i>
    <i name="e_fr_energy">     -1.16598748 </i>
    <i name="e_wo_entrp">     -1.15809251 </i>
    <i name="e_0_energy">     -1.16203999 </i>
   </energy>
  </scstep>
  <structure>
   <crystal>
    <varray name="basis" >
     <v>       2.76680036      -0.00000000      -0.00000000 </v>
     <v>      -1.38340009       2.39611945      -0.00000000 </v>
     <v>       0.00000029       0.00000049       3.90080309 </v>
    </varray>
    <i name="volume">     25.86070235 </i>
    <varray name="rec_basis" >
     <v>       0.36142832       0.20867072      -0.00000005 </v>
     <v>       0.00000000       0.41734146      -0.00000005 </v>
     <v>       0.00000000       0.00000000       0.25635747 </v>
    </varray>
   </crystal>
   <varray name="positions" >
    <v>      -0.00000000       0.00000000      -0.00000000 </v>
    <v>       0.48855945       0.00000000       0.00000000 </v>
    <v>       0.00000000       0.48855945       0.00000000 </v>
    <v>       0.51144055       0.51144055      -0.00000000 </v>
   </varray>
  </structure>
  <varray name="forces" >
   <v>       0.00000000      -0.00000000      -0.00000000 </v>
   <v>      -0.04779016       0.00000000       0.00000000 </v>
   <v>       0.02389508      -0.04138749       0.00000000 </v>
   <v>       0.02389508       0.04138749      -0.00000000 </v>
  </varray>
  <varray name="stress" >
   <v>    4371.24313303       0.00015630       0.00000076 </v>
   <v>       0.00015630    4371.24331351       0.00000132 </v>
   <v>       0.00000076       0.00000132      11.78769223 </v>
  </varray>
  <energy>
   <i name="e_fr_energy">     47.25693400 </i>
   <i name="e_wo_entrp">     47.26088149 </i>
   <i name="e_0_energy">     -0.00789497 </i>
  </energy>
  <time name="totalsc">    1.44    1.57</time>
 </calculation>
 <calculation>
  <scstep>
   <time name="dav">    0.09    0.09</time>
   <time name="total">    0.13    0.16</time>
   <energy>
    <i name="alphaZ">     64.28791608 </i>
    <i name="ewald">   -566.68793169 </i>
    <i name="hartreedc">   -452.21992820 </i>
    <i name="XCdc">     80.20573547 </i>
    <i name="pawpsdc">    644.68704759 </i>
    <i name="pawaedc">   -651.11873021 </i>
    <i name="eentropy">     -0.00566577 </i>
    <i name="bandstr">      3.10539248 </i>
    <i name="atom">    864.79522456 </i>
    <i name="e_fr_energy">    -12.95093969 </i>
    <i name="e_wo_entrp">    -12.94527393 </i>
    <i name="e_0_energy">    -12.94810681 </i>
   </energy>
  </scstep>
  <scstep>
   <time name="dav">    0.12    0.12</time>
   <time name="total">    0.16    0.17</time>
   <energy>
    <i name="e_fr_energy">     -6.17559592 </i>
    <i name="e_wo_entrp">     -6.17035945 </i>
    <i name="e_0_energy">     -6.17297768 </i>
   </energy>
  </scstep>
  <scstep>
   <time name="dav">    0.11    0.11</time>
   <time name="total">    0.15    0.16</time>
   <energy>
    <i name="e_fr_energy">     -5.57302901 </i>
    <i name="e_wo_entrp">     -5.56692769 </i>
    <i name="e_0_energy">     -5.56997835 </i>
   </energy>
  </scstep>
  <scstep>
   <time name="dav">    0.12    0.13</time>
   <time name="total">    0.16    0.17</time>
   <energy>
    <i name="e_fr_energy">     -5.50779755 </i>
    <i name="e_wo_entrp">     -5.50104028 </i>
    <i name="e_0_energy">     -5.50441891 </i>
   </energy>
  </scstep>
  <scstep>
   <time name="dav">    0.10    0.11</time>
   <time name="total">    0.15    0.15</time>
   <energy>
    <i name="e_fr_energy">     -5.50632385 </i>
    <i name="e_wo_entrp">     -5.49966805 </i>
    <i name="e_0_energy">     -5.50299595 </i>
   </energy>
  </scstep>
  <scstep>
   <time name="dav">    0.13    0.13</time>
   <time name="total">    0.19    0.19</time>
   <energy>
    <i name="e_fr_energy">     -5.50647340 </i>
    <i name="e_wo_entrp">     -5.49979517 </i>
    <i name="e_0_energy">     -5.50313429 </i>
   </energy>
  </scstep>
  <scstep>
   <time name="dav">    0.10    0.10</time>
   <time name="total">    0.15    0.15</time>
   <energy>
    <i name="e_fr_energy">     -5.50651276 </i>
    <i name="e_wo_entrp">     -5.49983888 </i>
    <i name="e_0_energy">     -5.50317582 </i>
   </energy>
  </scstep>
  <scstep>
   <time name="dav">    0.08    0.08</time>
   <time name="total">    0.10    0.11</time>
   <energy>
    <i name="alphaZ">     64.28791608 </i>
    <i name="ewald">   -566.68793169 </i>
    <i name="hartreedc">   -376.28080467 </i>
    <i name="XCdc">     77.12569397 </i>
    <i name="pawpsdc">    593.52824062 </i>
    <i name="pawaedc">   -599.68950234 </i>
    <i name="eentropy">     -0.00667350 </i>
    <i name="bandstr">    -62.57867580 </i>
    <i name="atom">    864.79522456 </i>
    <i name="e_fr_energy">     -5.50651278 </i>
    <i name="e_wo_entrp">     -5.49983928 </i>
    <i name="e_0_energy">     -5.50317603 </i>
   </energy>
  </scstep>
  <structure>
   <crystal>
    <varray name="basis" >
     <v>       2.86477629       0.00000001       0.00000000 </v>
     <v>      -1.43238804       2.48096911       0.00000000 </v>
     <v>       0.00000030       0.00000051       3.40404838 </v>
    </varray>
    <i name="volume">     24.19400663 </i>
    <varray name="rec_basis" >
     <v>       0.34906739       0.20153413      -0.00000006 </v>
     <v>      -0.00000000       0.40306830      -0.00000006 </v>
     <v>      -0.00000000      -0.00000000       0.29376786 </v>
    </varray>
   </crystal>
   <varray name="positions" >
    <v>      -0.00000000      -0.00000000      -0.00000000 </v>
    <v>       0.48822676       0.00000000       0.00000000 </v>
    <v>       0.00000000       0.48822676       0.00000000 </v>
    <v>       0.51177324       0.51177324      -0.00000000 </v>
   </varray>
  </structure>
  <varray name="forces" >
   <v>       0.00000000      -0.00000000      -0.00000000 </v>
   <v>      -1.08412904      -0.00000000      -0.00000000 </v>
   <v>       0.54206448      -0.93888331      -0.00000000 </v>
   <v>       0.54206456       0.93888332       0.00000000 </v>
  </varray>
  <varray name="stress" >
   <v>    3738.88662233       0.00017581       0.00000277 </v>
   <v>       0.00017581    3738.88682534       0.00000479 </v>
   <v>       0.00000277       0.00000479      31.57770267 </v>
  </varray>
  <energy>
   <i name="e_fr_energy">     39.79560112 </i>
   <i name="e_wo_entrp">     39.79893787 </i>
   <i name="e_0_energy">     -0.00667350 </i>
  </energy>
  <time name="totalsc">    1.49    1.58</time>
 </calculation>
 <calculation>
  <scstep>
   <time name="dav">    0.10    0.10</time>
   <time name="total">    0.15    0.17</time>
   <energy>
    <i name="alphaZ">     94.05797694 </i>
    <i name="ewald">  -1032.00427218 </i>
    <i name="hartreedc">   -206.29434004 </i>
    <i name="XCdc">     86.35108552 </i>
    <i name="pawpsdc">    593.48573408 </i>
    <i name="pawaedc">   -599.64633271 </i>
    <i name="eentropy">     -0.00268580 </i>
    <i name="bandstr">    154.17699896 </i>
    <i name="atom">    864.79522456 </i>
    <i name="e_fr_energy">    -45.08061068 </i>
    <i name="e_wo_entrp">    -45.07792488 </i>
    <i name="e_0_energy">    -45.07926778 </i>
   </energy>
  </scstep>
  <scstep>
   <time name="dav">    0.14    0.15</time>
   <time name="total">    0.19    0.20</time>
   <energy>
    <i name="e_fr_energy">    -22.52319247 </i>
    <i name="e_wo_entrp">    -22.52158556 </i>
    <i name="e_0_energy">    -22.52238902 </i>
   </energy>
  </scstep>
  <scstep>
   <time name="dav">    0.12    0.12</time>
   <time name="total">    0.17    0.17</time>
   <energy>
    <i name="e_fr_energy">    -12.10769949 </i>
    <i name="e_wo_entrp">    -12.10038098 </i>
    <i name="e_0_energy">    -12.10404023 </i>
   </energy>
  </scstep>
  <scstep>
   <time name="dav">    0.13    0.14</time>
   <time name="total">    0.18    0.18</time>
   <energy>
    <i name="e_fr_energy">    -12.16477055 </i>
    <i name="e_wo_entrp">    -12.16155675 </i>
    <i name="e_0_energy">    -12.16316365 </i>
   </energy>
  </scstep>
  <scstep>
   <time name="dav">    0.12    0.12</time>
   <time name="total">    0.17    0.17</time>
   <energy>
    <i name="e_fr_energy">    -11.85256231 </i>
    <i name="e_wo_entrp">    -11.84934851 </i>
    <i name="e_0_energy">    -11.85095541 </i>
   </energy>
  </scstep>
  <scstep>
   <time name="dav">    0.11    0.12</time>
   <time name="total">    0.16    0.17</time>
   <energy>
    <i name="e_fr_energy">    -11.82817585 </i>
    <i name="e_wo_entrp">    -11.82496204 </i>
    <i name="e_0_energy">    -11.82656895 </i>
   </energy>
  </scstep>
  <scstep>
   <time name="dav">    0.09    0.10</time>
   <time name="total">    0.14    0.14</time>
   <energy>
    <i name="e_fr_energy">    -11.82801265 </i>
    <i name="e_wo_entrp">    -11.82479885 </i>
    <i name="e_0_energy">    -11.82640575 </i>
   </energy>
  </scstep>
  <scstep>
   <time name="dav">    0.13    0.14</time>
   <time name="total">    0.18    0.19</time>
   <energy>
    <i name="e_fr_energy">    -11.82794273 </i>
    <i name="e_wo_entrp">    -11.82472892 </i>
    <i name="e_0_energy">    -11.82633582 </i>
   </energy>
  </scstep>
  <scstep>
   <time name="dav">    0.12    0.12</time>
   <time name="total">    0.15    0.15</time>
   <energy>
    <i name="alphaZ">     94.05797694 </i>
    <i name="ewald">  -1032.00427218 </i>
    <i name="hartreedc">    -76.13966179 </i>
    <i name="XCdc">     75.64945346 </i>
    <i name="pawpsdc">    508.99429992 </i>
    <i name="pawaedc">   -514.41842065 </i>
    <i name="eentropy">     -0.00321381 </i>
    <i name="bandstr">     67.24067285 </i>
    <i name="atom">    864.79522456 </i>
    <i name="e_fr_energy">    -11.82794069 </i>
    <i name="e_wo_entrp">    -11.82472688 </i>
    <i name="e_0_energy">    -11.82633379 </i>
   </energy>
  </scstep>
  <structure>
   <crystal>
    <varray name="basis" >
     <v>       3.15870410       0.00000006       0.00000000 </v>
     <v>      -1.57935189       2.73551808       0.00000000 </v>
     <v>       0.00000033       0.00000056       1.91378423 </v>
    </varray>
    <i name="volume">     16.53642061 </i>
    <varray name="rec_basis" >
     <v>       0.31658552       0.18278071      -0.00000011 </v>
     <v>      -0.00000001       0.36556146      -0.00000011 </v>
     <v>      -0.00000000      -0.00000000       0.52252495 </v>
    </varray>
   </crystal>
   <varray name="positions" >
    <v>      -0.00000000      -0.00000000      -0.00000000 </v>
    <v>       0.48726284       0.00000000       0.00000000 </v>
    <v>       0.00000000       0.48726284       0.00000000 </v>
    <v>       0.51273716       0.51273716      -0.00000000 </v>
   </varray>
  </structure>
  <varray name="forces" >
   <v>       0.00000000       0.00000000       0.00000000 </v>
   <v>      -2.01369049      -0.00000004      -0.00000000 </v>
   <v>       1.00684515      -1.74390718      -0.00000000 </v>
   <v>       1.00684535       1.74390722       0.00000000 </v>
  </varray>
  <varray name="stress" >
   <v>    4044.68702687       0.00030993       0.00010669 </v>
   <v>       0.00030993    4044.68738474       0.00018479 </v>
   <v>       0.00010669       0.00018479     624.16224633 </v>
  </varray>
  <energy>
   <i name="e_fr_energy">     19.13571164 </i>
   <i name="e_wo_entrp">     19.13731854 </i>
   <i name="e_0_energy">     -0.00321381 </i>
  </energy>
