<?xml version="1.0" encoding="ISO-8859-1"?>
<modeling>
 <generator>
  <i name="program" type="string">vasp </i>
  <i name="version" type="string">5.4.4.18Apr17-6-g9f103f2a35  </i>
  <i name="subversion" type="string">(build Nov 14 2022 07:55:26) complex            parallel </i>
  <i name="platform" type="string">LinuxIFC </i>
  <i name="date" type="string">2023 04 13 </i>
  <i name="time" type="string">17:02:21 </i>
 </generator>
 <incar>
  <i type="string" name="SYSTEM"> local optimisation</i>
  <i type="string" name="PREC">accurate</i>
  <i type="int" name="IBRION">     2</i>
  <i name="EDIFF">      0.00001000</i>
  <i type="int" name="NSW">   200</i>
  <i type="int" name="ISIF">     3</i>
  <i name="SYMPREC">      0.00010000</i>
  <i name="ENCUT">    600.00000000</i>
  <i name="POTIM">      0.10000000</i>
  <i type="int" name="ISMEAR">     0</i>
  <i name="SIGMA">      0.05000000</i>
  <i name="KSPACING">      0.50000000</i>
  <i name="PSTRESS">   3000.00000000</i>
  <i type="logical" name="LWAVE"> F  </i>
  <i type="logical" name="LCHARG"> F  </i>
  <v type="int" name="KPOINT_BSE">    -1     0     0     0</v>
 </incar>
 <structure name="primitive_cell" >
  <crystal>
   <varray name="basis" >
    <v>       4.30887006       0.00000000       0.00000000 </v>
    <v>       0.00000033       4.30887006       0.00000000 </v>
    <v>       0.00000033       0.00000033       4.30887006 </v>
   </varray>
   <i name="volume">     80.00003774 </i>
   <varray name="rec_basis" >
    <v>       0.23207941      -0.00000002      -0.00000002 </v>
    <v>       0.00000000       0.23207941      -0.00000002 </v>
    <v>       0.00000000       0.00000000       0.23207941 </v>
   </varray>
  </crystal>
  <varray name="positions" >
   <v>      -0.50000000       0.00000000       0.00000000 </v>
   <v>       0.00000000       0.00000000       0.00000000 </v>
   <v>       0.00000000       0.00000000      -0.50000000 </v>
   <v>       0.00000000      -0.50000000       0.00000000 </v>
  </varray>
 </structure>
 <varray name="primitive_index" >
  <v type="int" >        1 </v>
  <v type="int" >        4 </v>
  <v type="int" >        3 </v>
  <v type="int" >        2 </v>
 </varray>
 <kpoints>
  <generation param="Gamma">
   <v type="int" name="divisions">       3        3        3 </v>
   <v name="usershift">      0.00000000       0.00000000       0.00000000 </v>
   <v name="genvec1">      0.33333333       0.00000000       0.00000000 </v>
   <v name="genvec2">      0.00000000       0.33333333      -0.00000000 </v>
   <v name="genvec3">      0.00000000       0.00000000       0.33333333 </v>
   <v name="shift">      0.00000000       0.00000000       0.00000000 </v>
  </generation>
  <varray name="kpointlist" >
   <v>       0.00000000       0.00000000       0.00000000 </v>
   <v>       0.33333333       0.00000000      -0.00000000 </v>
   <v>       0.33333333       0.33333333      -0.00000000 </v>
   <v>       0.33333333       0.33333333       0.33333333 </v>
  </varray>
  <varray name="weights" >
   <v>       0.03703704 </v>
   <v>       0.22222222 </v>
   <v>       0.44444444 </v>
   <v>       0.29629630 </v>
  </varray>
 </kpoints>
 <parameters>
  <separator name="general" >
   <i type="string" name="SYSTEM">local optimisation</i>
   <i type="logical" name="LCOMPAT"> F  </i>
  </separator>
  <separator name="electronic" >
   <i type="string" name="PREC">accura</i>
   <i name="ENMAX">    600.00000000</i>
   <i name="ENAUG">    627.11200000</i>
   <i name="EDIFF">      0.00001000</i>
   <i type="int" name="IALGO">    38</i>
   <i type="int" name="IWAVPR">    11</i>
   <i type="int" name="NBANDS">    16</i>
   <i name="NELECT">     14.00000000</i>
   <i type="int" name="TURBO">     0</i>
   <i type="int" name="IRESTART">     0</i>
   <i type="int" name="NREBOOT">     0</i>
   <i type="int" name="NMIN">     0</i>
   <i name="EREF">      0.00000000</i>
   <separator name="electronic smearing" >
    <i type="int" name="ISMEAR">     0</i>
    <i name="SIGMA">      0.05000000</i>
    <i name="KSPACING">      0.50000000</i>
    <i type="logical" name="KGAMMA"> T  </i>
   </separator>
   <separator name="electronic projectors" >
    <i type="logical" name="LREAL"> F  </i>
    <v name="ROPT">      0.00000000      0.00000000</v>
    <i type="int" name="LMAXPAW">  -100</i>
    <i type="int" name="LMAXMIX">     2</i>
    <i type="logical" name="NLSPLINE"> F  </i>
   </separator>
   <separator name="electronic startup" >
    <i type="int" name="ISTART">     0</i>
    <i type="int" name="ICHARG">     2</i>
    <i type="int" name="INIWAV">     1</i>
   </separator>
   <separator name="electronic spin" >
    <i type="int" name="ISPIN">     1</i>
    <i type="logical" name="LNONCOLLINEAR"> F  </i>
    <v name="MAGMOM">      1.00000000      1.00000000      1.00000000      1.00000000</v>
    <i name="NUPDOWN">     -1.00000000</i>
    <i type="logical" name="LSORBIT"> F  </i>
    <v name="SAXIS">      0.00000000      0.00000000      1.00000000</v>
    <i type="logical" name="LSPIRAL"> F  </i>
    <v name="QSPIRAL">      0.00000000      0.00000000      0.00000000</v>
    <i type="logical" name="LZEROZ"> F  </i>
   </separator>
   <separator name="electronic exchange-correlation" >
    <i type="logical" name="LASPH"> F  </i>
    <i type="logical" name="LMETAGGA"> F  </i>
   </separator>
   <separator name="electronic convergence" >
    <i type="int" name="NELM">    60</i>
    <i type="int" name="NELMDL">     0</i>
    <i type="int" name="NELMIN">     2</i>
    <i name="ENINI">    600.00000000</i>
    <separator name="electronic convergence detail" >
     <i type="logical" name="LDIAG"> T  </i>
     <i type="logical" name="LSUBROT"> F  </i>
     <i name="WEIMIN">      0.00100000</i>
     <i name="EBREAK">      0.00000016</i>
     <i name="DEPER">      0.30000000</i>
     <i type="int" name="NRMM">     4</i>
     <i name="TIME">      0.40000000</i>
    </separator>
   </separator>
   <separator name="electronic mixer" >
    <i name="AMIX">      0.40000000</i>
    <i name="BMIX">      1.00000000</i>
    <i name="AMIN">      0.10000000</i>
    <i name="AMIX_MAG">      1.60000000</i>
    <i name="BMIX_MAG">      1.00000000</i>
    <separator name="electronic mixer details" >
     <i type="int" name="IMIX">     4</i>
     <i type="logical" name="MIXFIRST"> F  </i>
     <i type="int" name="MAXMIX">   -45</i>
     <i name="WC">    100.00000000</i>
     <i type="int" name="INIMIX">     1</i>
     <i type="int" name="MIXPRE">     1</i>
     <i type="int" name="MREMOVE">     5</i>
    </separator>
   </separator>
   <separator name="electronic dipolcorrection" >
    <i type="logical" name="LDIPOL"> F  </i>
    <i type="logical" name="LMONO"> F  </i>
    <i type="int" name="IDIPOL">     0</i>
    <i name="EPSILON">      1.00000000</i>
    <v name="DIPOL">   -100.00000000   -100.00000000   -100.00000000</v>
    <i name="EFIELD">      0.00000000</i>
   </separator>
  </separator>
  <separator name="grids" >
   <i type="int" name="NGX">    36</i>
   <i type="int" name="NGY">    36</i>
   <i type="int" name="NGZ">    36</i>
   <i type="int" name="NGXF">    72</i>
   <i type="int" name="NGYF">    72</i>
   <i type="int" name="NGZF">    72</i>
   <i type="logical" name="ADDGRID"> F  </i>
  </separator>
  <separator name="ionic" >
   <i type="int" name="NSW">   200</i>
   <i type="int" name="IBRION">     2</i>
   <i type="int" name="MDALGO">     0</i>
   <i type="int" name="ISIF">     3</i>
   <i name="PSTRESS">   3000.00000000</i>
   <i name="EDIFFG">      0.00010000</i>
   <i type="int" name="NFREE">     1</i>
   <i name="POTIM">      0.10000000</i>
   <i name="SMASS">     -3.00000000</i>
   <i name="SCALEE">      1.00000000</i>
  </separator>
  <separator name="ionic md" >
   <i name="TEBEG">      0.00010000</i>
   <i name="TEEND">      0.00010000</i>
   <i type="int" name="NBLOCK">     1</i>
   <i type="int" name="KBLOCK">   200</i>
   <i type="int" name="NPACO">   256</i>
   <i name="APACO">     16.00000000</i>
  </separator>
  <separator name="symmetry" >
   <i type="int" name="ISYM">     2</i>
   <i name="SYMPREC">      0.00010000</i>
  </separator>
  <separator name="dos" >
   <i type="int" name="LORBIT">     0</i>
   <v name="RWIGS">     -1.00000000     -1.00000000</v>
   <i type="int" name="NEDOS">   301</i>
   <i name="EMIN">     10.00000000</i>
   <i name="EMAX">    -10.00000000</i>
   <i name="EFERMI">      0.00000000</i>
  </separator>
  <separator name="writing" >
   <i type="int" name="NWRITE">     2</i>
   <i type="logical" name="LWAVE"> F  </i>
   <i type="logical" name="LDOWNSAMPLE"> F  </i>
   <i type="logical" name="LCHARG"> F  </i>
   <i type="logical" name="LPARD"> F  </i>
   <i type="logical" name="LVTOT"> F  </i>
   <i type="logical" name="LVHAR"> F  </i>
   <i type="logical" name="LELF"> F  </i>
   <i type="logical" name="LOPTICS"> F  </i>
   <v name="STM">      0.00000000      0.00000000      0.00000000      0.00000000      0.00000000      0.00000000      0.00000000</v>
  </separator>
  <separator name="performance" >
   <i type="int" name="NPAR">    16</i>
   <i type="int" name="NSIM">     4</i>
   <i type="int" name="NBLK">    -1</i>
   <i type="logical" name="LPLANE"> T  </i>
   <i type="logical" name="LSCALAPACK"> T  </i>
   <i type="logical" name="LSCAAWARE"> F  </i>
   <i type="logical" name="LSCALU"> F  </i>
   <i type="logical" name="LASYNC"> F  </i>
   <i type="logical" name="LORBITALREAL"> F  </i>
  </separator>
  <separator name="miscellaneous" >
   <i type="int" name="IDIOT">     3</i>
   <i type="int" name="ISPECIAL">     0</i>
   <i type="logical" name="LMUSIC"> F  </i>
   <v name="POMASS">     10.81100000     14.00100000</v>
   <v name="DARWINR">      0.00000000      0.00000000</v>
   <v name="DARWINV">      1.00000000      1.00000000</v>
   <i type="logical" name="LCORR"> T  </i>
  </separator>
  <i type="logical" name="GGA_COMPAT"> T  </i>
  <i type="logical" name="LBERRY"> F  </i>
  <i type="int" name="ICORELEVEL">     0</i>
  <i type="logical" name="LDAU"> F  </i>
  <i type="int" name="I_CONSTRAINED_M">     0</i>
  <separator name="electronic exchange-correlation" >
   <i type="string" name="GGA">--</i>
   <i type="int" name="VOSKOWN">     0</i>
   <i type="logical" name="LHFCALC"> F  </i>
   <i type="string" name="PRECFOCK"></i>
   <i type="logical" name="LSYMGRAD"> F  </i>
   <i type="logical" name="LHFONE"> F  </i>
   <i type="logical" name="LRHFCALC"> F  </i>
   <i type="logical" name="LTHOMAS"> F  </i>
   <i type="logical" name="LMODELHF"> F  </i>
   <i name="ENCUT4O">     -1.00000000</i>
   <i type="int" name="EXXOEP">     0</i>
   <i type="int" name="FOURORBIT">     0</i>
   <i name="AEXX">      0.00000000</i>
   <i name="HFALPHA">      0.00000000</i>
   <i name="MCALPHA">      0.00000000</i>
   <i name="ALDAX">      1.00000000</i>
   <i name="AGGAX">      1.00000000</i>
   <i name="ALDAC">      1.00000000</i>
   <i name="AGGAC">      1.00000000</i>
   <i type="int" name="NKREDX">     1</i>
   <i type="int" name="NKREDY">     1</i>
   <i type="int" name="NKREDZ">     1</i>
   <i type="logical" name="SHIFTRED"> F  </i>
   <i type="logical" name="ODDONLY"> F  </i>
   <i type="logical" name="EVENONLY"> F  </i>
   <i type="int" name="LMAXFOCK">     0</i>
   <i type="int" name="NMAXFOCKAE">     0</i>
   <i type="logical" name="LFOCKAEDFT"> F  </i>
   <i name="HFSCREEN">      0.00000000</i>
   <i name="HFSCREENC">      0.00000000</i>
   <i type="int" name="NBANDSGWLOW">     0</i>
  </separator>
  <separator name="vdW DFT" >
   <i type="logical" name="LUSE_VDW"> F  </i>
   <i name="Zab_VDW">     -0.84910000</i>
   <i name="PARAM1">      0.12340000</i>
   <i name="PARAM2">      1.00000000</i>
   <i name="PARAM3">      0.00000000</i>
  </separator>
  <separator name="model GW" >
   <i type="int" name="MODEL_GW">     0</i>
   <i name="MODEL_EPS0">     12.00000566</i>
   <i name="MODEL_ALPHA">      1.00000000</i>
  </separator>
  <separator name="linear response parameters" >
   <i type="logical" name="LEPSILON"> F  </i>
   <i type="logical" name="LRPA"> F  </i>
   <i type="logical" name="LNABLA"> F  </i>
   <i type="logical" name="LVEL"> F  </i>
   <i type="int" name="KINTER">     0</i>
   <i name="CSHIFT">      0.10000000</i>
   <i name="OMEGAMAX">     -1.00000000</i>
   <i name="DEG_THRESHOLD">      0.00200000</i>
   <i name="RTIME">     -0.10000000</i>
   <i name="WPLASMAI">      0.00000000</i>
   <v name="DFIELD">      0.00000000      0.00000000      0.00000000</v>
   <v name="WPLASMA">      0.00000000      0.00000000      0.00000000      0.00000000      0.00000000      0.00000000      0.00000000      0.00000000      0.00000000</v>
  </separator>
  <separator name="orbital magnetization" >
   <i type="logical" name="NUCIND"> F  </i>
   <v name="MAGPOS">      0.00000000      0.00000000      0.00000000</v>
   <i type="logical" name="LNICSALL"> T  </i>
   <i type="logical" name="ORBITALMAG"> F  </i>
   <i type="logical" name="LMAGBLOCH"> F  </i>
   <i type="logical" name="LCHIMAG"> F  </i>
   <i type="logical" name="LGAUGE"> T  </i>
   <i type="int" name="MAGATOM">     0</i>
   <v name="MAGDIPOL">      0.00000000      0.00000000      0.00000000</v>
   <v name="AVECCONST">      0.00000000      0.00000000      0.00000000</v>
  </separator>
  <separator name="response functions" >
   <i type="logical" name="LADDER"> F  </i>
   <i type="logical" name="LRPAFORCE"> F  </i>
   <i type="logical" name="LFXC"> F  </i>
   <i type="logical" name="LHARTREE"> T  </i>
   <i type="int" name="IBSE">     0</i>
   <v type="int" name="KPOINT">    -1     0     0     0</v>
   <i type="logical" name="LTCTE"> F  </i>
   <i type="logical" name="LTETE"> F  </i>
   <i type="logical" name="LTRIPLET"> F  </i>
   <i type="logical" name="LFXCEPS"> F  </i>
   <i type="logical" name="LFXHEG"> F  </i>
   <i type="int" name="NATURALO">     2</i>
   <i type="logical" name="L2ORDER"> F  </i>
   <i type="logical" name="LMP2LT"> F  </i>
   <i type="logical" name="LUSEW"> F  </i>
   <i name="ENCUTGW">     -2.00000000</i>
   <i name="ENCUTGWSOFT">     -2.00000000</i>
   <i name="ENCUTLF">     -1.00000000</i>
   <i type="int" name="LMAXMP2">    -1</i>
   <i name="SCISSOR">      0.00000000</i>
   <i type="int" name="NOMEGA">     0</i>
   <i type="int" name="NOMEGAR">     0</i>
   <i type="int" name="NBANDSGW">    -1</i>
   <i type="int" name="NBANDSO">    -1</i>
   <i type="int" name="NBANDSV">    -1</i>
   <i type="int" name="NELM">     1</i>
   <i type="int" name="NELMHF">     1</i>
   <i type="int" name="DIM">     3</i>
   <i type="int" name="ANTIRES">     0</i>
   <i name="OMEGAMAX">    -30.00000000</i>
   <i name="OMEGAMIN">    -30.00000000</i>
   <i name="OMEGATL">   -200.00000000</i>
   <i type="int" name="OMEGAGRID">   140</i>
   <i name="CSHIFT">     -0.10000000</i>
   <i type="logical" name="SELFENERGY"> F  </i>
   <i type="logical" name="LSPECTRAL"> F  </i>
   <i type="logical" name="LSPECTRALGW"> F  </i>
   <i type="logical" name="LSINGLES"> F  </i>
   <i type="logical" name="LFERMIGW"> F  </i>
   <i type="logical" name="ODDONLYGW"> F  </i>
   <i type="logical" name="EVENONLYGW"> F  </i>
   <i type="int" name="NKREDLFX">     1</i>
   <i type="int" name="NKREDLFY">     1</i>
   <i type="int" name="NKREDLFZ">     1</i>
   <i type="int" name="MAXMEM">  2800</i>
   <i type="int" name="TELESCOPE">     0</i>
   <i type="int" name="TAUPAR">     1</i>
   <i type="int" name="OMEGAPAR">    -1</i>
   <i name="LAMBDA">      1.00000000</i>
  </separator>
  <separator name="External order field" >
   <i name="OFIELD_KAPPA">      0.00000000</i>
   <v name="OFIELD_K">      0.00000000      0.00000000      0.00000000</v>
   <i name="OFIELD_Q6_NEAR">      0.00000000</i>
   <i name="OFIELD_Q6_FAR">      0.00000000</i>
   <i name="OFIELD_A">      0.00000000</i>
  </separator>
 </parameters>
 <atominfo>
  <atoms>       4 </atoms>
  <types>       2 </types>
  <array name="atoms" >
   <dimension dim="1">ion</dimension>
   <field type="string">element</field>
   <field type="int">atomtype</field>
   <set>
    <rc><c>B </c><c>   1</c></rc>
    <rc><c>B </c><c>   1</c></rc>
    <rc><c>B </c><c>   1</c></rc>
    <rc><c>N </c><c>   2</c></rc>
   </set>
  </array>
  <array name="atomtypes" >
   <dimension dim="1">type</dimension>
   <field type="int">atomspertype</field>
   <field type="string">element</field>
   <field>mass</field>
   <field>valence</field>
   <field type="string">pseudopotential</field>
   <set>
    <rc><c>   3</c><c>B </c><c>     10.81100000</c><c>      3.00000000</c><c> PAW_PBE B 06Sep2000                    </c></rc>
    <rc><c>   1</c><c>N </c><c>     14.00100000</c><c>      5.00000000</c><c> PAW_PBE N 08Apr2002                    </c></rc>
   </set>
  </array>
 </atominfo>
 <structure name="initialpos" >
  <crystal>
   <varray name="basis" >
    <v>       4.30887006       0.00000000       0.00000000 </v>
    <v>       0.00000033       4.30887006       0.00000000 </v>
    <v>       0.00000033       0.00000033       4.30887006 </v>
   </varray>
   <i name="volume">     80.00003774 </i>
   <varray name="rec_basis" >
    <v>       0.23207941      -0.00000002      -0.00000002 </v>
    <v>       0.00000000       0.23207941      -0.00000002 </v>
    <v>       0.00000000       0.00000000       0.23207941 </v>
   </varray>
  </crystal>
  <varray name="positions" >
   <v>       0.50000000       0.00000000       0.00000000 </v>
   <v>       0.00000000       0.50000000       0.00000000 </v>
   <v>       0.00000000       0.00000000       0.50000000 </v>
   <v>       0.00000000       0.00000000       0.00000000 </v>
  </varray>
 </structure>
 <calculation>
  <scstep>
   <time name="dav">    0.04    0.04</time>
   <time name="total">    0.06    0.08</time>
   <energy>
    <i name="alphaZ">     15.22983437 </i>
    <i name="ewald">   -313.51903096 </i>
    <i name="hartreedc">   -148.79412254 </i>
    <i name="XCdc">     40.03926878 </i>
    <i name="pawpsdc">    151.85644282 </i>
    <i name="pawaedc">   -155.35232821 </i>
    <i name="eentropy">     -0.00000003 </i>
    <i name="bandstr">    -47.50200102 </i>
    <i name="atom">    478.07921343 </i>
    <i name="e_fr_energy">     20.03727665 </i>
    <i name="e_wo_entrp">     20.03727668 </i>
    <i name="e_0_energy">     20.03727666 </i>
   </energy>
  </scstep>
  <scstep>
   <time name="dav">    0.08    0.08</time>
   <time name="total">    0.08    0.08</time>
   <energy>
    <i name="e_fr_energy">    -12.85845912 </i>
    <i name="e_wo_entrp">    -12.83302741 </i>
    <i name="e_0_energy">    -12.84574327 </i>
   </energy>
  </scstep>
  <scstep>
   <time name="dav">    0.04    0.04</time>
   <time name="total">    0.04    0.04</time>
   <energy>
    <i name="e_fr_energy">    -13.71374483 </i>
    <i name="e_wo_entrp">    -13.71081152 </i>
    <i name="e_0_energy">    -13.71227818 </i>
   </energy>
  </scstep>
  <scstep>
   <time name="dav">    0.06    0.06</time>
   <time name="total">    0.06    0.06</time>
   <energy>
    <i name="e_fr_energy">    -13.71720127 </i>
    <i name="e_wo_entrp">    -13.71431112 </i>
    <i name="e_0_energy">    -13.71575619 </i>
   </energy>
  </scstep>
  <scstep>
   <time name="dav">    0.05    0.05</time>
   <time name="total">    0.07    0.07</time>
   <energy>
    <i name="e_fr_energy">    -13.71720793 </i>
    <i name="e_wo_entrp">    -13.71431806 </i>
    <i name="e_0_energy">    -13.71576300 </i>
   </energy>
  </scstep>
  <scstep>
   <time name="dav">    0.05    0.05</time>
   <time name="total">    0.08    0.08</time>
   <energy>
    <i name="e_fr_energy">    -15.92523304 </i>
    <i name="e_wo_entrp">    -15.91835765 </i>
    <i name="e_0_energy">    -15.92179534 </i>
   </energy>
  </scstep>
  <scstep>
   <time name="dav">    0.06    0.06</time>
   <time name="total">    0.09    0.09</time>
   <energy>
    <i name="e_fr_energy">    -12.99402112 </i>
    <i name="e_wo_entrp">    -12.97869962 </i>
    <i name="e_0_energy">    -12.98636037 </i>
   </energy>
  </scstep>
  <scstep>
   <time name="dav">    0.04    0.04</time>
   <time name="total">    0.07    0.07</time>
   <energy>
    <i name="e_fr_energy">    -12.86938682 </i>
    <i name="e_wo_entrp">    -12.85269873 </i>
    <i name="e_0_energy">    -12.86104277 </i>
   </energy>
  </scstep>
  <scstep>
   <time name="dav">    0.04    0.04</time>
   <time name="total">    0.07    0.07</time>
   <energy>
    <i name="e_fr_energy">    -12.76368015 </i>
    <i name="e_wo_entrp">    -12.74539556 </i>
    <i name="e_0_energy">    -12.75453785 </i>
   </energy>
  </scstep>
  <scstep>
   <time name="dav">    0.04    0.04</time>
   <time name="total">    0.07    0.07</time>
   <energy>
    <i name="e_fr_energy">    -12.74384918 </i>
    <i name="e_wo_entrp">    -12.71553139 </i>
    <i name="e_0_energy">    -12.72969029 </i>
   </energy>
  </scstep>
  <scstep>
   <time name="dav">    0.04    0.04</time>
   <time name="total">    0.07    0.07</time>
   <energy>
    <i name="e_fr_energy">    -12.73734943 </i>
    <i name="e_wo_entrp">    -12.70943128 </i>
    <i name="e_0_energy">    -12.72339036 </i>
   </energy>
  </scstep>
  <scstep>
   <time name="dav">    0.04    0.04</time>
   <time name="total">    0.07    0.08</time>
   <energy>
    <i name="e_fr_energy">    -12.73107394 </i>
    <i name="e_wo_entrp">    -12.70680875 </i>
    <i name="e_0_energy">    -12.71894135 </i>
   </energy>
  </scstep>
  <scstep>
   <time name="dav">    0.04    0.04</time>
   <time name="total">    0.07    0.07</time>
   <energy>
    <i name="e_fr_energy">    -12.73219151 </i>
    <i name="e_wo_entrp">    -12.71004885 </i>
    <i name="e_0_energy">    -12.72112018 </i>
   </energy>
  </scstep>
  <scstep>
   <time name="dav">    0.04    0.04</time>
   <time name="total">    0.07    0.07</time>
   <energy>
    <i name="e_fr_energy">    -12.73164709 </i>
    <i name="e_wo_entrp">    -12.70888939 </i>
    <i name="e_0_energy">    -12.72026824 </i>
   </energy>
  </scstep>
  <scstep>
   <time name="dav">    0.05    0.05</time>
   <time name="total">    0.08    0.08</time>
   <energy>
    <i name="e_fr_energy">    -12.73108214 </i>
    <i name="e_wo_entrp">    -12.70667348 </i>
    <i name="e_0_energy">    -12.71887781 </i>
   </energy>
  </scstep>
  <scstep>
   <time name="dav">    0.04    0.04</time>
   <time name="total">    0.06    0.06</time>
   <energy>
    <i name="alphaZ">     15.22983437 </i>
    <i name="ewald">   -313.51903096 </i>
    <i name="hartreedc">   -151.01449998 </i>
    <i name="XCdc">     39.86164858 </i>
    <i name="pawpsdc">    158.00834088 </i>
    <i name="pawaedc">   -161.34122298 </i>
    <i name="eentropy">     -0.02434291 </i>
    <i name="bandstr">    -78.01102588 </i>
    <i name="atom">    478.07921343 </i>
    <i name="e_fr_energy">    -12.73108544 </i>
    <i name="e_wo_entrp">    -12.70674253 </i>
    <i name="e_0_energy">    -12.71891398 </i>
   </energy>
  </scstep>
  <structure>
   <crystal>
    <varray name="basis" >
     <v>       4.30887006       0.00000000       0.00000000 </v>
     <v>       0.00000033       4.30887006       0.00000000 </v>
     <v>       0.00000033       0.00000033       4.30887006 </v>
    </varray>
    <i name="volume">     80.00003774 </i>
    <varray name="rec_basis" >
     <v>       0.23207941      -0.00000002      -0.00000002 </v>
     <v>       0.00000000       0.23207941      -0.00000002 </v>
     <v>       0.00000000       0.00000000       0.23207941 </v>
    </varray>
   </crystal>
   <varray name="positions" >
    <v>       0.50000000       0.00000000       0.00000000 </v>
    <v>       0.00000000       0.50000000       0.00000000 </v>
    <v>       0.00000000       0.00000000       0.50000000 </v>
    <v>       0.00000000       0.00000000       0.00000000 </v>
   </varray>
  </structure>
  <varray name="forces" >
   <v>      -0.00000000       0.00000000       0.00000000 </v>
   <v>       0.00000000      -0.00000000       0.00000000 </v>
   <v>      -0.00000000      -0.00000000       0.00000000 </v>
   <v>       0.00000000      -0.00000000       0.00000000 </v>
  </varray>
  <varray name="stress" >
   <v>    -190.80262835      -0.00001441      -0.00001441 </v>
   <v>      -0.00001441    -190.80262835      -0.00001441 </v>
   <v>      -0.00001441      -0.00001441    -190.80262835 </v>
  </varray>
  <energy>
   <i name="e_fr_energy">    137.06513794 </i>
   <i name="e_wo_entrp">    137.07730939 </i>
   <i name="e_0_energy">     -0.02434291 </i>
  </energy>
  <time name="totalsc">    1.26    1.32</time>
 </calculation>
 <calculation>
  <scstep>
   <time name="dav">    0.06    0.06</time>
   <time name="total">    0.10    0.11</time>
   <energy>
    <i name="alphaZ">     65.25399796 </i>
    <i name="ewald">   -509.21504087 </i>
    <i name="hartreedc">   -245.27750235 </i>
    <i name="XCdc">     62.95270936 </i>
    <i name="pawpsdc">    157.99406064 </i>
    <i name="pawaedc">   -161.32654452 </i>
    <i name="eentropy">     -0.01253755 </i>
    <i name="bandstr">     87.44211361 </i>
    <i name="atom">    478.07921343 </i>
    <i name="e_fr_energy">    -64.10953029 </i>
    <i name="e_wo_entrp">    -64.09699275 </i>
    <i name="e_0_energy">    -64.10326152 </i>
   </energy>
  </scstep>
  <scstep>
   <time name="dav">    0.05    0.05</time>
   <time name="total">    0.08    0.08</time>
   <energy>
    <i name="e_fr_energy">    -13.71206239 </i>
    <i name="e_wo_entrp">    -13.71193244 </i>
    <i name="e_0_energy">    -13.71199741 </i>
   </energy>
  </scstep>
  <scstep>
   <time name="dav">    0.04    0.04</time>
   <time name="total">    0.08    0.08</time>
   <energy>
    <i name="e_fr_energy">     -9.22664908 </i>
    <i name="e_wo_entrp">     -9.21225830 </i>
    <i name="e_0_energy">     -9.21945369 </i>
   </energy>
  </scstep>
  <scstep>
   <time name="dav">    0.05    0.05</time>
   <time name="total">    0.08    0.09</time>
   <energy>
    <i name="e_fr_energy">     -8.37256026 </i>
    <i name="e_wo_entrp">     -8.35543339 </i>
    <i name="e_0_energy">     -8.36399682 </i>
   </energy>
  </scstep>
  <scstep>
   <time name="dav">    0.06    0.06</time>
   <time name="total">    0.09    0.09</time>
   <energy>
    <i name="e_fr_energy">     -8.12980239 </i>
    <i name="e_wo_entrp">     -8.10987627 </i>
    <i name="e_0_energy">     -8.11983933 </i>
   </energy>
  </scstep>
  <scstep>
   <time name="dav">    0.06    0.07</time>
   <time name="total">    0.10    0.10</time>
   <energy>
    <i name="e_fr_energy">     -8.12942647 </i>
    <i name="e_wo_entrp">     -8.10960877 </i>
    <i name="e_0_energy">     -8.11951762 </i>
   </energy>
  </scstep>
  <scstep>
   <time name="dav">    0.07    0.07</time>
   <time name="total">    0.12    0.12</time>
   <energy>
    <i name="e_fr_energy">     -8.12880712 </i>
    <i name="e_wo_entrp">     -8.11144676 </i>
    <i name="e_0_energy">     -8.12012694 </i>
   </energy>
  </scstep>
  <scstep>
   <time name="dav">    0.05    0.05</time>
   <time name="total">    0.09    0.09</time>
   <energy>
    <i name="e_fr_energy">     -8.12882774 </i>
    <i name="e_wo_entrp">     -8.11147955 </i>
    <i name="e_0_energy">     -8.12015365 </i>
   </energy>
  </scstep>
  <scstep>
   <time name="dav">    0.04    0.04</time>
   <time name="total">    0.08    0.08</time>
   <energy>
    <i name="e_fr_energy">     -8.12830271 </i>
    <i name="e_wo_entrp">     -8.10960006 </i>
    <i name="e_0_energy">     -8.11895139 </i>
   </energy>
  </scstep>
  <scstep>
   <time name="dav">    0.04    0.04</time>
   <time name="total">    0.07    0.08</time>
   <energy>
    <i name="e_fr_energy">     -8.12825380 </i>
    <i name="e_wo_entrp">     -8.10966008 </i>
    <i name="e_0_energy">     -8.11895694 </i>
   </energy>
  </scstep>
  <scstep>
   <time name="dav">    0.03    0.03</time>
   <time name="total">    0.05    0.05</time>
   <energy>
    <i name="alphaZ">     65.25399796 </i>
    <i name="ewald">   -509.21504087 </i>
    <i name="hartreedc">   -105.91969972 </i>
    <i name="XCdc">     53.88118190 </i>
    <i name="pawpsdc">    383.54656586 </i>
    <i name="pawaedc">   -388.36697240 </i>
    <i name="eentropy">     -0.01854436 </i>
    <i name="bandstr">     14.63104770 </i>
    <i name="atom">    478.07921343 </i>
    <i name="e_fr_energy">     -8.12825051 </i>
    <i name="e_wo_entrp">     -8.10970615 </i>
    <i name="e_0_energy">     -8.11897833 </i>
   </energy>
  </scstep>
  <structure>
   <crystal>
    <varray name="basis" >
     <v>       2.65293178      -0.00000001      -0.00000001 </v>
     <v>       0.00000019       2.65293178      -0.00000001 </v>
     <v>       0.00000019       0.00000019       2.65293178 </v>
    </varray>
    <i name="volume">     18.67145864 </i>
    <varray name="rec_basis" >
     <v>       0.37694147      -0.00000003      -0.00000003 </v>
     <v>       0.00000000       0.37694147      -0.00000003 </v>
     <v>       0.00000000       0.00000000       0.37694147 </v>
    </varray>
   </crystal>
   <varray name="positions" >
    <v>       0.50000000       0.00000000       0.00000000 </v>
    <v>       0.00000000       0.50000000       0.00000000 </v>
    <v>      -0.00000000      -0.00000000       0.50000000 </v>
    <v>       0.00000000      -0.00000000       0.00000000 </v>
   </varray>
  </structure>
  <varray name="forces" >
   <v>       0.00000000      -0.00000000       0.00000000 </v>
   <v>      -0.00000000      -0.00000000       0.00000000 </v>
   <v>      -0.00000000       0.00000000       0.00000000 </v>
   <v>       0.00000000      -0.00000000       0.00000000 </v>
  </varray>
  <varray name="stress" >
   <v>    3017.82302586       0.00021083       0.00021083 </v>
   <v>       0.00021083    3017.82302586       0.00021083 </v>
   <v>       0.00021083       0.00021083    3017.82302586 </v>
  </varray>
  <energy>
   <i name="e_fr_energy">     26.83315787 </i>
   <i name="e_wo_entrp">     26.84243005 </i>
   <i name="e_0_energy">     -0.01854436 </i>
  </energy>
  <time name="totalsc">    1.14    1.20</time>
 </calculation>
 <calculation>
  <scstep>
   <time name="dav">    0.04    0.04</time>
   <time name="total">    0.07    0.08</time>
   <energy>
    <i name="alphaZ">     65.15486735 </i>
    <i name="ewald">   -508.95705218 </i>
    <i name="hartreedc">   -105.86382861 </i>
    <i name="XCdc">     53.85498723 </i>
    <i name="pawpsdc">    383.53407450 </i>
    <i name="pawaedc">   -388.35434759 </i>
    <i name="eentropy">     -0.01794874 </i>
    <i name="bandstr">     14.38832428 </i>
    <i name="atom">    478.07921343 </i>
    <i name="e_fr_energy">     -8.18171034 </i>
    <i name="e_wo_entrp">     -8.16376160 </i>
    <i name="e_0_energy">     -8.17273597 </i>
   </energy>
  </scstep>
  <scstep>
   <time name="dav">    0.04    0.04</time>
   <time name="total">    0.08    0.08</time>
   <energy>
    <i name="e_fr_energy">     -8.18164170 </i>
    <i name="e_wo_entrp">     -8.16320071 </i>
    <i name="e_0_energy">     -8.17242121 </i>
   </energy>
  </scstep>
  <scstep>
   <time name="dav">    0.02    0.03</time>
   <time name="total">    0.05    0.05</time>
   <energy>
    <i name="alphaZ">     65.15486735 </i>
    <i name="ewald">   -508.95705218 </i>
    <i name="hartreedc">   -105.95664104 </i>
    <i name="XCdc">     53.86020794 </i>
    <i name="pawpsdc">    383.25712994 </i>
    <i name="pawaedc">   -388.07575745 </i>
    <i name="eentropy">     -0.01833945 </i>
    <i name="bandstr">     14.47473538 </i>
    <i name="atom">    478.07921343 </i>
    <i name="e_fr_energy">     -8.18163608 </i>
    <i name="e_wo_entrp">     -8.16329664 </i>
    <i name="e_0_energy">     -8.17246636 </i>
   </energy>
  </scstep>
  <structure>
   <crystal>
    <varray name="basis" >
     <v>       2.65427654      -0.00000001      -0.00000001 </v>
     <v>       0.00000019       2.65427654      -0.00000001 </v>
     <v>       0.00000019       0.00000019       2.65427654 </v>
    </varray>
    <i name="volume">     18.69986654 </i>
    <varray name="rec_basis" >
     <v>       0.37675049      -0.00000003      -0.00000003 </v>
     <v>       0.00000000       0.37675049      -0.00000003 </v>
     <v>       0.00000000       0.00000000       0.37675049 </v>
    </varray>
   </crystal>
   <varray name="positions" >
    <v>       0.50000000       0.00000000       0.00000000 </v>
    <v>       0.00000000       0.50000000      -0.00000000 </v>
    <v>      -0.00000000      -0.00000000       0.50000000 </v>
    <v>       0.00000000      -0.00000000      -0.00000000 </v>
   </varray>
  </structure>
  <varray name="forces" >
   <v>      -0.00000000      -0.00000000      -0.00000000 </v>
   <v>       0.00000000      -0.00000000      -0.00000000 </v>
   <v>       0.00000000       0.00000000      -0.00000000 </v>
   <v>      -0.00000000      -0.00000000       0.00000000 </v>
  </varray>
  <varray name="stress" >
   <v>    3003.30397660       0.00020984       0.00020984 </v>
   <v>       0.00020984    3003.30397660       0.00020984 </v>
   <v>       0.00020984       0.00020984    3003.30397660 </v>
  </varray>
  <energy>
   <i name="e_fr_energy">     26.83296472 </i>
   <i name="e_wo_entrp">     26.84213444 </i>
   <i name="e_0_energy">     -0.01833945 </i>
  </energy>
  <time name="totalsc">    0.38    0.44</time>
  <eigenvalues>
   <array>
    <dimension dim="1">band</dimension>
    <dimension dim="2">kpoint</dimension>
    <dimension dim="3">spin</dimension>
    <field>eigene</field>
    <field>occ</field>
    <set>
     <set comment="spin 1">
      <set comment="kpoint 1">
       <r>  -14.8020    1.0000 </r>
       <r>   -3.1459    1.0000 </r>
       <r>   -3.1459    1.0000 </r>
       <r>   -3.1459    1.0000 </r>
       <r>    7.7961    1.0000 </r>
       <r>   14.2031    0.9931 </r>
       <r>   14.2031    0.9931 </r>
       <r>   18.5314    0.0000 </r>
       <r>   18.5314    0.0000 </r>
       <r>   18.5314    0.0000 </r>
       <r>   20.5571    0.0000 </r>
       <r>   20.5571    0.0000 </r>
       <r>   20.5571    0.0000 </r>
       <r>   29.8942    0.0000 </r>
       <r>   29.8942    0.0000 </r>
       <r>   29.8942    0.0000 </r>
      </set>
      <set comment="kpoint 2">
       <r>  -14.2331    1.0000 </r>
       <r>   -5.3596    1.0000 </r>
       <r>   -2.4326    1.0000 </r>
       <r>   -2.4326    1.0000 </r>
       <r>   10.4710    1.0000 </r>
       <r>   13.0567    1.0000 </r>
       <r>   14.2793    0.6210 </r>
       <r>   14.2793    0.6210 </r>
       <r>   14.5592    0.0000 </r>
       <r>   19.0760    0.0000 </r>
       <r>   20.0584    0.0000 </r>
       <r>   20.0584    0.0000 </r>
       <r>   23.0078    0.0000 </r>
       <r>   31.3131    0.0000 </r>
       <r>   32.6243    0.0000 </r>
       <r>   35.6776    0.0000 </r>
      </set>
      <set comment="kpoint 3">
       <r>  -13.8580    1.0000 </r>
       <r>   -4.4859    1.0000 </r>
       <r>   -3.7227    1.0000 </r>
       <r>   -1.7395    1.0000 </r>
       <r>    5.9288    1.0000 </r>
       <r>   13.1377    1.0000 </r>
       <r>   14.2486    0.8801 </r>
       <r>   14.9232    0.0000 </r>
       <r>   15.2846    0.0000 </r>
       <r>   17.8500    0.0000 </r>
       <r>   21.7718    0.0000 </r>
       <r>   22.5943    0.0000 </r>
       <r>   25.2343    0.0000 </r>
       <r>   29.4609    0.0000 </r>
       <r>   31.4714    0.0000 </r>
       <r>   31.5973    0.0000 </r>
      </set>
      <set comment="kpoint 4">
       <r>  -13.6538    1.0000 </r>
       <r>   -3.5726    1.0000 </r>
       <r>   -2.5054    1.0000 </r>
       <r>   -2.5054    1.0000 </r>
       <r>    6.9595    1.0000 </r>
       <r>    6.9636    1.0000 </r>
       <r>    6.9636    1.0000 </r>
       <r>   19.7916    0.0000 </r>
       <r>   19.7916    0.0000 </r>
       <r>   20.8076    0.0000 </r>
       <r>   21.0008    0.0000 </r>
       <r>   25.6459    0.0000 </r>
       <r>   25.6459    0.0000 </r>
       <r>   25.9834    0.0000 </r>
       <r>   30.9992    0.0000 </r>
       <r>   30.9992    0.0000 </r>
      </set>
     </set>
    </set>
   </array>
  </eigenvalues>
  <separator name="orbital magnetization" >
   <v name="MAGDIPOLOUT">      0.00000000      0.00000000      0.00000000</v>
  </separator>
  <dos>
   <i name="efermi">     14.29019560 </i>
   <total>
    <array>
     <dimension dim="1">gridpoints</dimension>
     <dimension dim="2">spin</dimension>
     <field>energy</field>
     <field>total</field>
     <field>integrated</field>
     <set>
      <set comment="spin 1">
       <r>   -17.3260     0.0000     0.0000 </r>
       <r>   -17.1409     0.0000     0.0000 </r>
       <r>   -16.9558     0.0000     0.0000 </r>
       <r>   -16.7707     0.0000     0.0000 </r>
       <r>   -16.5856     0.0000     0.0000 </r>
       <r>   -16.4005     0.0000     0.0000 </r>
       <r>   -16.2154     0.0000     0.0000 </r>
       <r>   -16.0303     0.0000     0.0000 </r>
       <r>   -15.8452     0.0000     0.0000 </r>
       <r>   -15.6601     0.0000     0.0000 </r>
       <r>   -15.4750     0.0000     0.0000 </r>
       <r>   -15.2900     0.0000     0.0000 </r>
       <r>   -15.1049     0.0000     0.0000 </r>
       <r>   -14.9198     0.0002     0.0000 </r>
       <r>   -14.7347     0.3886     0.0720 </r>
       <r>   -14.5496     0.0114     0.0741 </r>
       <r>   -14.3645     0.0002     0.0741 </r>
       <r>   -14.1794     2.2464     0.4899 </r>
       <r>   -13.9943     0.1548     0.5186 </r>
       <r>   -13.8092     4.3996     1.3329 </r>
       <r>   -13.6241     2.9616     1.8811 </r>
       <r>   -13.4390     0.6426     2.0000 </r>
       <r>   -13.2539     0.0000     2.0000 </r>
       <r>   -13.0689     0.0000     2.0000 </r>
       <r>   -12.8838     0.0000     2.0000 </r>
       <r>   -12.6987     0.0000     2.0000 </r>
       <r>   -12.5136     0.0000     2.0000 </r>
       <r>   -12.3285     0.0000     2.0000 </r>
       <r>   -12.1434     0.0000     2.0000 </r>
       <r>   -11.9583     0.0000     2.0000 </r>
       <r>   -11.7732     0.0000     2.0000 </r>
       <r>   -11.5881     0.0000     2.0000 </r>
       <r>   -11.4030     0.0000     2.0000 </r>
       <r>   -11.2179     0.0000     2.0000 </r>
       <r>   -11.0328     0.0000     2.0000 </r>
       <r>   -10.8478     0.0000     2.0000 </r>
       <r>   -10.6627     0.0000     2.0000 </r>
       <r>   -10.4776     0.0000     2.0000 </r>
       <r>   -10.2925     0.0000     2.0000 </r>
       <r>   -10.1074     0.0000     2.0000 </r>
       <r>    -9.9223     0.0000     2.0000 </r>
       <r>    -9.7372     0.0000     2.0000 </r>
       <r>    -9.5521     0.0000     2.0000 </r>
       <r>    -9.3670     0.0000     2.0000 </r>
       <r>    -9.1819     0.0000     2.0000 </r>
       <r>    -8.9968     0.0000     2.0000 </r>
       <r>    -8.8117     0.0000     2.0000 </r>
       <r>    -8.6267     0.0000     2.0000 </r>
       <r>    -8.4416     0.0000     2.0000 </r>
       <r>    -8.2565     0.0000     2.0000 </r>
       <r>    -8.0714     0.0000     2.0000 </r>
       <r>    -7.8863     0.0000     2.0000 </r>
       <r>    -7.7012     0.0000     2.0000 </r>
       <r>    -7.5161     0.0000     2.0000 </r>
       <r>    -7.3310     0.0000     2.0000 </r>
       <r>    -7.1459     0.0000     2.0000 </r>
       <r>    -6.9608     0.0000     2.0000 </r>
       <r>    -6.7757     0.0000     2.0000 </r>
       <r>    -6.5906     0.0000     2.0000 </r>
       <r>    -6.4055     0.0000     2.0000 </r>
       <r>    -6.2205     0.0000     2.0000 </r>
       <r>    -6.0354     0.0000     2.0000 </r>
       <r>    -5.8503     0.0000     2.0000 </r>
       <r>    -5.6652     0.0000     2.0000 </r>
       <r>    -5.4801     0.0008     2.0001 </r>
       <r>    -5.2950     2.3190     2.4294 </r>
       <r>    -5.1099     0.0815     2.4444 </r>
       <r>    -4.9248     0.0000     2.4444 </r>
       <r>    -4.7397     0.0000     2.4444 </r>
       <r>    -4.5546     0.1244     2.4675 </r>
       <r>    -4.3695     4.6756     3.3329 </r>
       <r>    -4.1844     0.0024     3.3333 </r>
       <r>    -3.9994     0.0000     3.3333 </r>
       <r>    -3.8143     0.0230     3.3376 </r>
       <r>    -3.6292     4.9350     4.2510 </r>
       <r>    -3.4441     3.0456     4.8147 </r>
       <r>    -3.2590     0.0013     4.8150 </r>
       <r>    -3.0739     1.1747     5.0324 </r>
       <r>    -2.8888     0.0251     5.0370 </r>
       <r>    -2.7037     0.0000     5.0370 </r>
       <r>    -2.5186     2.3065     5.4640 </r>
       <r>    -2.3335     8.8870     7.1089 </r>
       <r>    -2.1484     0.0122     7.1111 </r>
       <r>    -1.9633     0.0000     7.1111 </r>
       <r>    -1.7783     0.6544     7.2322 </r>
       <r>    -1.5932     4.1479     8.0000 </r>
       <r>    -1.4081     0.0001     8.0000 </r>
       <r>    -1.2230     0.0000     8.0000 </r>
       <r>    -1.0379     0.0000     8.0000 </r>
       <r>    -0.8528     0.0000     8.0000 </r>
       <r>    -0.6677     0.0000     8.0000 </r>
       <r>    -0.4826     0.0000     8.0000 </r>
       <r>    -0.2975     0.0000     8.0000 </r>
       <r>    -0.1124     0.0000     8.0000 </r>
       <r>     0.0727     0.0000     8.0000 </r>
       <r>     0.2578     0.0000     8.0000 </r>
       <r>     0.4429     0.0000     8.0000 </r>
       <r>     0.6279     0.0000     8.0000 </r>
       <r>     0.8130     0.0000     8.0000 </r>
       <r>     0.9981     0.0000     8.0000 </r>
       <r>     1.1832     0.0000     8.0000 </r>
       <r>     1.3683     0.0000     8.0000 </r>
       <r>     1.5534     0.0000     8.0000 </r>
       <r>     1.7385     0.0000     8.0000 </r>
       <r>     1.9236     0.0000     8.0000 </r>
       <r>     2.1087     0.0000     8.0000 </r>
       <r>     2.2938     0.0000     8.0000 </r>
       <r>     2.4789     0.0000     8.0000 </r>
       <r>     2.6640     0.0000     8.0000 </r>
       <r>     2.8490     0.0000     8.0000 </r>
       <r>     3.0341     0.0000     8.0000 </r>
       <r>     3.2192     0.0000     8.0000 </r>
       <r>     3.4043     0.0000     8.0000 </r>
       <r>     3.5894     0.0000     8.0000 </r>
       <r>     3.7745     0.0000     8.0000 </r>
       <r>     3.9596     0.0000     8.0000 </r>
       <r>     4.1447     0.0000     8.0000 </r>
       <r>     4.3298     0.0000     8.0000 </r>
       <r>     4.5149     0.0000     8.0000 </r>
       <r>     4.7000     0.0000     8.0000 </r>
       <r>     4.8851     0.0000     8.0000 </r>
       <r>     5.0701     0.0000     8.0000 </r>
       <r>     5.2552     0.0000     8.0000 </r>
       <r>     5.4403     0.0000     8.0000 </r>
       <r>     5.6254     0.0000     8.0000 </r>
       <r>     5.8105     0.0020     8.0004 </r>
       <r>     5.9956     4.6593     8.8628 </r>
       <r>     6.1807     0.1412     8.8889 </r>
       <r>     6.3658     0.0000     8.8889 </r>
       <r>     6.5509     0.0000     8.8889 </r>
       <r>     6.7360     0.0000     8.8889 </r>
       <r>     6.9211     1.1757     9.1065 </r>
       <r>     7.1062     8.4289    10.6666 </r>
       <r>     7.2912     0.0002    10.6667 </r>
       <r>     7.4763     0.0000    10.6667 </r>
       <r>     7.6614     0.0000    10.6667 </r>
       <r>     7.8465     0.3693    10.7350 </r>
       <r>     8.0316     0.0308    10.7407 </r>
       <r>     8.2167     0.0000    10.7407 </r>
       <r>     8.4018     0.0000    10.7407 </r>
       <r>     8.5869     0.0000    10.7407 </r>
       <r>     8.7720     0.0000    10.7407 </r>
       <r>     8.9571     0.0000    10.7407 </r>
       <r>     9.1422     0.0000    10.7407 </r>
       <r>     9.3273     0.0000    10.7407 </r>
       <r>     9.5124     0.0000    10.7407 </r>
       <r>     9.6974     0.0000    10.7407 </r>
       <r>     9.8825     0.0000    10.7407 </r>
       <r>    10.0676     0.0000    10.7407 </r>
       <r>    10.2527     0.0000    10.7407 </r>
       <r>    10.4378     0.4173    10.8180 </r>
       <r>    10.6229     1.9839    11.1852 </r>
       <r>    10.8080     0.0000    11.1852 </r>
       <r>    10.9931     0.0000    11.1852 </r>
       <r>    11.1782     0.0000    11.1852 </r>
       <r>    11.3633     0.0000    11.1852 </r>
       <r>    11.5484     0.0000    11.1852 </r>
       <r>    11.7335     0.0000    11.1852 </r>
       <r>    11.9185     0.0000    11.1852 </r>
       <r>    12.1036     0.0000    11.1852 </r>
       <r>    12.2887     0.0000    11.1852 </r>
       <r>    12.4738     0.0000    11.1852 </r>
       <r>    12.6589     0.0000    11.1852 </r>
       <r>    12.8440     0.0000    11.1852 </r>
       <r>    13.0291     0.5264    11.2826 </r>
       <r>    13.2142     6.6038    12.5049 </r>
       <r>    13.3993     0.0735    12.5185 </r>
       <r>    13.5844     0.0000    12.5185 </r>
       <r>    13.7695     0.0000    12.5185 </r>
       <r>    13.9546     0.0000    12.5185 </r>
       <r>    14.1396     0.0341    12.5248 </r>
       <r>    14.3247     9.8185    14.3422 </r>
       <r>    14.5098     0.7476    14.4805 </r>
       <r>    14.6949     2.2061    14.8889 </r>
       <r>    14.8800     0.5324    14.9874 </r>
       <r>    15.0651     4.2701    15.7778 </r>
       <r>    15.2502     0.7946    15.9248 </r>
       <r>    15.4353     4.0079    16.6667 </r>
       <r>    15.6204     0.0000    16.6667 </r>
       <r>    15.8055     0.0000    16.6667 </r>
       <r>    15.9906     0.0000    16.6667 </r>
       <r>    16.1757     0.0000    16.6667 </r>
       <r>    16.3608     0.0000    16.6667 </r>
       <r>    16.5458     0.0000    16.6667 </r>
       <r>    16.7309     0.0000    16.6667 </r>
       <r>    16.9160     0.0000    16.6667 </r>
       <r>    17.1011     0.0000    16.6667 </r>
       <r>    17.2862     0.0000    16.6667 </r>
       <r>    17.4713     0.0000    16.6667 </r>
       <r>    17.6564     0.0000    16.6667 </r>
       <r>    17.8415     1.9426    17.0262 </r>
       <r>    18.0266     2.8598    17.5556 </r>
       <r>    18.2117     0.0000    17.5556 </r>
       <r>    18.3968     0.0001    17.5556 </r>
       <r>    18.5819     1.1081    17.7607 </r>
       <r>    18.7669     0.0924    17.7778 </r>
       <r>    18.9520     0.0005    17.7779 </r>
       <r>    19.1371     2.2998    18.2035 </r>
       <r>    19.3222     0.1009    18.2222 </r>
       <r>    19.5073     0.0000    18.2222 </r>
       <r>    19.6924     0.0161    18.2252 </r>
       <r>    19.8775     6.3387    19.3984 </r>
       <r>    20.0626     2.6745    19.8935 </r>
       <r>    20.2477     2.1763    20.2963 </r>
       <r>    20.4328     0.0003    20.2963 </r>
       <r>    20.6179     1.1489    20.5090 </r>
       <r>    20.8030     1.4850    20.7838 </r>
       <r>    20.9880     2.9171    21.3238 </r>
       <r>    21.1731     2.0526    21.7037 </r>
       <r>    21.3582     0.0000    21.7037 </r>
       <r>    21.5433     0.0000    21.7037 </r>
       <r>    21.7284     0.5285    21.8015 </r>
       <r>    21.9135     4.2737    22.5926 </r>
       <r>    22.0986     0.0001    22.5926 </r>
       <r>    22.2837     0.0000    22.5926 </r>
       <r>    22.4688     0.0009    22.5928 </r>
       <r>    22.6539     4.5812    23.4407 </r>
       <r>    22.8390     0.2203    23.4815 </r>
       <r>    23.0241     1.6271    23.7826 </r>
       <r>    23.2091     0.7741    23.9259 </r>
       <r>    23.3942     0.0000    23.9259 </r>
       <r>    23.5793     0.0000    23.9259 </r>
       <r>    23.7644     0.0000    23.9259 </r>
       <r>    23.9495     0.0000    23.9259 </r>
       <r>    24.1346     0.0000    23.9259 </r>
       <r>    24.3197     0.0000    23.9259 </r>
       <r>    24.5048     0.0000    23.9259 </r>
       <r>    24.6899     0.0000    23.9259 </r>
       <r>    24.8750     0.0000    23.9259 </r>
       <r>    25.0601     0.0000    23.9259 </r>
       <r>    25.2452     2.9793    24.4774 </r>
       <r>    25.4303     1.8231    24.8148 </r>
       <r>    25.6153     1.2410    25.0445 </r>
       <r>    25.8004     5.1622    26.0000 </r>
       <r>    25.9855     1.6772    26.3104 </r>
       <r>    26.1706     1.5245    26.5926 </r>
       <r>    26.3557     0.0000    26.5926 </r>
       <r>    26.5408     0.0000    26.5926 </r>
       <r>    26.7259     0.0000    26.5926 </r>
       <r>    26.9110     0.0000    26.5926 </r>
       <r>    27.0961     0.0000    26.5926 </r>
       <r>    27.2812     0.0000    26.5926 </r>
       <r>    27.4663     0.0000    26.5926 </r>
       <r>    27.6514     0.0000    26.5926 </r>
       <r>    27.8364     0.0000    26.5926 </r>
       <r>    28.0215     0.0000    26.5926 </r>
       <r>    28.2066     0.0000    26.5926 </r>
       <r>    28.3917     0.0000    26.5926 </r>
       <r>    28.5768     0.0000    26.5926 </r>
       <r>    28.7619     0.0000    26.5926 </r>
       <r>    28.9470     0.0000    26.5926 </r>
       <r>    29.1321     0.0000    26.5926 </r>
       <r>    29.3172     0.0001    26.5926 </r>
       <r>    29.5023     4.2201    27.3737 </r>
       <r>    29.6874     0.5822    27.4815 </r>
       <r>    29.8725     0.3233    27.5413 </r>
       <r>    30.0575     0.8773    27.7037 </r>
       <r>    30.2426     0.0000    27.7037 </r>
       <r>    30.4277     0.0000    27.7037 </r>
       <r>    30.6128     0.0000    27.7037 </r>
       <r>    30.7979     0.0000    27.7037 </r>
       <r>    30.9830     2.0708    28.0870 </r>
       <r>    31.1681     4.3325    28.8889 </r>
       <r>    31.3532     2.0944    29.2766 </r>
       <r>    31.5383     5.1965    30.2384 </r>
       <r>    31.7234     4.7142    31.1109 </r>
       <r>    31.9085     0.0009    31.1111 </r>
       <r>    32.0936     0.0000    31.1111 </r>
       <r>    32.2787     0.0000    31.1111 </r>
       <r>    32.4637     0.0000    31.1111 </r>
       <r>    32.6488     1.8166    31.4473 </r>
       <r>    32.8339     0.5846    31.5556 </r>
       <r>    33.0190     0.0000    31.5556 </r>
       <r>    33.2041     0.0000    31.5556 </r>
       <r>    33.3892     0.0000    31.5556 </r>
       <r>    33.5743     0.0000    31.5556 </r>
       <r>    33.7594     0.0000    31.5556 </r>
       <r>    33.9445     0.0000    31.5556 </r>
       <r>    34.1296     0.0000    31.5556 </r>
       <r>    34.3147     0.0000    31.5556 </r>
       <r>    34.4998     0.0000    31.5556 </r>
       <r>    34.6848     0.0000    31.5556 </r>
       <r>    34.8699     0.0000    31.5556 </r>
       <r>    35.0550     0.0000    31.5556 </r>
       <r>    35.2401     0.0000    31.5556 </r>
       <r>    35.4252     0.0000    31.5556 </r>
       <r>    35.6103     0.0684    31.5682 </r>
       <r>    35.7954     2.3318    31.9998 </r>
       <r>    35.9805     0.0010    32.0000 </r>
       <r>    36.1656     0.0000    32.0000 </r>
       <r>    36.3507     0.0000    32.0000 </r>
       <r>    36.5358     0.0000    32.0000 </r>
       <r>    36.7209     0.0000    32.0000 </r>
       <r>    36.9059     0.0000    32.0000 </r>
       <r>    37.0910     0.0000    32.0000 </r>
       <r>    37.2761     0.0000    32.0000 </r>
       <r>    37.4612     0.0000    32.0000 </r>
       <r>    37.6463     0.0000    32.0000 </r>
       <r>    37.8314     0.0000    32.0000 </r>
       <r>    38.0165     0.0000    32.0000 </r>
       <r>    38.2016     0.0000    32.0000 </r>
      </set>
     </set>
    </array>
   </total>
  </dos>
 </calculation>
 <structure name="finalpos" >
  <crystal>
   <varray name="basis" >
    <v>       2.65427654      -0.00000001      -0.00000001 </v>
    <v>       0.00000019       2.65427654      -0.00000001 </v>
    <v>       0.00000019       0.00000019       2.65427654 </v>
   </varray>
   <i name="volume">     18.69986654 </i>
   <varray name="rec_basis" >
    <v>       0.37675049      -0.00000003      -0.00000003 </v>
    <v>       0.00000000       0.37675049      -0.00000003 </v>
    <v>       0.00000000       0.00000000       0.37675049 </v>
   </varray>
  </crystal>
  <varray name="positions" >
   <v>       0.50000000       0.00000000       0.00000000 </v>
   <v>       0.00000000       0.50000000      -0.00000000 </v>
   <v>      -0.00000000      -0.00000000       0.50000000 </v>
   <v>       0.00000000      -0.00000000      -0.00000000 </v>
  </varray>
 </structure>
</modeling>
