<?xml version="1.0" encoding="ISO-8859-1"?>
<modeling>
 <generator>
  <i name="program" type="string">vasp </i>
  <i name="version" type="string">5.4.4.18Apr17-6-g9f103f2a35  </i>
  <i name="subversion" type="string">(build Nov 14 2022 07:55:26) complex            parallel </i>
  <i name="platform" type="string">LinuxIFC </i>
  <i name="date" type="string">2023 04 13 </i>
  <i name="time" type="string">16:42:36 </i>
 </generator>
 <incar>
  <i type="string" name="SYSTEM"> local optimisation</i>
  <i type="string" name="PREC">accurate</i>
  <i type="int" name="IBRION">     2</i>
  <i name="EDIFF">      0.00001000</i>
  <i type="int" name="NSW">   200</i>
  <i type="int" name="ISIF">     3</i>
  <i name="SYMPREC">      0.00010000</i>
  <i name="ENCUT">    600.00000000</i>
  <i name="POTIM">      0.10000000</i>
  <i type="int" name="ISMEAR">     0</i>
  <i name="SIGMA">      0.05000000</i>
  <i name="KSPACING">      0.50000000</i>
  <i name="PSTRESS">   3000.00000000</i>
  <i type="logical" name="LWAVE"> F  </i>
  <i type="logical" name="LCHARG"> F  </i>
  <v type="int" name="KPOINT_BSE">    -1     0     0     0</v>
 </incar>
 <structure name="primitive_cell" >
  <crystal>
   <varray name="basis" >
    <v>       4.30887063       0.00000000       0.00000000 </v>
    <v>       0.00000033       4.30887063       0.00000000 </v>
    <v>       0.00000033       0.00000033       4.30887063 </v>
   </varray>
   <i name="volume">     80.00006955 </i>
   <varray name="rec_basis" >
    <v>       0.23207937      -0.00000002      -0.00000002 </v>
    <v>       0.00000000       0.23207937      -0.00000002 </v>
    <v>       0.00000000       0.00000000       0.23207937 </v>
   </varray>
  </crystal>
  <varray name="positions" >
   <v>      -0.50000000      -0.50000000      -0.50000000 </v>
   <v>       0.00000000      -0.50000000      -0.50000000 </v>
   <v>      -0.50000000       0.00000000      -0.50000000 </v>
   <v>      -0.50000000      -0.50000000       0.00000000 </v>
  </varray>
 </structure>
 <varray name="primitive_index" >
  <v type="int" >        1 </v>
  <v type="int" >        2 </v>
  <v type="int" >        3 </v>
  <v type="int" >        4 </v>
 </varray>
 <kpoints>
  <generation param="Gamma">
   <v type="int" name="divisions">       3        3        3 </v>
   <v name="usershift">      0.00000000       0.00000000       0.00000000 </v>
   <v name="genvec1">      0.33333333       0.00000000       0.00000000 </v>
   <v name="genvec2">      0.00000000       0.33333333       0.00000000 </v>
   <v name="genvec3">      0.00000000       0.00000000       0.33333333 </v>
   <v name="shift">      0.00000000       0.00000000       0.00000000 </v>
  </generation>
  <varray name="kpointlist" >
   <v>       0.00000000       0.00000000       0.00000000 </v>
   <v>       0.33333333       0.00000000      -0.00000000 </v>
   <v>       0.33333333       0.33333333       0.00000000 </v>
   <v>       0.33333333       0.33333333       0.33333333 </v>
  </varray>
  <varray name="weights" >
   <v>       0.03703704 </v>
   <v>       0.22222222 </v>
   <v>       0.44444444 </v>
   <v>       0.29629630 </v>
  </varray>
 </kpoints>
 <parameters>
  <separator name="general" >
   <i type="string" name="SYSTEM">local optimisation</i>
   <i type="logical" name="LCOMPAT"> F  </i>
  </separator>
  <separator name="electronic" >
   <i type="string" name="PREC">accura</i>
   <i name="ENMAX">    600.00000000</i>
   <i name="ENAUG">    627.11200000</i>
   <i name="EDIFF">      0.00001000</i>
   <i type="int" name="IALGO">    38</i>
   <i type="int" name="IWAVPR">    11</i>
   <i type="int" name="NBANDS">    16</i>
   <i name="NELECT">     18.00000000</i>
   <i type="int" name="TURBO">     0</i>
   <i type="int" name="IRESTART">     0</i>
   <i type="int" name="NREBOOT">     0</i>
   <i type="int" name="NMIN">     0</i>
   <i name="EREF">      0.00000000</i>
   <separator name="electronic smearing" >
    <i type="int" name="ISMEAR">     0</i>
    <i name="SIGMA">      0.05000000</i>
    <i name="KSPACING">      0.50000000</i>
    <i type="logical" name="KGAMMA"> T  </i>
   </separator>
   <separator name="electronic projectors" >
    <i type="logical" name="LREAL"> F  </i>
    <v name="ROPT">      0.00000000      0.00000000</v>
    <i type="int" name="LMAXPAW">  -100</i>
    <i type="int" name="LMAXMIX">     2</i>
    <i type="logical" name="NLSPLINE"> F  </i>
   </separator>
   <separator name="electronic startup" >
    <i type="int" name="ISTART">     0</i>
    <i type="int" name="ICHARG">     2</i>
    <i type="int" name="INIWAV">     1</i>
   </separator>
   <separator name="electronic spin" >
    <i type="int" name="ISPIN">     1</i>
    <i type="logical" name="LNONCOLLINEAR"> F  </i>
    <v name="MAGMOM">      1.00000000      1.00000000      1.00000000      1.00000000</v>
    <i name="NUPDOWN">     -1.00000000</i>
    <i type="logical" name="LSORBIT"> F  </i>
    <v name="SAXIS">      0.00000000      0.00000000      1.00000000</v>
    <i type="logical" name="LSPIRAL"> F  </i>
    <v name="QSPIRAL">      0.00000000      0.00000000      0.00000000</v>
    <i type="logical" name="LZEROZ"> F  </i>
   </separator>
   <separator name="electronic exchange-correlation" >
    <i type="logical" name="LASPH"> F  </i>
    <i type="logical" name="LMETAGGA"> F  </i>
   </separator>
   <separator name="electronic convergence" >
    <i type="int" name="NELM">    60</i>
    <i type="int" name="NELMDL">     0</i>
    <i type="int" name="NELMIN">     2</i>
    <i name="ENINI">    600.00000000</i>
    <separator name="electronic convergence detail" >
     <i type="logical" name="LDIAG"> T  </i>
     <i type="logical" name="LSUBROT"> F  </i>
     <i name="WEIMIN">      0.00100000</i>
     <i name="EBREAK">      0.00000016</i>
     <i name="DEPER">      0.30000000</i>
     <i type="int" name="NRMM">     4</i>
     <i name="TIME">      0.40000000</i>
    </separator>
   </separator>
   <separator name="electronic mixer" >
    <i name="AMIX">      0.40000000</i>
    <i name="BMIX">      1.00000000</i>
    <i name="AMIN">      0.10000000</i>
    <i name="AMIX_MAG">      1.60000000</i>
    <i name="BMIX_MAG">      1.00000000</i>
    <separator name="electronic mixer details" >
     <i type="int" name="IMIX">     4</i>
     <i type="logical" name="MIXFIRST"> F  </i>
     <i type="int" name="MAXMIX">   -45</i>
     <i name="WC">    100.00000000</i>
     <i type="int" name="INIMIX">     1</i>
     <i type="int" name="MIXPRE">     1</i>
     <i type="int" name="MREMOVE">     5</i>
    </separator>
   </separator>
   <separator name="electronic dipolcorrection" >
    <i type="logical" name="LDIPOL"> F  </i>
    <i type="logical" name="LMONO"> F  </i>
    <i type="int" name="IDIPOL">     0</i>
    <i name="EPSILON">      1.00000000</i>
    <v name="DIPOL">   -100.00000000   -100.00000000   -100.00000000</v>
    <i name="EFIELD">      0.00000000</i>
   </separator>
  </separator>
  <separator name="grids" >
   <i type="int" name="NGX">    36</i>
   <i type="int" name="NGY">    36</i>
   <i type="int" name="NGZ">    36</i>
   <i type="int" name="NGXF">    72</i>
   <i type="int" name="NGYF">    72</i>
   <i type="int" name="NGZF">    72</i>
   <i type="logical" name="ADDGRID"> F  </i>
  </separator>
  <separator name="ionic" >
   <i type="int" name="NSW">   200</i>
   <i type="int" name="IBRION">     2</i>
   <i type="int" name="MDALGO">     0</i>
   <i type="int" name="ISIF">     3</i>
   <i name="PSTRESS">   3000.00000000</i>
   <i name="EDIFFG">      0.00010000</i>
   <i type="int" name="NFREE">     1</i>
   <i name="POTIM">      0.10000000</i>
   <i name="SMASS">     -3.00000000</i>
   <i name="SCALEE">      1.00000000</i>
  </separator>
  <separator name="ionic md" >
   <i name="TEBEG">      0.00010000</i>
   <i name="TEEND">      0.00010000</i>
   <i type="int" name="NBLOCK">     1</i>
   <i type="int" name="KBLOCK">   200</i>
   <i type="int" name="NPACO">   256</i>
   <i name="APACO">     16.00000000</i>
  </separator>
  <separator name="symmetry" >
   <i type="int" name="ISYM">     2</i>
   <i name="SYMPREC">      0.00010000</i>
  </separator>
  <separator name="dos" >
   <i type="int" name="LORBIT">     0</i>
   <v name="RWIGS">     -1.00000000     -1.00000000</v>
   <i type="int" name="NEDOS">   301</i>
   <i name="EMIN">     10.00000000</i>
   <i name="EMAX">    -10.00000000</i>
   <i name="EFERMI">      0.00000000</i>
  </separator>
  <separator name="writing" >
   <i type="int" name="NWRITE">     2</i>
   <i type="logical" name="LWAVE"> F  </i>
   <i type="logical" name="LDOWNSAMPLE"> F  </i>
   <i type="logical" name="LCHARG"> F  </i>
   <i type="logical" name="LPARD"> F  </i>
   <i type="logical" name="LVTOT"> F  </i>
   <i type="logical" name="LVHAR"> F  </i>
   <i type="logical" name="LELF"> F  </i>
   <i type="logical" name="LOPTICS"> F  </i>
   <v name="STM">      0.00000000      0.00000000      0.00000000      0.00000000      0.00000000      0.00000000      0.00000000</v>
  </separator>
  <separator name="performance" >
   <i type="int" name="NPAR">    16</i>
   <i type="int" name="NSIM">     4</i>
   <i type="int" name="NBLK">    -1</i>
   <i type="logical" name="LPLANE"> T  </i>
   <i type="logical" name="LSCALAPACK"> T  </i>
   <i type="logical" name="LSCAAWARE"> F  </i>
   <i type="logical" name="LSCALU"> F  </i>
   <i type="logical" name="LASYNC"> F  </i>
   <i type="logical" name="LORBITALREAL"> F  </i>
  </separator>
  <separator name="miscellaneous" >
   <i type="int" name="IDIOT">     3</i>
   <i type="int" name="ISPECIAL">     0</i>
   <i type="logical" name="LMUSIC"> F  </i>
   <v name="POMASS">     10.81100000     14.00100000</v>
   <v name="DARWINR">      0.00000000      0.00000000</v>
   <v name="DARWINV">      1.00000000      1.00000000</v>
   <i type="logical" name="LCORR"> T  </i>
  </separator>
  <i type="logical" name="GGA_COMPAT"> T  </i>
  <i type="logical" name="LBERRY"> F  </i>
  <i type="int" name="ICORELEVEL">     0</i>
  <i type="logical" name="LDAU"> F  </i>
  <i type="int" name="I_CONSTRAINED_M">     0</i>
  <separator name="electronic exchange-correlation" >
   <i type="string" name="GGA">--</i>
   <i type="int" name="VOSKOWN">     0</i>
   <i type="logical" name="LHFCALC"> F  </i>
   <i type="string" name="PRECFOCK"></i>
   <i type="logical" name="LSYMGRAD"> F  </i>
   <i type="logical" name="LHFONE"> F  </i>
   <i type="logical" name="LRHFCALC"> F  </i>
   <i type="logical" name="LTHOMAS"> F  </i>
   <i type="logical" name="LMODELHF"> F  </i>
   <i name="ENCUT4O">     -1.00000000</i>
   <i type="int" name="EXXOEP">     0</i>
   <i type="int" name="FOURORBIT">     0</i>
   <i name="AEXX">      0.00000000</i>
   <i name="HFALPHA">      0.00000000</i>
   <i name="MCALPHA">      0.00000000</i>
   <i name="ALDAX">      1.00000000</i>
   <i name="AGGAX">      1.00000000</i>
   <i name="ALDAC">      1.00000000</i>
   <i name="AGGAC">      1.00000000</i>
   <i type="int" name="NKREDX">     1</i>
   <i type="int" name="NKREDY">     1</i>
   <i type="int" name="NKREDZ">     1</i>
   <i type="logical" name="SHIFTRED"> F  </i>
   <i type="logical" name="ODDONLY"> F  </i>
   <i type="logical" name="EVENONLY"> F  </i>
   <i type="int" name="LMAXFOCK">     0</i>
   <i type="int" name="NMAXFOCKAE">     0</i>
   <i type="logical" name="LFOCKAEDFT"> F  </i>
   <i name="HFSCREEN">      0.00000000</i>
   <i name="HFSCREENC">      0.00000000</i>
   <i type="int" name="NBANDSGWLOW">     0</i>
  </separator>
  <separator name="vdW DFT" >
   <i type="logical" name="LUSE_VDW"> F  </i>
   <i name="Zab_VDW">     -0.84910000</i>
   <i name="PARAM1">      0.12340000</i>
   <i name="PARAM2">      1.00000000</i>
   <i name="PARAM3">      0.00000000</i>
  </separator>
  <separator name="model GW" >
   <i type="int" name="MODEL_GW">     0</i>
   <i name="MODEL_EPS0">     12.00001043</i>
   <i name="MODEL_ALPHA">      1.00000000</i>
  </separator>
  <separator name="linear response parameters" >
   <i type="logical" name="LEPSILON"> F  </i>
   <i type="logical" name="LRPA"> F  </i>
   <i type="logical" name="LNABLA"> F  </i>
   <i type="logical" name="LVEL"> F  </i>
   <i type="int" name="KINTER">     0</i>
   <i name="CSHIFT">      0.10000000</i>
   <i name="OMEGAMAX">     -1.00000000</i>
   <i name="DEG_THRESHOLD">      0.00200000</i>
   <i name="RTIME">     -0.10000000</i>
   <i name="WPLASMAI">      0.00000000</i>
   <v name="DFIELD">      0.00000000      0.00000000      0.00000000</v>
   <v name="WPLASMA">      0.00000000      0.00000000      0.00000000      0.00000000      0.00000000      0.00000000      0.00000000      0.00000000      0.00000000</v>
  </separator>
  <separator name="orbital magnetization" >
   <i type="logical" name="NUCIND"> F  </i>
   <v name="MAGPOS">      0.00000000      0.00000000      0.00000000</v>
   <i type="logical" name="LNICSALL"> T  </i>
   <i type="logical" name="ORBITALMAG"> F  </i>
   <i type="logical" name="LMAGBLOCH"> F  </i>
   <i type="logical" name="LCHIMAG"> F  </i>
   <i type="logical" name="LGAUGE"> T  </i>
   <i type="int" name="MAGATOM">     0</i>
   <v name="MAGDIPOL">      0.00000000      0.00000000      0.00000000</v>
   <v name="AVECCONST">      0.00000000      0.00000000      0.00000000</v>
  </separator>
  <separator name="response functions" >
   <i type="logical" name="LADDER"> F  </i>
   <i type="logical" name="LRPAFORCE"> F  </i>
   <i type="logical" name="LFXC"> F  </i>
   <i type="logical" name="LHARTREE"> T  </i>
   <i type="int" name="IBSE">     0</i>
   <v type="int" name="KPOINT">    -1     0     0     0</v>
   <i type="logical" name="LTCTE"> F  </i>
   <i type="logical" name="LTETE"> F  </i>
   <i type="logical" name="LTRIPLET"> F  </i>
   <i type="logical" name="LFXCEPS"> F  </i>
   <i type="logical" name="LFXHEG"> F  </i>
   <i type="int" name="NATURALO">     2</i>
   <i type="logical" name="L2ORDER"> F  </i>
   <i type="logical" name="LMP2LT"> F  </i>
   <i type="logical" name="LUSEW"> F  </i>
   <i name="ENCUTGW">     -2.00000000</i>
   <i name="ENCUTGWSOFT">     -2.00000000</i>
   <i name="ENCUTLF">     -1.00000000</i>
   <i type="int" name="LMAXMP2">    -1</i>
   <i name="SCISSOR">      0.00000000</i>
   <i type="int" name="NOMEGA">     0</i>
   <i type="int" name="NOMEGAR">     0</i>
   <i type="int" name="NBANDSGW">    -1</i>
   <i type="int" name="NBANDSO">    -1</i>
   <i type="int" name="NBANDSV">    -1</i>
   <i type="int" name="NELM">     1</i>
   <i type="int" name="NELMHF">     1</i>
   <i type="int" name="DIM">     3</i>
   <i type="int" name="ANTIRES">     0</i>
   <i name="OMEGAMAX">    -30.00000000</i>
   <i name="OMEGAMIN">    -30.00000000</i>
   <i name="OMEGATL">   -200.00000000</i>
   <i type="int" name="OMEGAGRID">   140</i>
   <i name="CSHIFT">     -0.10000000</i>
   <i type="logical" name="SELFENERGY"> F  </i>
   <i type="logical" name="LSPECTRAL"> F  </i>
   <i type="logical" name="LSPECTRALGW"> F  </i>
   <i type="logical" name="LSINGLES"> F  </i>
   <i type="logical" name="LFERMIGW"> F  </i>
   <i type="logical" name="ODDONLYGW"> F  </i>
   <i type="logical" name="EVENONLYGW"> F  </i>
   <i type="int" name="NKREDLFX">     1</i>
   <i type="int" name="NKREDLFY">     1</i>
   <i type="int" name="NKREDLFZ">     1</i>
   <i type="int" name="MAXMEM">  2800</i>
   <i type="int" name="TELESCOPE">     0</i>
   <i type="int" name="TAUPAR">     1</i>
   <i type="int" name="OMEGAPAR">    -1</i>
   <i name="LAMBDA">      1.00000000</i>
  </separator>
  <separator name="External order field" >
   <i name="OFIELD_KAPPA">      0.00000000</i>
   <v name="OFIELD_K">      0.00000000      0.00000000      0.00000000</v>
   <i name="OFIELD_Q6_NEAR">      0.00000000</i>
   <i name="OFIELD_Q6_FAR">      0.00000000</i>
   <i name="OFIELD_A">      0.00000000</i>
  </separator>
 </parameters>
 <atominfo>
  <atoms>       4 </atoms>
  <types>       2 </types>
  <array name="atoms" >
   <dimension dim="1">ion</dimension>
   <field type="string">element</field>
   <field type="int">atomtype</field>
   <set>
    <rc><c>B </c><c>   1</c></rc>
    <rc><c>N </c><c>   2</c></rc>
    <rc><c>N </c><c>   2</c></rc>
    <rc><c>N </c><c>   2</c></rc>
   </set>
  </array>
  <array name="atomtypes" >
   <dimension dim="1">type</dimension>
   <field type="int">atomspertype</field>
   <field type="string">element</field>
   <field>mass</field>
   <field>valence</field>
   <field type="string">pseudopotential</field>
   <set>
    <rc><c>   1</c><c>B </c><c>     10.81100000</c><c>      3.00000000</c><c> PAW_PBE B 06Sep2000                    </c></rc>
    <rc><c>   3</c><c>N </c><c>     14.00100000</c><c>      5.00000000</c><c> PAW_PBE N 08Apr2002                    </c></rc>
   </set>
  </array>
 </atominfo>
 <structure name="initialpos" >
  <crystal>
   <varray name="basis" >
    <v>       4.30887063       0.00000000       0.00000000 </v>
    <v>       0.00000033       4.30887063       0.00000000 </v>
    <v>       0.00000033       0.00000033       4.30887063 </v>
   </varray>
   <i name="volume">     80.00006955 </i>
   <varray name="rec_basis" >
    <v>       0.23207937      -0.00000002      -0.00000002 </v>
    <v>       0.00000000       0.23207937      -0.00000002 </v>
    <v>       0.00000000       0.00000000       0.23207937 </v>
   </varray>
  </crystal>
  <varray name="positions" >
   <v>       0.50000000       0.50000000       0.50000000 </v>
   <v>       0.00000000       0.50000000       0.50000000 </v>
   <v>       0.50000000       0.00000000       0.50000000 </v>
   <v>       0.50000000       0.50000000       0.00000000 </v>
  </varray>
 </structure>
 <calculation>
  <scstep>
   <time name="dav">    0.04    0.05</time>
   <time name="total">    0.07    0.09</time>
   <energy>
    <i name="alphaZ">     19.44226145 </i>
    <i name="ewald">   -558.67293138 </i>
    <i name="hartreedc">   -256.34043719 </i>
    <i name="XCdc">     62.24239491 </i>
    <i name="pawpsdc">    349.41088290 </i>
    <i name="pawaedc">   -354.25556748 </i>
    <i name="eentropy">     -0.00995686 </i>
    <i name="bandstr">    -67.96477640 </i>
    <i name="atom">    864.79522456 </i>
    <i name="e_fr_energy">     58.64709452 </i>
    <i name="e_wo_entrp">     58.65705138 </i>
    <i name="e_0_energy">     58.65207295 </i>
   </energy>
  </scstep>
  <scstep>
   <time name="dav">    0.08    0.08</time>
   <time name="total">    0.08    0.08</time>
   <energy>
    <i name="e_fr_energy">    -13.45977544 </i>
    <i name="e_wo_entrp">    -13.45108127 </i>
    <i name="e_0_energy">    -13.45542836 </i>
   </energy>
  </scstep>
  <scstep>
   <time name="dav">    0.04    0.05</time>
   <time name="total">    0.04    0.05</time>
   <energy>
    <i name="e_fr_energy">    -14.79507382 </i>
    <i name="e_wo_entrp">    -14.77422517 </i>
    <i name="e_0_energy">    -14.78464950 </i>
   </energy>
  </scstep>
  <scstep>
   <time name="dav">    0.06    0.06</time>
   <time name="total">    0.06    0.06</time>
   <energy>
    <i name="e_fr_energy">    -14.80470375 </i>
    <i name="e_wo_entrp">    -14.78364010 </i>
    <i name="e_0_energy">    -14.79417193 </i>
   </energy>
  </scstep>
  <scstep>
   <time name="dav">    0.05    0.05</time>
   <time name="total">    0.07    0.07</time>
   <energy>
    <i name="e_fr_energy">    -14.80470859 </i>
    <i name="e_wo_entrp">    -14.78364474 </i>
    <i name="e_0_energy">    -14.79417667 </i>
   </energy>
  </scstep>
  <scstep>
   <time name="dav">    0.04    0.04</time>
   <time name="total">    0.07    0.07</time>
   <energy>
    <i name="e_fr_energy">    -14.60200358 </i>
    <i name="e_wo_entrp">    -14.57996950 </i>
    <i name="e_0_energy">    -14.59098654 </i>
   </energy>
  </scstep>
  <scstep>
   <time name="dav">    0.05    0.05</time>
   <time name="total">    0.08    0.08</time>
   <energy>
    <i name="e_fr_energy">    -14.58342786 </i>
    <i name="e_wo_entrp">    -14.56158858 </i>
    <i name="e_0_energy">    -14.57250822 </i>
   </energy>
  </scstep>
  <scstep>
   <time name="dav">    0.05    0.05</time>
   <time name="total">    0.08    0.08</time>
   <energy>
    <i name="e_fr_energy">    -14.57995908 </i>
    <i name="e_wo_entrp">    -14.55824875 </i>
    <i name="e_0_energy">    -14.56910391 </i>
   </energy>
  </scstep>
  <scstep>
   <time name="dav">    0.05    0.05</time>
   <time name="total">    0.08    0.08</time>
   <energy>
    <i name="e_fr_energy">    -14.58008743 </i>
    <i name="e_wo_entrp">    -14.55848418 </i>
    <i name="e_0_energy">    -14.56928581 </i>
   </energy>
  </scstep>
  <scstep>
   <time name="dav">    0.05    0.05</time>
   <time name="total">    0.08    0.08</time>
   <energy>
    <i name="e_fr_energy">    -14.58005009 </i>
    <i name="e_wo_entrp">    -14.55845661 </i>
    <i name="e_0_energy">    -14.56925335 </i>
   </energy>
  </scstep>
  <scstep>
   <time name="dav">    0.04    0.04</time>
   <time name="total">    0.05    0.05</time>
   <energy>
    <i name="alphaZ">     19.44226145 </i>
    <i name="ewald">   -558.67293138 </i>
    <i name="hartreedc">   -255.12094636 </i>
    <i name="XCdc">     62.07245947 </i>
    <i name="pawpsdc">    354.70639857 </i>
    <i name="pawaedc">   -359.35927879 </i>
    <i name="eentropy">     -0.02160260 </i>
    <i name="bandstr">   -142.42163531 </i>
    <i name="atom">    864.79522456 </i>
    <i name="e_fr_energy">    -14.58005039 </i>
    <i name="e_wo_entrp">    -14.55844778 </i>
    <i name="e_0_energy">    -14.56924908 </i>
   </energy>
  </scstep>
  <structure>
   <crystal>
    <varray name="basis" >
     <v>       4.30887063       0.00000000       0.00000000 </v>
     <v>       0.00000033       4.30887063       0.00000000 </v>
     <v>       0.00000033       0.00000033       4.30887063 </v>
    </varray>
    <i name="volume">     80.00006955 </i>
    <varray name="rec_basis" >
     <v>       0.23207937      -0.00000002      -0.00000002 </v>
     <v>       0.00000000       0.23207937      -0.00000002 </v>
     <v>       0.00000000       0.00000000       0.23207937 </v>
    </varray>
   </crystal>
   <varray name="positions" >
    <v>       0.50000000       0.50000000       0.50000000 </v>
    <v>       0.00000000       0.50000000       0.50000000 </v>
    <v>       0.50000000       0.00000000       0.50000000 </v>
    <v>       0.50000000       0.50000000       0.00000000 </v>
   </varray>
  </structure>
  <varray name="forces" >
   <v>       0.00000000       0.00000000       0.00000000 </v>
   <v>      -0.00000000       0.00000000       0.00000000 </v>
   <v>       0.00000000       0.00000000       0.00000000 </v>
   <v>      -0.00000000      -0.00000000       0.00000000 </v>
  </varray>
  <varray name="stress" >
   <v>    -248.16126398      -0.00001874      -0.00001874 </v>
   <v>      -0.00001874    -248.16126398      -0.00001874 </v>
   <v>      -0.00001874      -0.00001874    -248.16126398 </v>
  </varray>
  <energy>
   <i name="e_fr_energy">    135.21623256 </i>
   <i name="e_wo_entrp">    135.22703386 </i>
   <i name="e_0_energy">     -0.02160260 </i>
  </energy>
  <time name="totalsc">    0.91    0.97</time>
 </calculation>
 <calculation>
  <scstep>
   <time name="dav">    0.07    0.07</time>
   <time name="total">    0.11    0.12</time>
   <energy>
    <i name="alphaZ">     86.17094512 </i>
    <i name="ewald">   -917.68927334 </i>
    <i name="hartreedc">   -419.06310656 </i>
    <i name="XCdc">     99.38139938 </i>
    <i name="pawpsdc">    354.67611612 </i>
    <i name="pawaedc">   -359.32893236 </i>
    <i name="eentropy">     -0.00000000 </i>
    <i name="bandstr">    167.43840845 </i>
    <i name="atom">    864.79522456 </i>
    <i name="e_fr_energy">   -123.61921863 </i>
    <i name="e_wo_entrp">   -123.61921863 </i>
    <i name="e_0_energy">   -123.61921863 </i>
   </energy>
  </scstep>
  <scstep>
   <time name="dav">    0.04    0.04</time>
   <time name="total">    0.08    0.08</time>
   <energy>
    <i name="e_fr_energy">    -29.02655814 </i>
    <i name="e_wo_entrp">    -29.02172279 </i>
    <i name="e_0_energy">    -29.02414047 </i>
   </energy>
  </scstep>
  <scstep>
   <time name="dav">    0.04    0.04</time>
   <time name="total">    0.07    0.07</time>
   <energy>
    <i name="e_fr_energy">     -9.14237294 </i>
    <i name="e_wo_entrp">     -9.13238247 </i>
    <i name="e_0_energy">     -9.13737771 </i>
   </energy>
  </scstep>
  <scstep>
   <time name="dav">    0.05    0.05</time>
   <time name="total">    0.08    0.08</time>
   <energy>
    <i name="e_fr_energy">     -8.61218690 </i>
    <i name="e_wo_entrp">     -8.60220014 </i>
    <i name="e_0_energy">     -8.60719352 </i>
   </energy>
  </scstep>
  <scstep>
   <time name="dav">    0.05    0.05</time>
   <time name="total">    0.08    0.09</time>
   <energy>
    <i name="e_fr_energy">     -8.48039696 </i>
    <i name="e_wo_entrp">     -8.47041021 </i>
    <i name="e_0_energy">     -8.47540358 </i>
   </energy>
  </scstep>
  <scstep>
   <time name="dav">    0.06    0.06</time>
   <time name="total">    0.09    0.09</time>
   <energy>
    <i name="e_fr_energy">     -8.46554393 </i>
    <i name="e_wo_entrp">     -8.45555717 </i>
    <i name="e_0_energy">     -8.46055055 </i>
   </energy>
  </scstep>
  <scstep>
   <time name="dav">    0.05    0.05</time>
   <time name="total">    0.08    0.09</time>
   <energy>
    <i name="e_fr_energy">     -8.46490792 </i>
    <i name="e_wo_entrp">     -8.45492117 </i>
    <i name="e_0_energy">     -8.45991455 </i>
   </energy>
  </scstep>
  <scstep>
   <time name="dav">    0.04    0.04</time>
   <time name="total">    0.08    0.08</time>
   <energy>
    <i name="e_fr_energy">     -8.46484240 </i>
    <i name="e_wo_entrp">     -8.45485564 </i>
    <i name="e_0_energy">     -8.45984902 </i>
   </energy>
  </scstep>
  <scstep>
   <time name="dav">    0.05    0.05</time>
   <time name="total">    0.08    0.08</time>
   <energy>
    <i name="e_fr_energy">     -8.46481905 </i>
    <i name="e_wo_entrp">     -8.45483230 </i>
    <i name="e_0_energy">     -8.45982568 </i>
   </energy>
  </scstep>
  <scstep>
   <time name="dav">    0.04    0.04</time>
   <time name="total">    0.06    0.16</time>
   <energy>
    <i name="alphaZ">     86.17094512 </i>
    <i name="ewald">   -917.68927334 </i>
    <i name="hartreedc">   -143.10820782 </i>
    <i name="XCdc">     77.40768356 </i>
    <i name="pawpsdc">    625.28022449 </i>
    <i name="pawaedc">   -631.23735511 </i>
    <i name="eentropy">     -0.00998675 </i>
    <i name="bandstr">     29.92592683 </i>
    <i name="atom">    864.79522456 </i>
    <i name="e_fr_energy">     -8.46481848 </i>
    <i name="e_wo_entrp">     -8.45483172 </i>
    <i name="e_0_energy">     -8.45982510 </i>
   </energy>
  </scstep>
  <structure>
   <crystal>
    <varray name="basis" >
     <v>       2.62316391      -0.00000001      -0.00000001 </v>
     <v>       0.00000019       2.62316391      -0.00000001 </v>
     <v>       0.00000019       0.00000019       2.62316391 </v>
    </varray>
    <i name="volume">     18.04996180 </i>
    <varray name="rec_basis" >
     <v>       0.38121903      -0.00000003      -0.00000003 </v>
     <v>       0.00000000       0.38121903      -0.00000003 </v>
     <v>       0.00000000       0.00000000       0.38121903 </v>
    </varray>
   </crystal>
   <varray name="positions" >
    <v>       0.50000000       0.50000000       0.50000000 </v>
    <v>      -0.00000000       0.50000000       0.50000000 </v>
    <v>       0.50000000       0.00000000       0.50000000 </v>
    <v>       0.50000000       0.50000000       0.00000000 </v>
   </varray>
  </structure>
  <varray name="forces" >
   <v>      -0.00000000      -0.00000000      -0.00000000 </v>
   <v>      -0.00000000       0.00000000      -0.00000000 </v>
   <v>       0.00000000      -0.00000000       0.00000000 </v>
   <v>      -0.00000000       0.00000000      -0.00000000 </v>
  </varray>
  <varray name="stress" >
   <v>    4299.30238238       0.00029272       0.00029272 </v>
   <v>       0.00029272    4299.30238238       0.00029272 </v>
   <v>       0.00029272       0.00029272    4299.30238238 </v>
  </varray>
  <energy>
   <i name="e_fr_energy">     25.33286696 </i>
   <i name="e_wo_entrp">     25.33786034 </i>
   <i name="e_0_energy">     -0.00998675 </i>
  </energy>
  <time name="totalsc">    1.01    1.20</time>
 </calculation>
 <calculation>
  <scstep>
   <time name="dav">    0.04    0.04</time>
   <time name="total">    0.07    0.09</time>
   <energy>
    <i name="alphaZ">     78.29941090 </i>
    <i name="ewald">   -888.84943658 </i>
    <i name="hartreedc">   -138.61421584 </i>
    <i name="XCdc">     75.09050699 </i>
    <i name="pawpsdc">    625.28750878 </i>
    <i name="pawaedc">   -631.24466947 </i>
    <i name="eentropy">     -0.00998675 </i>
    <i name="bandstr">      2.39274823 </i>
    <i name="atom">    864.79522456 </i>
    <i name="e_fr_energy">    -12.85290918 </i>
    <i name="e_wo_entrp">    -12.84292243 </i>
    <i name="e_0_energy">    -12.84791580 </i>
   </energy>
  </scstep>
  <scstep>
   <time name="dav">    0.04    0.04</time>
   <time name="total">    0.07    0.08</time>
   <energy>
    <i name="e_fr_energy">    -12.65508071 </i>
    <i name="e_wo_entrp">    -12.64509396 </i>
    <i name="e_0_energy">    -12.65008733 </i>
   </energy>
  </scstep>
  <scstep>
   <time name="dav">    0.04    0.04</time>
   <time name="total">    0.07    0.07</time>
   <energy>
    <i name="e_fr_energy">    -12.60393517 </i>
    <i name="e_wo_entrp">    -12.59394842 </i>
    <i name="e_0_energy">    -12.59894179 </i>
   </energy>
  </scstep>
  <scstep>
   <time name="dav">    0.04    0.04</time>
   <time name="total">    0.08    0.08</time>
   <energy>
    <i name="e_fr_energy">    -12.60340215 </i>
    <i name="e_wo_entrp">    -12.59341540 </i>
    <i name="e_0_energy">    -12.59840878 </i>
   </energy>
  </scstep>
  <scstep>
   <time name="dav">    0.04    0.04</time>
   <time name="total">    0.07    0.07</time>
   <energy>
    <i name="e_fr_energy">    -12.60327927 </i>
    <i name="e_wo_entrp">    -12.59329252 </i>
    <i name="e_0_energy">    -12.59828589 </i>
   </energy>
  </scstep>
  <scstep>
   <time name="dav">    0.05    0.05</time>
   <time name="total">    0.07    0.07</time>
   <energy>
    <i name="alphaZ">     78.29941090 </i>
    <i name="ewald">   -888.84943658 </i>
    <i name="hartreedc">   -148.29976134 </i>
    <i name="XCdc">     75.85219954 </i>
    <i name="pawpsdc">    581.09915020 </i>
    <i name="pawaedc">   -586.88167005 </i>
    <i name="eentropy">     -0.00998675 </i>
    <i name="bandstr">     11.39159531 </i>
    <i name="atom">    864.79522456 </i>
    <i name="e_fr_energy">    -12.60327421 </i>
    <i name="e_wo_entrp">    -12.59328746 </i>
    <i name="e_0_energy">    -12.59828083 </i>
   </energy>
  </scstep>
  <structure>
   <crystal>
    <varray name="basis" >
     <v>       2.70827576      -0.00000001      -0.00000001 </v>
     <v>       0.00000020       2.70827576      -0.00000001 </v>
     <v>       0.00000020       0.00000020       2.70827576 </v>
    </varray>
    <i name="volume">     19.86454623 </i>
    <varray name="rec_basis" >
     <v>       0.36923862      -0.00000003      -0.00000003 </v>
     <v>       0.00000000       0.36923862      -0.00000003 </v>
     <v>       0.00000000       0.00000000       0.36923862 </v>
    </varray>
   </crystal>
   <varray name="positions" >
    <v>       0.50000000       0.50000000       0.50000000 </v>
    <v>      -0.00000000       0.50000000       0.50000000 </v>
    <v>       0.50000000       0.00000000       0.50000000 </v>
    <v>       0.50000000       0.50000000       0.00000000 </v>
   </varray>
  </structure>
  <varray name="forces" >
   <v>      -0.00000000       0.00000000      -0.00000000 </v>
   <v>      -0.00000000       0.00000000      -0.00000000 </v>
   <v>       0.00000000      -0.00000000       0.00000000 </v>
   <v>      -0.00000000      -0.00000000      -0.00000000 </v>
  </varray>
  <varray name="stress" >
   <v>    3079.33664309       0.00021149       0.00021149 </v>
   <v>       0.00021149    3079.33664309       0.00021149 </v>
   <v>       0.00021149       0.00021149    3079.33664309 </v>
  </varray>
  <energy>
   <i name="e_fr_energy">     24.59213331 </i>
   <i name="e_wo_entrp">     24.59712668 </i>
   <i name="e_0_energy">     -0.00998675 </i>
  </energy>
  <time name="totalsc">    0.61    0.67</time>
 </calculation>
 <calculation>
  <scstep>
   <time name="dav">    0.04    0.04</time>
   <time name="total">    0.07    0.08</time>
   <energy>
    <i name="alphaZ">     77.46845197 </i>
    <i name="ewald">   -885.69391816 </i>
    <i name="hartreedc">   -147.76715500 </i>
    <i name="XCdc">     75.59548206 </i>
    <i name="pawpsdc">    581.14326073 </i>
    <i name="pawaedc">   -586.92636069 </i>
    <i name="eentropy">     -0.00998675 </i>
    <i name="bandstr">      8.38676548 </i>
    <i name="atom">    864.79522456 </i>
    <i name="e_fr_energy">    -13.00823581 </i>
    <i name="e_wo_entrp">    -12.99824906 </i>
    <i name="e_0_energy">    -13.00324244 </i>
   </energy>
  </scstep>
  <scstep>
   <time name="dav">    0.04    0.04</time>
   <time name="total">    0.07    0.08</time>
   <energy>
    <i name="e_fr_energy">    -13.00564902 </i>
    <i name="e_wo_entrp">    -12.99566227 </i>
    <i name="e_0_energy">    -13.00065565 </i>
   </energy>
  </scstep>
  <scstep>
   <time name="dav">    0.04    0.04</time>
   <time name="total">    0.07    0.07</time>
   <energy>
    <i name="e_fr_energy">    -13.00498579 </i>
    <i name="e_wo_entrp">    -12.99499903 </i>
    <i name="e_0_energy">    -12.99999241 </i>
   </energy>
  </scstep>
  <scstep>
   <time name="dav">    0.04    0.04</time>
   <time name="total">    0.06    0.06</time>
   <energy>
    <i name="alphaZ">     77.46845197 </i>
    <i name="ewald">   -885.69391816 </i>
    <i name="hartreedc">   -148.86796107 </i>
    <i name="XCdc">     75.68194510 </i>
    <i name="pawpsdc">    576.65799978 </i>
    <i name="pawaedc">   -582.42361131 </i>
    <i name="eentropy">     -0.00998675 </i>
    <i name="bandstr">      9.38687886 </i>
    <i name="atom">    864.79522456 </i>
    <i name="e_fr_energy">    -13.00497702 </i>
    <i name="e_wo_entrp">    -12.99499026 </i>
    <i name="e_0_energy">    -12.99998364 </i>
   </energy>
  </scstep>
  <structure>
   <crystal>
    <varray name="basis" >
     <v>       2.71792471      -0.00000001      -0.00000001 </v>
     <v>       0.00000020       2.71792471      -0.00000001 </v>
     <v>       0.00000020       0.00000020       2.71792471 </v>
    </varray>
    <i name="volume">     20.07762164 </i>
    <varray name="rec_basis" >
     <v>       0.36792778      -0.00000003      -0.00000003 </v>
     <v>       0.00000000       0.36792778      -0.00000003 </v>
     <v>       0.00000000       0.00000000       0.36792778 </v>
    </varray>
   </crystal>
   <varray name="positions" >
    <v>       0.50000000       0.50000000       0.50000000 </v>
    <v>      -0.00000000       0.50000000       0.50000000 </v>
    <v>       0.50000000       0.00000000       0.50000000 </v>
    <v>       0.50000000       0.50000000       0.00000000 </v>
   </varray>
  </structure>
  <varray name="forces" >
   <v>      -0.00000000       0.00000000      -0.00000000 </v>
   <v>       0.00000000       0.00000000      -0.00000000 </v>
   <v>      -0.00000000       0.00000000       0.00000000 </v>
   <v>       0.00000000      -0.00000000       0.00000000 </v>
  </varray>
  <varray name="stress" >
   <v>    2963.52390170       0.00020373       0.00020373 </v>
   <v>       0.00020373    2963.52390170       0.00020373 </v>
   <v>       0.00020373       0.00020373    2963.52390170 </v>
  </varray>
  <energy>
   <i name="e_fr_energy">     24.58940395 </i>
   <i name="e_wo_entrp">     24.59439733 </i>
   <i name="e_0_energy">     -0.00998675 </i>
  </energy>
  <time name="totalsc">    0.45    0.52</time>
 </calculation>
 <calculation>
  <scstep>
   <time name="dav">    0.04    0.04</time>
   <time name="total">    0.07    0.08</time>
   <energy>
    <i name="alphaZ">     77.73080653 </i>
    <i name="ewald">   -886.69262157 </i>
    <i name="hartreedc">   -149.05584670 </i>
    <i name="XCdc">     75.76485416 </i>
    <i name="pawpsdc">    576.63069199 </i>
    <i name="pawaedc">   -582.39630136 </i>
    <i name="eentropy">     -0.00998675 </i>
    <i name="bandstr">     10.35395207 </i>
    <i name="atom">    864.79522456 </i>
    <i name="e_fr_energy">    -12.87922707 </i>
    <i name="e_wo_entrp">    -12.86924032 </i>
    <i name="e_0_energy">    -12.87423369 </i>
   </energy>
  </scstep>
  <scstep>
   <time name="dav">    0.04    0.06</time>
   <time name="total">    0.08    0.09</time>
   <energy>
    <i name="e_fr_energy">    -12.87897308 </i>
    <i name="e_wo_entrp">    -12.86898633 </i>
    <i name="e_0_energy">    -12.87397971 </i>
   </energy>
  </scstep>
  <scstep>
   <time name="dav">    0.04    0.04</time>
   <time name="total">    0.07    0.07</time>
   <energy>
    <i name="e_fr_energy">    -12.87891104 </i>
    <i name="e_wo_entrp">    -12.86892429 </i>
    <i name="e_0_energy">    -12.87391767 </i>
   </energy>
  </scstep>
  <scstep>
   <time name="dav">    0.04    0.04</time>
   <time name="total">    0.06    0.06</time>
   <energy>
    <i name="alphaZ">     77.73080653 </i>
    <i name="ewald">   -886.69262157 </i>
    <i name="hartreedc">   -148.70789120 </i>
    <i name="XCdc">     75.73750836 </i>
    <i name="pawpsdc">    577.92100496 </i>
    <i name="pawaedc">   -583.69192002 </i>
    <i name="eentropy">     -0.00998675 </i>
    <i name="bandstr">     10.03896392 </i>
    <i name="atom">    864.79522456 </i>
    <i name="e_fr_energy">    -12.87891122 </i>
    <i name="e_wo_entrp">    -12.86892446 </i>
    <i name="e_0_energy">    -12.87391784 </i>
   </energy>
  </scstep>
  <structure>
   <crystal>
    <varray name="basis" >
     <v>       2.71486344      -0.00000001      -0.00000001 </v>
     <v>       0.00000020       2.71486344      -0.00000001 </v>
     <v>       0.00000020       0.00000020       2.71486344 </v>
    </varray>
    <i name="volume">     20.00985629 </i>
    <varray name="rec_basis" >
     <v>       0.36834265      -0.00000003      -0.00000003 </v>
     <v>       0.00000000       0.36834265      -0.00000003 </v>
     <v>       0.00000000       0.00000000       0.36834265 </v>
    </varray>
   </crystal>
   <varray name="positions" >
    <v>       0.50000000       0.50000000       0.50000000 </v>
    <v>      -0.00000000       0.50000000       0.50000000 </v>
    <v>       0.50000000       0.00000000       0.50000000 </v>
    <v>       0.50000000       0.50000000       0.00000000 </v>
   </varray>
  </structure>
  <varray name="forces" >
   <v>       0.00000000      -0.00000000      -0.00000000 </v>
   <v>      -0.00000000       0.00000000      -0.00000000 </v>
   <v>      -0.00000000       0.00000000      -0.00000000 </v>
   <v>      -0.00000000      -0.00000000       0.00000000 </v>
  </varray>
  <varray name="stress" >
   <v>    2998.83857524       0.00020609       0.00020609 </v>
   <v>       0.00020609    2998.83857524       0.00020609 </v>
   <v>       0.00020609       0.00020609    2998.83857524 </v>
  </varray>
  <energy>
   <i name="e_fr_energy">     24.58858239 </i>
   <i name="e_wo_entrp">     24.59357577 </i>
   <i name="e_0_energy">     -0.00998675 </i>
  </energy>
  <time name="totalsc">    0.44    0.51</time>
  <eigenvalues>
   <array>
    <dimension dim="1">band</dimension>
    <dimension dim="2">kpoint</dimension>
    <dimension dim="3">spin</dimension>
    <field>eigene</field>
    <field>occ</field>
    <set>
     <set comment="spin 1">
      <set comment="kpoint 1">
       <r>  -15.2723    1.0000 </r>
       <r>   -2.5188    1.0000 </r>
       <r>   -2.5188    1.0000 </r>
       <r>   -2.5188    1.0000 </r>
       <r>   -0.1585    1.0000 </r>
       <r>   -0.1585    1.0000 </r>
       <r>   11.3760    0.0000 </r>
       <r>   11.3760    0.0000 </r>
       <r>   11.3760    0.0000 </r>
       <r>   12.6329    0.0000 </r>
       <r>   12.6329    0.0000 </r>
       <r>   12.6329    0.0000 </r>
       <r>   16.1005    0.0000 </r>
       <r>   29.9807    0.0000 </r>
       <r>   31.0068    0.0000 </r>
       <r>   31.0068    0.0000 </r>
      </set>
      <set comment="kpoint 2">
       <r>  -13.8292    1.0000 </r>
       <r>   -8.3251    1.0000 </r>
       <r>   -1.5517    1.0000 </r>
       <r>   -1.5517    1.0000 </r>
       <r>    0.4286    1.0000 </r>
       <r>    5.8431    1.0000 </r>
       <r>    8.6516    1.0000 </r>
       <r>    8.6516    1.0000 </r>
       <r>    9.4949    1.0000 </r>
       <r>   10.8381    0.0000 </r>
       <r>   12.3090    0.0000 </r>
       <r>   12.3090    0.0000 </r>
       <r>   19.5471    0.0000 </r>
       <r>   28.6101    0.0000 </r>
       <r>   32.9956    0.0000 </r>
       <r>   33.9148    0.0000 </r>
      </set>
      <set comment="kpoint 3">
       <r>  -12.3951    1.0000 </r>
       <r>   -7.7867    1.0000 </r>
       <r>   -6.6494    1.0000 </r>
       <r>   -0.5323    1.0000 </r>
       <r>    2.6196    1.0000 </r>
       <r>    3.9388    1.0000 </r>
       <r>    8.8031    1.0000 </r>
       <r>    9.0375    1.0000 </r>
       <r>    9.3044    1.0000 </r>
       <r>   10.5315    0.2500 </r>
       <r>   10.8687    0.0000 </r>
       <r>   14.7284    0.0000 </r>
       <r>   21.8642    0.0000 </r>
       <r>   27.8254    0.0000 </r>
       <r>   28.5114    0.0000 </r>
       <r>   30.5510    0.0000 </r>
      </set>
      <set comment="kpoint 4">
       <r>  -10.9849    1.0000 </r>
       <r>   -6.8049    1.0000 </r>
       <r>   -6.8049    1.0000 </r>
       <r>   -4.2810    1.0000 </r>
       <r>    3.1102    1.0000 </r>
       <r>    3.1102    1.0000 </r>
       <r>    3.5801    1.0000 </r>
       <r>    9.7955    1.0000 </r>
       <r>    9.7955    1.0000 </r>
       <r>   14.7253    0.0000 </r>
       <r>   14.9016    0.0000 </r>
       <r>   14.9016    0.0000 </r>
       <r>   20.2380    0.0000 </r>
       <r>   25.2314    0.0000 </r>
       <r>   30.3694    0.0000 </r>
       <r>   30.3694    0.0000 </r>
      </set>
     </set>
    </set>
   </array>
  </eigenvalues>
  <separator name="orbital magnetization" >
   <v name="MAGDIPOLOUT">      0.00000000      0.00000000      0.00000000</v>
  </separator>
  <dos>
   <i name="efermi">     10.50769793 </i>
   <total>
    <array>
     <dimension dim="1">gridpoints</dimension>
     <dimension dim="2">spin</dimension>
     <field>energy</field>
     <field>total</field>
     <field>integrated</field>
     <set>
      <set comment="spin 1">
       <r>   -17.7317     0.0000     0.0000 </r>
       <r>   -17.5513     0.0000     0.0000 </r>
       <r>   -17.3710     0.0000     0.0000 </r>
       <r>   -17.1906     0.0000     0.0000 </r>
       <r>   -17.0103     0.0000     0.0000 </r>
       <r>   -16.8299     0.0000     0.0000 </r>
       <r>   -16.6496     0.0000     0.0000 </r>
       <r>   -16.4692     0.0000     0.0000 </r>
       <r>   -16.2889     0.0000     0.0000 </r>
       <r>   -16.1085     0.0000     0.0000 </r>
       <r>   -15.9282     0.0000     0.0000 </r>
       <r>   -15.7478     0.0000     0.0000 </r>
       <r>   -15.5674     0.0000     0.0000 </r>
       <r>   -15.3871     0.0002     0.0000 </r>
       <r>   -15.2067     0.3974     0.0717 </r>
       <r>   -15.0264     0.0131     0.0741 </r>
       <r>   -14.8460     0.0000     0.0741 </r>
       <r>   -14.6657     0.0000     0.0741 </r>
       <r>   -14.4853     0.0000     0.0741 </r>
       <r>   -14.3050     0.0000     0.0741 </r>
       <r>   -14.1246     0.0000     0.0741 </r>
       <r>   -13.9443     0.0014     0.0743 </r>
       <r>   -13.7639     2.3831     0.5041 </r>
       <r>   -13.5836     0.0798     0.5185 </r>
       <r>   -13.4032     0.0000     0.5185 </r>
       <r>   -13.2229     0.0000     0.5185 </r>
       <r>   -13.0425     0.0000     0.5185 </r>
       <r>   -12.8622     0.0000     0.5185 </r>
       <r>   -12.6818     0.0000     0.5185 </r>
       <r>   -12.5015     0.0065     0.5197 </r>
       <r>   -12.3211     4.8324     1.3912 </r>
       <r>   -12.1407     0.0897     1.4074 </r>
       <r>   -11.9604     0.0000     1.4074 </r>
       <r>   -11.7800     0.0000     1.4074 </r>
       <r>   -11.5997     0.0000     1.4074 </r>
       <r>   -11.4193     0.0000     1.4074 </r>
       <r>   -11.2390     0.0000     1.4074 </r>
       <r>   -11.0586     0.0610     1.4184 </r>
       <r>   -10.8783     3.2205     1.9992 </r>
       <r>   -10.6979     0.0042     2.0000 </r>
       <r>   -10.5176     0.0000     2.0000 </r>
       <r>   -10.3372     0.0000     2.0000 </r>
       <r>   -10.1569     0.0000     2.0000 </r>
       <r>    -9.9765     0.0000     2.0000 </r>
       <r>    -9.7962     0.0000     2.0000 </r>
       <r>    -9.6158     0.0000     2.0000 </r>
       <r>    -9.4355     0.0000     2.0000 </r>
       <r>    -9.2551     0.0000     2.0000 </r>
       <r>    -9.0748     0.0000     2.0000 </r>
       <r>    -8.8944     0.0000     2.0000 </r>
       <r>    -8.7140     0.0000     2.0000 </r>
       <r>    -8.5337     0.0000     2.0000 </r>
       <r>    -8.3533     0.5225     2.0942 </r>
       <r>    -8.1730     1.9418     2.4444 </r>
       <r>    -7.9926     0.0000     2.4444 </r>
       <r>    -7.8123     1.1574     2.6532 </r>
       <r>    -7.6319     3.7712     3.3333 </r>
       <r>    -7.4516     0.0000     3.3333 </r>
       <r>    -7.2712     0.0000     3.3333 </r>
       <r>    -7.0909     0.0000     3.3333 </r>
       <r>    -6.9105     0.0093     3.3350 </r>
       <r>    -6.7302     6.5041     4.5080 </r>
       <r>    -6.5498     4.9747     5.4053 </r>
       <r>    -6.3695     0.0119     5.4074 </r>
       <r>    -6.1891     0.0000     5.4074 </r>
       <r>    -6.0088     0.0000     5.4074 </r>
       <r>    -5.8284     0.0000     5.4074 </r>
       <r>    -5.6480     0.0000     5.4074 </r>
       <r>    -5.4677     0.0000     5.4074 </r>
       <r>    -5.2873     0.0000     5.4074 </r>
       <r>    -5.1070     0.0000     5.4074 </r>
       <r>    -4.9266     0.0000     5.4074 </r>
       <r>    -4.7463     0.0000     5.4074 </r>
       <r>    -4.5659     0.0000     5.4074 </r>
       <r>    -4.3856     0.0051     5.4083 </r>
       <r>    -4.2052     3.2279     5.9905 </r>
       <r>    -4.0249     0.0528     6.0000 </r>
       <r>    -3.8445     0.0000     6.0000 </r>
       <r>    -3.6642     0.0000     6.0000 </r>
       <r>    -3.4838     0.0000     6.0000 </r>
       <r>    -3.3035     0.0000     6.0000 </r>
       <r>    -3.1231     0.0000     6.0000 </r>
       <r>    -2.9428     0.0000     6.0000 </r>
       <r>    -2.7624     0.0000     6.0000 </r>
       <r>    -2.5821     0.0454     6.0082 </r>
       <r>    -2.4017     1.1862     6.2221 </r>
       <r>    -2.2213     0.0006     6.2222 </r>
       <r>    -2.0410     0.0000     6.2222 </r>
       <r>    -1.8606     0.0000     6.2222 </r>
       <r>    -1.6803     0.0007     6.2223 </r>
       <r>    -1.4999     4.5744     7.0473 </r>
       <r>    -1.3196     0.3536     7.1111 </r>
       <r>    -1.1392     0.0000     7.1111 </r>
       <r>    -0.9589     0.0000     7.1111 </r>
       <r>    -0.7785     0.0000     7.1111 </r>
       <r>    -0.5982     0.1535     7.1388 </r>
       <r>    -0.4178     4.7721     7.9995 </r>
       <r>    -0.2375     0.0135     8.0019 </r>
       <r>    -0.0571     0.8092     8.1478 </r>
       <r>     0.1232     0.0017     8.1481 </r>
       <r>     0.3036     0.0005     8.1482 </r>
       <r>     0.4839     2.3193     8.5665 </r>
       <r>     0.6643     0.1445     8.5926 </r>
       <r>     0.8446     0.0000     8.5926 </r>
       <r>     1.0250     0.0000     8.5926 </r>
       <r>     1.2054     0.0000     8.5926 </r>
       <r>     1.3857     0.0000     8.5926 </r>
       <r>     1.5661     0.0000     8.5926 </r>
       <r>     1.7464     0.0000     8.5926 </r>
       <r>     1.9268     0.0000     8.5926 </r>
       <r>     2.1071     0.0000     8.5926 </r>
       <r>     2.2875     0.0000     8.5926 </r>
       <r>     2.4678     0.0000     8.5926 </r>
       <r>     2.6482     3.8967     9.2954 </r>
       <r>     2.8285     1.0319     9.4815 </r>
       <r>     3.0089     0.0137     9.4839 </r>
       <r>     3.1892     6.4743    10.6516 </r>
       <r>     3.3696     0.0835    10.6667 </r>
       <r>     3.5499     0.6475    10.7834 </r>
       <r>     3.7303     2.6382    11.2593 </r>
       <r>     3.9106     1.0500    11.4486 </r>
       <r>     4.0910     3.8786    12.1481 </r>
       <r>     4.2713     0.0000    12.1481 </r>
       <r>     4.4517     0.0000    12.1481 </r>
       <r>     4.6321     0.0000    12.1481 </r>
       <r>     4.8124     0.0000    12.1481 </r>
       <r>     4.9928     0.0000    12.1481 </r>
       <r>     5.1731     0.0000    12.1481 </r>
       <r>     5.3535     0.0000    12.1481 </r>
       <r>     5.5338     0.0000    12.1481 </r>
       <r>     5.7142     0.0003    12.1482 </r>
       <r>     5.8945     2.2838    12.5601 </r>
       <r>     6.0749     0.1801    12.5926 </r>
       <r>     6.2552     0.0000    12.5926 </r>
       <r>     6.4356     0.0000    12.5926 </r>
       <r>     6.6159     0.0000    12.5926 </r>
       <r>     6.7963     0.0000    12.5926 </r>
       <r>     6.9766     0.0000    12.5926 </r>
       <r>     7.1570     0.0000    12.5926 </r>
       <r>     7.3373     0.0000    12.5926 </r>
       <r>     7.5177     0.0000    12.5926 </r>
       <r>     7.6981     0.0000    12.5926 </r>
       <r>     7.8784     0.0000    12.5926 </r>
       <r>     8.0588     0.0000    12.5926 </r>
       <r>     8.2391     0.0000    12.5926 </r>
       <r>     8.4195     0.0000    12.5926 </r>
       <r>     8.5998     0.3529    12.6562 </r>
       <r>     8.7802     5.8478    13.7109 </r>
       <r>     8.9605     3.7288    14.3834 </r>
       <r>     9.1409     4.8478    15.2577 </r>
       <r>     9.3212     3.3744    15.8663 </r>
       <r>     9.5016     2.9803    16.4038 </r>
       <r>     9.6819     1.0511    16.5934 </r>
       <r>     9.8623     6.3741    17.7430 </r>
       <r>    10.0426     0.1931    17.7778 </r>
       <r>    10.2230     0.0000    17.7778 </r>
       <r>    10.4033     0.0007    17.7779 </r>
       <r>    10.5837     4.5824    18.6043 </r>
       <r>    10.7640     0.3976    18.6761 </r>
       <r>    10.9444     7.2580    19.9850 </r>
       <r>    11.1248     0.0829    20.0000 </r>
       <r>    11.3051     0.0277    20.0050 </r>
       <r>    11.4855     1.2033    20.2220 </r>
       <r>    11.6658     0.0012    20.2222 </r>
       <r>    11.8462     0.0000    20.2222 </r>
       <r>    12.0265     0.0000    20.2222 </r>
       <r>    12.2069     0.0095    20.2239 </r>
       <r>    12.3872     4.8526    21.0991 </r>
       <r>    12.5676     0.1065    21.1183 </r>
       <r>    12.7479     1.1915    21.3332 </r>
       <r>    12.9283     0.0007    21.3333 </r>
       <r>    13.1086     0.0000    21.3333 </r>
       <r>    13.2890     0.0000    21.3333 </r>
       <r>    13.4693     0.0000    21.3333 </r>
       <r>    13.6497     0.0000    21.3333 </r>
       <r>    13.8300     0.0000    21.3333 </r>
       <r>    14.0104     0.0000    21.3333 </r>
       <r>    14.1907     0.0000    21.3333 </r>
       <r>    14.3711     0.0000    21.3333 </r>
       <r>    14.5515     0.0000    21.3333 </r>
       <r>    14.7318     4.5350    22.1512 </r>
       <r>    14.9122     7.7393    23.5470 </r>
       <r>    15.0925     2.5116    24.0000 </r>
       <r>    15.2729     0.0000    24.0000 </r>
       <r>    15.4532     0.0000    24.0000 </r>
       <r>    15.6336     0.0000    24.0000 </r>
       <r>    15.8139     0.0000    24.0000 </r>
       <r>    15.9943     0.0005    24.0001 </r>
       <r>    16.1746     0.4028    24.0727 </r>
       <r>    16.3550     0.0074    24.0741 </r>
       <r>    16.5353     0.0000    24.0741 </r>
       <r>    16.7157     0.0000    24.0741 </r>
       <r>    16.8960     0.0000    24.0741 </r>
       <r>    17.0764     0.0000    24.0741 </r>
       <r>    17.2567     0.0000    24.0741 </r>
       <r>    17.4371     0.0000    24.0741 </r>
       <r>    17.6174     0.0000    24.0741 </r>
       <r>    17.7978     0.0000    24.0741 </r>
       <r>    17.9782     0.0000    24.0741 </r>
       <r>    18.1585     0.0000    24.0741 </r>
       <r>    18.3389     0.0000    24.0741 </r>
       <r>    18.5192     0.0000    24.0741 </r>
       <r>    18.6996     0.0000    24.0741 </r>
       <r>    18.8799     0.0000    24.0741 </r>
       <r>    19.0603     0.0000    24.0741 </r>
       <r>    19.2406     0.0000    24.0741 </r>
       <r>    19.4210     0.0004    24.0742 </r>
       <r>    19.6013     2.3099    24.4908 </r>
       <r>    19.7817     0.1539    24.5185 </r>
       <r>    19.9620     0.0000    24.5185 </r>
       <r>    20.1424     0.0112    24.5205 </r>
       <r>    20.3227     3.2473    25.1062 </r>
       <r>    20.5031     0.0272    25.1111 </r>
       <r>    20.6834     0.0000    25.1111 </r>
       <r>    20.8638     0.0000    25.1111 </r>
       <r>    21.0441     0.0000    25.1111 </r>
       <r>    21.2245     0.0000    25.1111 </r>
       <r>    21.4049     0.0000    25.1111 </r>
       <r>    21.5852     0.0000    25.1111 </r>
       <r>    21.7656     0.0130    25.1134 </r>
       <r>    21.9459     4.8642    25.9907 </r>
       <r>    22.1263     0.0514    26.0000 </r>
       <r>    22.3066     0.0000    26.0000 </r>
       <r>    22.4870     0.0000    26.0000 </r>
       <r>    22.6673     0.0000    26.0000 </r>
       <r>    22.8477     0.0000    26.0000 </r>
       <r>    23.0280     0.0000    26.0000 </r>
       <r>    23.2084     0.0000    26.0000 </r>
       <r>    23.3887     0.0000    26.0000 </r>
       <r>    23.5691     0.0000    26.0000 </r>
       <r>    23.7494     0.0000    26.0000 </r>
       <r>    23.9298     0.0000    26.0000 </r>
       <r>    24.1101     0.0000    26.0000 </r>
       <r>    24.2905     0.0000    26.0000 </r>
       <r>    24.4709     0.0000    26.0000 </r>
       <r>    24.6512     0.0000    26.0000 </r>
       <r>    24.8316     0.0000    26.0000 </r>
       <r>    25.0119     0.0000    26.0000 </r>
       <r>    25.1923     0.4400    26.0794 </r>
       <r>    25.3726     2.8456    26.5926 </r>
       <r>    25.5530     0.0001    26.5926 </r>
       <r>    25.7333     0.0000    26.5926 </r>
       <r>    25.9137     0.0000    26.5926 </r>
       <r>    26.0940     0.0000    26.5926 </r>
       <r>    26.2744     0.0000    26.5926 </r>
       <r>    26.4547     0.0000    26.5926 </r>
       <r>    26.6351     0.0000    26.5926 </r>
       <r>    26.8154     0.0000    26.5926 </r>
       <r>    26.9958     0.0000    26.5926 </r>
       <r>    27.1761     0.0000    26.5926 </r>
       <r>    27.3565     0.0000    26.5926 </r>
       <r>    27.5368     0.0000    26.5926 </r>
       <r>    27.7172     0.0054    26.5936 </r>
       <r>    27.8976     4.8213    27.4631 </r>
       <r>    28.0779     0.1019    27.4815 </r>
       <r>    28.2583     0.0000    27.4815 </r>
       <r>    28.4386     0.0975    27.4991 </r>
       <r>    28.6190     6.3002    28.6353 </r>
       <r>    28.7993     0.9952    28.8148 </r>
       <r>    28.9797     0.0000    28.8148 </r>
       <r>    29.1600     0.0000    28.8148 </r>
       <r>    29.3404     0.0000    28.8148 </r>
       <r>    29.5207     0.0000    28.8148 </r>
       <r>    29.7011     0.0000    28.8148 </r>
       <r>    29.8814     0.0010    28.8150 </r>
       <r>    30.0618     0.4052    28.8881 </r>
       <r>    30.2421     0.0055    28.8891 </r>
       <r>    30.4225     6.1334    29.9952 </r>
       <r>    30.6028     5.0140    30.8995 </r>
       <r>    30.7832     0.3517    30.9630 </r>
       <r>    30.9635     0.0907    30.9793 </r>
       <r>    31.1439     0.7307    31.1111 </r>
       <r>    31.3243     0.0000    31.1111 </r>
       <r>    31.5046     0.0000    31.1111 </r>
       <r>    31.6850     0.0000    31.1111 </r>
       <r>    31.8653     0.0000    31.1111 </r>
       <r>    32.0457     0.0000    31.1111 </r>
       <r>    32.2260     0.0000    31.1111 </r>
       <r>    32.4064     0.0000    31.1111 </r>
       <r>    32.5867     0.0000    31.1111 </r>
       <r>    32.7671     0.0000    31.1111 </r>
       <r>    32.9474     0.2135    31.1496 </r>
       <r>    33.1278     2.2506    31.5555 </r>
       <r>    33.3081     0.0002    31.5556 </r>
       <r>    33.4885     0.0000    31.5556 </r>
       <r>    33.6688     0.0000    31.5556 </r>
       <r>    33.8492     0.0784    31.5697 </r>
       <r>    34.0295     2.3845    31.9997 </r>
       <r>    34.2099     0.0014    32.0000 </r>
       <r>    34.3902     0.0000    32.0000 </r>
       <r>    34.5706     0.0000    32.0000 </r>
       <r>    34.7510     0.0000    32.0000 </r>
       <r>    34.9313     0.0000    32.0000 </r>
       <r>    35.1117     0.0000    32.0000 </r>
       <r>    35.2920     0.0000    32.0000 </r>
       <r>    35.4724     0.0000    32.0000 </r>
       <r>    35.6527     0.0000    32.0000 </r>
       <r>    35.8331     0.0000    32.0000 </r>
       <r>    36.0134     0.0000    32.0000 </r>
       <r>    36.1938     0.0000    32.0000 </r>
       <r>    36.3741     0.0000    32.0000 </r>
      </set>
     </set>
    </array>
   </total>
  </dos>
 </calculation>
 <structure name="finalpos" >
  <crystal>
   <varray name="basis" >
    <v>       2.71486344      -0.00000001      -0.00000001 </v>
    <v>       0.00000020       2.71486344      -0.00000001 </v>
    <v>       0.00000020       0.00000020       2.71486344 </v>
   </varray>
   <i name="volume">     20.00985629 </i>
   <varray name="rec_basis" >
    <v>       0.36834265      -0.00000003      -0.00000003 </v>
    <v>       0.00000000       0.36834265      -0.00000003 </v>
    <v>       0.00000000       0.00000000       0.36834265 </v>
   </varray>
  </crystal>
  <varray name="positions" >
   <v>       0.50000000       0.50000000       0.50000000 </v>
   <v>      -0.00000000       0.50000000       0.50000000 </v>
   <v>       0.50000000       0.00000000       0.50000000 </v>
   <v>       0.50000000       0.50000000       0.00000000 </v>
  </varray>
 </structure>
</modeling>
