<?xml version="1.0" encoding="ISO-8859-1"?>
<modeling>
 <generator>
  <i name="program" type="string">vasp </i>
  <i name="version" type="string">5.4.4.18Apr17-6-g9f103f2a35  </i>
  <i name="subversion" type="string">(build Nov 14 2022 07:55:26) complex            parallel </i>
  <i name="platform" type="string">LinuxIFC </i>
  <i name="date" type="string">2023 04 13 </i>
  <i name="time" type="string">17:02:24 </i>
 </generator>
 <incar>
  <i type="string" name="SYSTEM"> local optimisation</i>
  <i type="string" name="PREC">accurate</i>
  <i type="int" name="IBRION">     2</i>
  <i name="EDIFF">      0.00001000</i>
  <i type="int" name="NSW">   200</i>
  <i type="int" name="ISIF">     3</i>
  <i name="SYMPREC">      0.00010000</i>
  <i name="ENCUT">    600.00000000</i>
  <i name="POTIM">      0.10000000</i>
  <i type="int" name="ISMEAR">     0</i>
  <i name="SIGMA">      0.05000000</i>
  <i name="KSPACING">      0.50000000</i>
  <i name="PSTRESS">   3000.00000000</i>
  <i type="logical" name="LWAVE"> F  </i>
  <i type="logical" name="LCHARG"> F  </i>
  <v type="int" name="KPOINT_BSE">    -1     0     0     0</v>
 </incar>
 <structure name="primitive_cell" >
  <crystal>
   <varray name="basis" >
    <v>       5.10873142       0.00000000       0.00000000 </v>
    <v>       0.00000039       5.10873142       0.00000000 </v>
    <v>       0.00000039       0.00000039       5.10873142 </v>
   </varray>
   <i name="volume">    133.33348000 </i>
   <varray name="rec_basis" >
    <v>       0.19574331      -0.00000001      -0.00000001 </v>
    <v>       0.00000000       0.19574331      -0.00000001 </v>
    <v>       0.00000000       0.00000000       0.19574331 </v>
   </varray>
  </crystal>
  <varray name="positions" >
   <v>       0.00000000      -0.50000000      -0.50000000 </v>
   <v>      -0.50000000      -0.50000000      -0.50000000 </v>
   <v>       0.00000000       0.00000000       0.00000000 </v>
   <v>      -0.50000000       0.00000000      -0.50000000 </v>
   <v>      -0.50000000      -0.50000000       0.00000000 </v>
  </varray>
 </structure>
 <varray name="primitive_index" >
  <v type="int" >        1 </v>
  <v type="int" >        4 </v>
  <v type="int" >        5 </v>
  <v type="int" >        2 </v>
  <v type="int" >        3 </v>
 </varray>
 <kpoints>
  <generation param="Gamma">
   <v type="int" name="divisions">       3        3        3 </v>
   <v name="usershift">      0.00000000       0.00000000       0.00000000 </v>
   <v name="genvec1">      0.33333333       0.00000000       0.00000000 </v>
   <v name="genvec2">      0.00000000       0.33333333       0.00000000 </v>
   <v name="genvec3">      0.00000000       0.00000000       0.33333333 </v>
   <v name="shift">      0.00000000       0.00000000       0.00000000 </v>
  </generation>
  <varray name="kpointlist" >
   <v>       0.00000000       0.00000000       0.00000000 </v>
   <v>       0.33333333      -0.00000000      -0.00000000 </v>
   <v>       0.33333333       0.33333333       0.00000000 </v>
   <v>       0.33333333       0.33333333       0.33333333 </v>
  </varray>
  <varray name="weights" >
   <v>       0.03703704 </v>
   <v>       0.22222222 </v>
   <v>       0.44444444 </v>
   <v>       0.29629630 </v>
  </varray>
 </kpoints>
 <parameters>
  <separator name="general" >
   <i type="string" name="SYSTEM">local optimisation</i>
   <i type="logical" name="LCOMPAT"> F  </i>
  </separator>
  <separator name="electronic" >
   <i type="string" name="PREC">accura</i>
   <i name="ENMAX">    600.00000000</i>
   <i name="ENAUG">    627.11200000</i>
   <i name="EDIFF">      0.00001000</i>
   <i type="int" name="IALGO">    38</i>
   <i type="int" name="IWAVPR">    11</i>
   <i type="int" name="NBANDS">    16</i>
   <i name="NELECT">     19.00000000</i>
   <i type="int" name="TURBO">     0</i>
   <i type="int" name="IRESTART">     0</i>
   <i type="int" name="NREBOOT">     0</i>
   <i type="int" name="NMIN">     0</i>
   <i name="EREF">      0.00000000</i>
   <separator name="electronic smearing" >
    <i type="int" name="ISMEAR">     0</i>
    <i name="SIGMA">      0.05000000</i>
    <i name="KSPACING">      0.50000000</i>
    <i type="logical" name="KGAMMA"> T  </i>
   </separator>
   <separator name="electronic projectors" >
    <i type="logical" name="LREAL"> F  </i>
    <v name="ROPT">      0.00000000      0.00000000</v>
    <i type="int" name="LMAXPAW">  -100</i>
    <i type="int" name="LMAXMIX">     2</i>
    <i type="logical" name="NLSPLINE"> F  </i>
   </separator>
   <separator name="electronic startup" >
    <i type="int" name="ISTART">     0</i>
    <i type="int" name="ICHARG">     2</i>
    <i type="int" name="INIWAV">     1</i>
   </separator>
   <separator name="electronic spin" >
    <i type="int" name="ISPIN">     1</i>
    <i type="logical" name="LNONCOLLINEAR"> F  </i>
    <v name="MAGMOM">      1.00000000      1.00000000      1.00000000      1.00000000      1.00000000</v>
    <i name="NUPDOWN">     -1.00000000</i>
    <i type="logical" name="LSORBIT"> F  </i>
    <v name="SAXIS">      0.00000000      0.00000000      1.00000000</v>
    <i type="logical" name="LSPIRAL"> F  </i>
    <v name="QSPIRAL">      0.00000000      0.00000000      0.00000000</v>
    <i type="logical" name="LZEROZ"> F  </i>
   </separator>
   <separator name="electronic exchange-correlation" >
    <i type="logical" name="LASPH"> F  </i>
    <i type="logical" name="LMETAGGA"> F  </i>
   </separator>
   <separator name="electronic convergence" >
    <i type="int" name="NELM">    60</i>
    <i type="int" name="NELMDL">     0</i>
    <i type="int" name="NELMIN">     2</i>
    <i name="ENINI">    600.00000000</i>
    <separator name="electronic convergence detail" >
     <i type="logical" name="LDIAG"> T  </i>
     <i type="logical" name="LSUBROT"> F  </i>
     <i name="WEIMIN">      0.00100000</i>
     <i name="EBREAK">      0.00000016</i>
     <i name="DEPER">      0.30000000</i>
     <i type="int" name="NRMM">     4</i>
     <i name="TIME">      0.40000000</i>
    </separator>
   </separator>
   <separator name="electronic mixer" >
    <i name="AMIX">      0.40000000</i>
    <i name="BMIX">      1.00000000</i>
    <i name="AMIN">      0.10000000</i>
    <i name="AMIX_MAG">      1.60000000</i>
    <i name="BMIX_MAG">      1.00000000</i>
    <separator name="electronic mixer details" >
     <i type="int" name="IMIX">     4</i>
     <i type="logical" name="MIXFIRST"> F  </i>
     <i type="int" name="MAXMIX">   -45</i>
     <i name="WC">    100.00000000</i>
     <i type="int" name="INIMIX">     1</i>
     <i type="int" name="MIXPRE">     1</i>
     <i type="int" name="MREMOVE">     5</i>
    </separator>
   </separator>
   <separator name="electronic dipolcorrection" >
    <i type="logical" name="LDIPOL"> F  </i>
    <i type="logical" name="LMONO"> F  </i>
    <i type="int" name="IDIPOL">     0</i>
    <i name="EPSILON">      1.00000000</i>
    <v name="DIPOL">   -100.00000000   -100.00000000   -100.00000000</v>
    <i name="EFIELD">      0.00000000</i>
   </separator>
  </separator>
  <separator name="grids" >
   <i type="int" name="NGX">    42</i>
   <i type="int" name="NGY">    42</i>
   <i type="int" name="NGZ">    42</i>
   <i type="int" name="NGXF">    84</i>
   <i type="int" name="NGYF">    84</i>
   <i type="int" name="NGZF">    84</i>
   <i type="logical" name="ADDGRID"> F  </i>
  </separator>
  <separator name="ionic" >
   <i type="int" name="NSW">   200</i>
   <i type="int" name="IBRION">     2</i>
   <i type="int" name="MDALGO">     0</i>
   <i type="int" name="ISIF">     3</i>
   <i name="PSTRESS">   3000.00000000</i>
   <i name="EDIFFG">      0.00010000</i>
   <i type="int" name="NFREE">     1</i>
   <i name="POTIM">      0.10000000</i>
   <i name="SMASS">     -3.00000000</i>
   <i name="SCALEE">      1.00000000</i>
  </separator>
  <separator name="ionic md" >
   <i name="TEBEG">      0.00010000</i>
   <i name="TEEND">      0.00010000</i>
   <i type="int" name="NBLOCK">     1</i>
   <i type="int" name="KBLOCK">   200</i>
   <i type="int" name="NPACO">   256</i>
   <i name="APACO">     16.00000000</i>
  </separator>
  <separator name="symmetry" >
   <i type="int" name="ISYM">     2</i>
   <i name="SYMPREC">      0.00010000</i>
  </separator>
  <separator name="dos" >
   <i type="int" name="LORBIT">     0</i>
   <v name="RWIGS">     -1.00000000     -1.00000000</v>
   <i type="int" name="NEDOS">   301</i>
   <i name="EMIN">     10.00000000</i>
   <i name="EMAX">    -10.00000000</i>
   <i name="EFERMI">      0.00000000</i>
  </separator>
  <separator name="writing" >
   <i type="int" name="NWRITE">     2</i>
   <i type="logical" name="LWAVE"> F  </i>
   <i type="logical" name="LDOWNSAMPLE"> F  </i>
   <i type="logical" name="LCHARG"> F  </i>
   <i type="logical" name="LPARD"> F  </i>
   <i type="logical" name="LVTOT"> F  </i>
   <i type="logical" name="LVHAR"> F  </i>
   <i type="logical" name="LELF"> F  </i>
   <i type="logical" name="LOPTICS"> F  </i>
   <v name="STM">      0.00000000      0.00000000      0.00000000      0.00000000      0.00000000      0.00000000      0.00000000</v>
  </separator>
  <separator name="performance" >
   <i type="int" name="NPAR">    16</i>
   <i type="int" name="NSIM">     4</i>
   <i type="int" name="NBLK">    -1</i>
   <i type="logical" name="LPLANE"> T  </i>
   <i type="logical" name="LSCALAPACK"> T  </i>
   <i type="logical" name="LSCAAWARE"> F  </i>
   <i type="logical" name="LSCALU"> F  </i>
   <i type="logical" name="LASYNC"> F  </i>
   <i type="logical" name="LORBITALREAL"> F  </i>
  </separator>
  <separator name="miscellaneous" >
   <i type="int" name="IDIOT">     3</i>
   <i type="int" name="ISPECIAL">     0</i>
   <i type="logical" name="LMUSIC"> F  </i>
   <v name="POMASS">     10.81100000     14.00100000</v>
   <v name="DARWINR">      0.00000000      0.00000000</v>
   <v name="DARWINV">      1.00000000      1.00000000</v>
   <i type="logical" name="LCORR"> T  </i>
  </separator>
  <i type="logical" name="GGA_COMPAT"> T  </i>
  <i type="logical" name="LBERRY"> F  </i>
  <i type="int" name="ICORELEVEL">     0</i>
  <i type="logical" name="LDAU"> F  </i>
  <i type="int" name="I_CONSTRAINED_M">     0</i>
  <separator name="electronic exchange-correlation" >
   <i type="string" name="GGA">--</i>
   <i type="int" name="VOSKOWN">     0</i>
   <i type="logical" name="LHFCALC"> F  </i>
   <i type="string" name="PRECFOCK"></i>
   <i type="logical" name="LSYMGRAD"> F  </i>
   <i type="logical" name="LHFONE"> F  </i>
   <i type="logical" name="LRHFCALC"> F  </i>
   <i type="logical" name="LTHOMAS"> F  </i>
   <i type="logical" name="LMODELHF"> F  </i>
   <i name="ENCUT4O">     -1.00000000</i>
   <i type="int" name="EXXOEP">     0</i>
   <i type="int" name="FOURORBIT">     0</i>
   <i name="AEXX">      0.00000000</i>
   <i name="HFALPHA">      0.00000000</i>
   <i name="MCALPHA">      0.00000000</i>
   <i name="ALDAX">      1.00000000</i>
   <i name="AGGAX">      1.00000000</i>
   <i name="ALDAC">      1.00000000</i>
   <i name="AGGAC">      1.00000000</i>
   <i type="int" name="NKREDX">     1</i>
   <i type="int" name="NKREDY">     1</i>
   <i type="int" name="NKREDZ">     1</i>
   <i type="logical" name="SHIFTRED"> F  </i>
   <i type="logical" name="ODDONLY"> F  </i>
   <i type="logical" name="EVENONLY"> F  </i>
   <i type="int" name="LMAXFOCK">     0</i>
   <i type="int" name="NMAXFOCKAE">     0</i>
   <i type="logical" name="LFOCKAEDFT"> F  </i>
   <i name="HFSCREEN">      0.00000000</i>
   <i name="HFSCREENC">      0.00000000</i>
   <i type="int" name="NBANDSGWLOW">     0</i>
  </separator>
  <separator name="vdW DFT" >
   <i type="logical" name="LUSE_VDW"> F  </i>
   <i name="Zab_VDW">     -0.84910000</i>
   <i name="PARAM1">      0.12340000</i>
   <i name="PARAM2">      1.00000000</i>
   <i name="PARAM3">      0.00000000</i>
  </separator>
  <separator name="model GW" >
   <i type="int" name="MODEL_GW">     0</i>
   <i name="MODEL_EPS0">     16.00001760</i>
   <i name="MODEL_ALPHA">      1.00000000</i>
  </separator>
  <separator name="linear response parameters" >
   <i type="logical" name="LEPSILON"> F  </i>
   <i type="logical" name="LRPA"> F  </i>
   <i type="logical" name="LNABLA"> F  </i>
   <i type="logical" name="LVEL"> F  </i>
   <i type="int" name="KINTER">     0</i>
   <i name="CSHIFT">      0.10000000</i>
   <i name="OMEGAMAX">     -1.00000000</i>
   <i name="DEG_THRESHOLD">      0.00200000</i>
   <i name="RTIME">     -0.10000000</i>
   <i name="WPLASMAI">      0.00000000</i>
   <v name="DFIELD">      0.00000000      0.00000000      0.00000000</v>
   <v name="WPLASMA">      0.00000000      0.00000000      0.00000000      0.00000000      0.00000000      0.00000000      0.00000000      0.00000000      0.00000000</v>
  </separator>
  <separator name="orbital magnetization" >
   <i type="logical" name="NUCIND"> F  </i>
   <v name="MAGPOS">      0.00000000      0.00000000      0.00000000</v>
   <i type="logical" name="LNICSALL"> T  </i>
   <i type="logical" name="ORBITALMAG"> F  </i>
   <i type="logical" name="LMAGBLOCH"> F  </i>
   <i type="logical" name="LCHIMAG"> F  </i>
   <i type="logical" name="LGAUGE"> T  </i>
   <i type="int" name="MAGATOM">     0</i>
   <v name="MAGDIPOL">      0.00000000      0.00000000      0.00000000</v>
   <v name="AVECCONST">      0.00000000      0.00000000      0.00000000</v>
  </separator>
  <separator name="response functions" >
   <i type="logical" name="LADDER"> F  </i>
   <i type="logical" name="LRPAFORCE"> F  </i>
   <i type="logical" name="LFXC"> F  </i>
   <i type="logical" name="LHARTREE"> T  </i>
   <i type="int" name="IBSE">     0</i>
   <v type="int" name="KPOINT">    -1     0     0     0</v>
   <i type="logical" name="LTCTE"> F  </i>
   <i type="logical" name="LTETE"> F  </i>
   <i type="logical" name="LTRIPLET"> F  </i>
   <i type="logical" name="LFXCEPS"> F  </i>
   <i type="logical" name="LFXHEG"> F  </i>
   <i type="int" name="NATURALO">     2</i>
   <i type="logical" name="L2ORDER"> F  </i>
   <i type="logical" name="LMP2LT"> F  </i>
   <i type="logical" name="LUSEW"> F  </i>
   <i name="ENCUTGW">     -2.00000000</i>
   <i name="ENCUTGWSOFT">     -2.00000000</i>
   <i name="ENCUTLF">     -1.00000000</i>
   <i type="int" name="LMAXMP2">    -1</i>
   <i name="SCISSOR">      0.00000000</i>
   <i type="int" name="NOMEGA">     0</i>
   <i type="int" name="NOMEGAR">     0</i>
   <i type="int" name="NBANDSGW">    -1</i>
   <i type="int" name="NBANDSO">    -1</i>
   <i type="int" name="NBANDSV">    -1</i>
   <i type="int" name="NELM">     1</i>
   <i type="int" name="NELMHF">     1</i>
   <i type="int" name="DIM">     3</i>
   <i type="int" name="ANTIRES">     0</i>
   <i name="OMEGAMAX">    -30.00000000</i>
   <i name="OMEGAMIN">    -30.00000000</i>
   <i name="OMEGATL">   -200.00000000</i>
   <i type="int" name="OMEGAGRID">   140</i>
   <i name="CSHIFT">     -0.10000000</i>
   <i type="logical" name="SELFENERGY"> F  </i>
   <i type="logical" name="LSPECTRAL"> F  </i>
   <i type="logical" name="LSPECTRALGW"> F  </i>
   <i type="logical" name="LSINGLES"> F  </i>
   <i type="logical" name="LFERMIGW"> F  </i>
   <i type="logical" name="ODDONLYGW"> F  </i>
   <i type="logical" name="EVENONLYGW"> F  </i>
   <i type="int" name="NKREDLFX">     1</i>
   <i type="int" name="NKREDLFY">     1</i>
   <i type="int" name="NKREDLFZ">     1</i>
   <i type="int" name="MAXMEM">  2800</i>
   <i type="int" name="TELESCOPE">     0</i>
   <i type="int" name="TAUPAR">     1</i>
   <i type="int" name="OMEGAPAR">    -1</i>
   <i name="LAMBDA">      1.00000000</i>
  </separator>
  <separator name="External order field" >
   <i name="OFIELD_KAPPA">      0.00000000</i>
   <v name="OFIELD_K">      0.00000000      0.00000000      0.00000000</v>
   <i name="OFIELD_Q6_NEAR">      0.00000000</i>
   <i name="OFIELD_Q6_FAR">      0.00000000</i>
   <i name="OFIELD_A">      0.00000000</i>
  </separator>
 </parameters>
 <atominfo>
  <atoms>       5 </atoms>
  <types>       2 </types>
  <array name="atoms" >
   <dimension dim="1">ion</dimension>
   <field type="string">element</field>
   <field type="int">atomtype</field>
   <set>
    <rc><c>B </c><c>   1</c></rc>
    <rc><c>B </c><c>   1</c></rc>
    <rc><c>B </c><c>   1</c></rc>
    <rc><c>N </c><c>   2</c></rc>
    <rc><c>N </c><c>   2</c></rc>
   </set>
  </array>
  <array name="atomtypes" >
   <dimension dim="1">type</dimension>
   <field type="int">atomspertype</field>
   <field type="string">element</field>
   <field>mass</field>
   <field>valence</field>
   <field type="string">pseudopotential</field>
   <set>
    <rc><c>   3</c><c>B </c><c>     10.81100000</c><c>      3.00000000</c><c> PAW_PBE B 06Sep2000                    </c></rc>
    <rc><c>   2</c><c>N </c><c>     14.00100000</c><c>      5.00000000</c><c> PAW_PBE N 08Apr2002                    </c></rc>
   </set>
  </array>
 </atominfo>
 <structure name="initialpos" >
  <crystal>
   <varray name="basis" >
    <v>       5.10873142       0.00000000       0.00000000 </v>
    <v>       0.00000039       5.10873142       0.00000000 </v>
    <v>       0.00000039       0.00000039       5.10873142 </v>
   </varray>
   <i name="volume">    133.33348000 </i>
   <varray name="rec_basis" >
    <v>       0.19574331      -0.00000001      -0.00000001 </v>
    <v>       0.00000000       0.19574331      -0.00000001 </v>
    <v>       0.00000000       0.00000000       0.19574331 </v>
   </varray>
  </crystal>
  <varray name="positions" >
   <v>       0.00000000       0.50000000       0.50000000 </v>
   <v>       0.50000000       0.00000000       0.50000000 </v>
   <v>       0.50000000       0.50000000       0.00000000 </v>
   <v>       0.50000000       0.50000000       0.50000000 </v>
   <v>       0.00000000       0.00000000       0.00000000 </v>
  </varray>
 </structure>
 <calculation>
  <scstep>
   <time name="dav">    0.07    0.08</time>
   <time name="total">    0.12    0.14</time>
   <energy>
    <i name="alphaZ">     15.46878620 </i>
    <i name="ewald">   -494.79599187 </i>
    <i name="hartreedc">   -197.79118347 </i>
    <i name="XCdc">     56.12564560 </i>
    <i name="pawpsdc">    263.90346856 </i>
    <i name="pawaedc">   -268.77912499 </i>
    <i name="eentropy">     -0.01983163 </i>
    <i name="bandstr">    -60.67310791 </i>
    <i name="atom">    742.61752096 </i>
    <i name="e_fr_energy">     56.05618145 </i>
    <i name="e_wo_entrp">     56.07601308 </i>
    <i name="e_0_energy">     56.06609727 </i>
   </energy>
  </scstep>
  <scstep>
   <time name="dav">    0.11    0.11</time>
   <time name="total">    0.11    0.11</time>
   <energy>
    <i name="e_fr_energy">    -10.28586249 </i>
    <i name="e_wo_entrp">    -10.28111884 </i>
    <i name="e_0_energy">    -10.28349067 </i>
   </energy>
  </scstep>
  <scstep>
   <time name="dav">    0.08    0.08</time>
   <time name="total">    0.08    0.08</time>
   <energy>
    <i name="e_fr_energy">    -14.51304108 </i>
    <i name="e_wo_entrp">    -14.49640697 </i>
    <i name="e_0_energy">    -14.50472402 </i>
   </energy>
  </scstep>
  <scstep>
   <time name="dav">    0.11    0.11</time>
   <time name="total">    0.11    0.11</time>
   <energy>
    <i name="e_fr_energy">    -14.63676589 </i>
    <i name="e_wo_entrp">    -14.62231637 </i>
    <i name="e_0_energy">    -14.62954113 </i>
   </energy>
  </scstep>
  <scstep>
   <time name="dav">    0.08    0.09</time>
   <time name="total">    0.11    0.11</time>
   <energy>
    <i name="e_fr_energy">    -14.63703771 </i>
    <i name="e_wo_entrp">    -14.62258351 </i>
    <i name="e_0_energy">    -14.62981061 </i>
   </energy>
  </scstep>
  <scstep>
   <time name="dav">    0.12    0.12</time>
   <time name="total">    0.17    0.17</time>
   <energy>
    <i name="e_fr_energy">    -30.29738459 </i>
    <i name="e_wo_entrp">    -30.28151308 </i>
    <i name="e_0_energy">    -30.28944883 </i>
   </energy>
  </scstep>
  <scstep>
   <time name="dav">    0.12    0.12</time>
   <time name="total">    0.18    0.18</time>
   <energy>
    <i name="e_fr_energy">    -13.64829562 </i>
    <i name="e_wo_entrp">    -13.63432723 </i>
    <i name="e_0_energy">    -13.64131143 </i>
   </energy>
  </scstep>
  <scstep>
   <time name="dav">    0.08    0.08</time>
   <time name="total">    0.13    0.13</time>
   <energy>
    <i name="e_fr_energy">    -14.15637839 </i>
    <i name="e_wo_entrp">    -14.14308961 </i>
    <i name="e_0_energy">    -14.14973400 </i>
   </energy>
  </scstep>
  <scstep>
   <time name="dav">    0.08    0.08</time>
   <time name="total">    0.13    0.13</time>
   <energy>
    <i name="e_fr_energy">    -17.82977038 </i>
    <i name="e_wo_entrp">    -17.81365473 </i>
    <i name="e_0_energy">    -17.82171255 </i>
   </energy>
  </scstep>
  <scstep>
   <time name="dav">    0.07    0.07</time>
   <time name="total">    0.13    0.13</time>
   <energy>
    <i name="e_fr_energy">    -11.87295167 </i>
    <i name="e_wo_entrp">    -11.84423336 </i>
    <i name="e_0_energy">    -11.85859251 </i>
   </energy>
  </scstep>
  <scstep>
   <time name="dav">    0.08    0.08</time>
   <time name="total">    0.13    0.13</time>
   <energy>
    <i name="e_fr_energy">    -11.63352298 </i>
    <i name="e_wo_entrp">    -11.59541847 </i>
    <i name="e_0_energy">    -11.61447073 </i>
   </energy>
  </scstep>
  <scstep>
   <time name="dav">    0.10    0.10</time>
   <time name="total">    0.16    0.16</time>
   <energy>
    <i name="e_fr_energy">    -11.86944635 </i>
    <i name="e_wo_entrp">    -11.83835881 </i>
    <i name="e_0_energy">    -11.85390258 </i>
   </energy>
  </scstep>
  <scstep>
   <time name="dav">    0.10    0.10</time>
   <time name="total">    0.15    0.16</time>
   <energy>
    <i name="e_fr_energy">    -11.62325046 </i>
    <i name="e_wo_entrp">    -11.58423906 </i>
    <i name="e_0_energy">    -11.60374476 </i>
   </energy>
  </scstep>
  <scstep>
   <time name="dav">    0.10    0.10</time>
   <time name="total">    0.15    0.15</time>
   <energy>
    <i name="e_fr_energy">    -12.08553393 </i>
    <i name="e_wo_entrp">    -12.07301318 </i>
    <i name="e_0_energy">    -12.07927356 </i>
   </energy>
  </scstep>
  <scstep>
   <time name="dav">    0.13    0.13</time>
   <time name="total">    0.18    0.19</time>
   <energy>
    <i name="e_fr_energy">    -11.64258596 </i>
    <i name="e_wo_entrp">    -11.61301432 </i>
    <i name="e_0_energy">    -11.62780014 </i>
   </energy>
  </scstep>
  <scstep>
   <time name="dav">    0.13    0.13</time>
   <time name="total">    0.18    0.18</time>
   <energy>
    <i name="e_fr_energy">    -11.58294079 </i>
    <i name="e_wo_entrp">    -11.53516583 </i>
    <i name="e_0_energy">    -11.55905331 </i>
   </energy>
  </scstep>
  <scstep>
   <time name="dav">    0.09    0.09</time>
   <time name="total">    0.15    0.15</time>
   <energy>
    <i name="e_fr_energy">    -11.76467737 </i>
    <i name="e_wo_entrp">    -11.75026635 </i>
    <i name="e_0_energy">    -11.75747186 </i>
   </energy>
  </scstep>
  <scstep>
   <time name="dav">    0.12    0.13</time>
   <time name="total">    0.18    0.18</time>
   <energy>
    <i name="e_fr_energy">    -11.57967144 </i>
    <i name="e_wo_entrp">    -11.53106770 </i>
    <i name="e_0_energy">    -11.55536957 </i>
   </energy>
  </scstep>
  <scstep>
   <time name="dav">    0.09    0.09</time>
   <time name="total">    0.14    0.15</time>
   <energy>
    <i name="e_fr_energy">    -11.57829011 </i>
    <i name="e_wo_entrp">    -11.52897993 </i>
    <i name="e_0_energy">    -11.55363502 </i>
   </energy>
  </scstep>
  <scstep>
   <time name="dav">    0.12    0.12</time>
   <time name="total">    0.17    0.17</time>
   <energy>
    <i name="e_fr_energy">    -11.57839940 </i>
    <i name="e_wo_entrp">    -11.52902129 </i>
    <i name="e_0_energy">    -11.55371034 </i>
   </energy>
  </scstep>
  <scstep>
   <time name="dav">    0.09    0.09</time>
   <time name="total">    0.14    0.14</time>
   <energy>
    <i name="e_fr_energy">    -11.57775387 </i>
    <i name="e_wo_entrp">    -11.52821588 </i>
    <i name="e_0_energy">    -11.55298488 </i>
   </energy>
  </scstep>
  <scstep>
   <time name="dav">    0.12    0.12</time>
   <time name="total">    0.17    0.17</time>
   <energy>
    <i name="e_fr_energy">    -11.57807534 </i>
    <i name="e_wo_entrp">    -11.52854116 </i>
    <i name="e_0_energy">    -11.55330825 </i>
   </energy>
  </scstep>
  <scstep>
   <time name="dav">    0.10    0.10</time>
   <time name="total">    0.15    0.15</time>
   <energy>
    <i name="e_fr_energy">    -11.57753172 </i>
    <i name="e_wo_entrp">    -11.52771516 </i>
    <i name="e_0_energy">    -11.55262344 </i>
   </energy>
  </scstep>
  <scstep>
   <time name="dav">    0.10    0.10</time>
   <time name="total">    0.16    0.16</time>
   <energy>
    <i name="e_fr_energy">    -11.57726298 </i>
    <i name="e_wo_entrp">    -11.52732023 </i>
    <i name="e_0_energy">    -11.55229160 </i>
   </energy>
  </scstep>
  <scstep>
   <time name="dav">    0.05    0.05</time>
   <time name="total">    0.10    0.10</time>
   <energy>
    <i name="e_fr_energy">    -11.57728741 </i>
    <i name="e_wo_entrp">    -11.52735371 </i>
    <i name="e_0_energy">    -11.55232056 </i>
   </energy>
  </scstep>
  <scstep>
   <time name="dav">    0.05    0.05</time>
   <time name="total">    0.08    0.08</time>
   <energy>
    <i name="alphaZ">     15.46878620 </i>
    <i name="ewald">   -494.79599187 </i>
    <i name="hartreedc">   -206.21321668 </i>
    <i name="XCdc">     56.10481451 </i>
    <i name="pawpsdc">    266.82010128 </i>
    <i name="pawaedc">   -271.49217465 </i>
    <i name="eentropy">     -0.04996289 </i>
    <i name="bandstr">   -120.03716238 </i>
    <i name="atom">    742.61752096 </i>
    <i name="e_fr_energy">    -11.57728553 </i>
    <i name="e_wo_entrp">    -11.52732264 </i>
    <i name="e_0_energy">    -11.55230409 </i>
   </energy>
  </scstep>
  <structure>
   <crystal>
    <varray name="basis" >
     <v>       5.10873142       0.00000000       0.00000000 </v>
     <v>       0.00000039       5.10873142       0.00000000 </v>
     <v>       0.00000039       0.00000039       5.10873142 </v>
    </varray>
    <i name="volume">    133.33348000 </i>
    <varray name="rec_basis" >
     <v>       0.19574331      -0.00000001      -0.00000001 </v>
     <v>       0.00000000       0.19574331      -0.00000001 </v>
     <v>       0.00000000       0.00000000       0.19574331 </v>
    </varray>
   </crystal>
   <varray name="positions" >
    <v>       0.00000000       0.50000000       0.50000000 </v>
    <v>       0.50000000       0.00000000       0.50000000 </v>
    <v>       0.50000000       0.50000000       0.00000000 </v>
    <v>       0.50000000       0.50000000       0.50000000 </v>
    <v>       0.00000000       0.00000000       0.00000000 </v>
   </varray>
  </structure>
  <varray name="forces" >
   <v>       0.00000000       0.00000000       0.00000000 </v>
   <v>       0.00000000       0.00000000       0.00000000 </v>
   <v>      -0.00000000       0.00000000       0.00000000 </v>
   <v>       0.00000000      -0.00000000       0.00000000 </v>
   <v>       0.00000000       0.00000000       0.00000000 </v>
  </varray>
  <varray name="stress" >
   <v>    -102.71525889      -0.00000775      -0.00000775 </v>
   <v>      -0.00000775    -102.71525889      -0.00000775 </v>
   <v>      -0.00000775      -0.00000775    -102.71525889 </v>
  </varray>
  <energy>
   <i name="e_fr_energy">    238.08324362 </i>
   <i name="e_wo_entrp">    238.10822507 </i>
   <i name="e_0_energy">     -0.04996289 </i>
  </energy>
  <time name="totalsc">    3.91    3.99</time>
 </calculation>
 <calculation>
  <scstep>
   <time name="dav">    0.07    0.07</time>
   <time name="total">    0.13    0.14</time>
   <energy>
    <i name="alphaZ">    122.47207714 </i>
    <i name="ewald">   -986.17303148 </i>
    <i name="hartreedc">   -411.03822178 </i>
    <i name="XCdc">    107.64268805 </i>
    <i name="pawpsdc">    266.83608237 </i>
    <i name="pawaedc">   -271.50813983 </i>
    <i name="eentropy">     -0.00240908 </i>
    <i name="bandstr">    248.41726104 </i>
    <i name="atom">    742.61752096 </i>
    <i name="e_fr_energy">   -180.73617260 </i>
    <i name="e_wo_entrp">   -180.73376352 </i>
    <i name="e_0_energy">   -180.73496806 </i>
   </energy>
  </scstep>
  <scstep>
   <time name="dav">    0.07    0.07</time>
   <time name="total">    0.13    0.13</time>
   <energy>
    <i name="e_fr_energy">    -48.54045174 </i>
    <i name="e_wo_entrp">    -48.53765236 </i>
    <i name="e_0_energy">    -48.53905205 </i>
   </energy>
  </scstep>
  <scstep>
   <time name="dav">    0.08    0.09</time>
   <time name="total">    0.15    0.15</time>
   <energy>
    <i name="e_fr_energy">     -9.51526754 </i>
    <i name="e_wo_entrp">     -9.51246816 </i>
    <i name="e_0_energy">     -9.51386785 </i>
   </energy>
  </scstep>
  <scstep>
   <time name="dav">    0.10    0.10</time>
   <time name="total">    0.16    0.16</time>
   <energy>
    <i name="e_fr_energy">     -7.58446372 </i>
    <i name="e_wo_entrp">     -7.58166434 </i>
    <i name="e_0_energy">     -7.58306403 </i>
   </energy>
  </scstep>
  <scstep>
   <time name="dav">    0.07    0.07</time>
   <time name="total">    0.13    0.13</time>
   <energy>
    <i name="e_fr_energy">     -7.22475912 </i>
    <i name="e_wo_entrp">     -7.22195974 </i>
    <i name="e_0_energy">     -7.22335943 </i>
   </energy>
  </scstep>
  <scstep>
   <time name="dav">    0.08    0.08</time>
   <time name="total">    0.13    0.14</time>
   <energy>
    <i name="e_fr_energy">     -7.22461511 </i>
    <i name="e_wo_entrp">     -7.22181573 </i>
    <i name="e_0_energy">     -7.22321542 </i>
   </energy>
  </scstep>
  <scstep>
   <time name="dav">    0.09    0.09</time>
   <time name="total">    0.15    0.15</time>
   <energy>
    <i name="e_fr_energy">     -7.22297240 </i>
    <i name="e_wo_entrp">     -7.22017302 </i>
    <i name="e_0_energy">     -7.22157271 </i>
   </energy>
  </scstep>
  <scstep>
   <time name="dav">    0.08    0.08</time>
   <time name="total">    0.14    0.15</time>
   <energy>
    <i name="e_fr_energy">     -7.22299424 </i>
    <i name="e_wo_entrp">     -7.22019486 </i>
    <i name="e_0_energy">     -7.22159455 </i>
   </energy>
  </scstep>
  <scstep>
   <time name="dav">    0.05    0.05</time>
   <time name="total">    0.09    0.09</time>
   <energy>
    <i name="alphaZ">    122.47207714 </i>
    <i name="ewald">   -986.17303148 </i>
    <i name="hartreedc">    -70.61635766 </i>
    <i name="XCdc">     79.53201351 </i>
    <i name="pawpsdc">    610.04751898 </i>
    <i name="pawaedc">   -616.71915416 </i>
    <i name="eentropy">     -0.00279938 </i>
    <i name="bandstr">    111.61921837 </i>
    <i name="atom">    742.61752096 </i>
    <i name="e_fr_energy">     -7.22299371 </i>
    <i name="e_wo_entrp">     -7.22019433 </i>
    <i name="e_0_energy">     -7.22159402 </i>
   </energy>
  </scstep>
  <structure>
   <crystal>
    <varray name="basis" >
     <v>       2.56322141      -0.00000001      -0.00000001 </v>
     <v>       0.00000019       2.56322141      -0.00000001 </v>
     <v>       0.00000019       0.00000019       2.56322141 </v>
    </varray>
    <i name="volume">     16.84063129 </i>
    <varray name="rec_basis" >
     <v>       0.39013407      -0.00000003      -0.00000003 </v>
     <v>       0.00000000       0.39013407      -0.00000003 </v>
     <v>       0.00000000       0.00000000       0.39013407 </v>
    </varray>
   </crystal>
   <varray name="positions" >
    <v>       0.00000000       0.50000000       0.50000000 </v>
    <v>       0.50000000       0.00000000       0.50000000 </v>
    <v>       0.50000000       0.50000000       0.00000000 </v>
    <v>       0.50000000       0.50000000       0.50000000 </v>
    <v>       0.00000000       0.00000000       0.00000000 </v>
   </varray>
  </structure>
  <varray name="forces" >
   <v>       0.00000000       0.00000000      -0.00000000 </v>
   <v>      -0.00000000       0.00000000      -0.00000000 </v>
   <v>      -0.00000000       0.00000000      -0.00000000 </v>
   <v>       0.00000000      -0.00000000       0.00000000 </v>
   <v>      -0.00000000       0.00000000      -0.00000000 </v>
  </varray>
  <varray name="stress" >
   <v>    5621.76325933       0.00039652       0.00039652 </v>
   <v>       0.00039652    5621.76325933       0.00039652 </v>
   <v>       0.00039652       0.00039652    5621.76325933 </v>
  </varray>
  <energy>
   <i name="e_fr_energy">     24.31027850 </i>
   <i name="e_wo_entrp">     24.31167819 </i>
   <i name="e_0_energy">     -0.00279938 </i>
  </energy>
  <time name="totalsc">    1.53    1.59</time>
 </calculation>
 <calculation>
  <scstep>
   <time name="dav">    0.07    0.07</time>
   <time name="total">    0.13    0.14</time>
   <energy>
    <i name="alphaZ">    102.25434103 </i>
    <i name="ewald">   -928.61282794 </i>
    <i name="hartreedc">    -66.49102410 </i>
    <i name="XCdc">     75.09337774 </i>
    <i name="pawpsdc">    610.05123570 </i>
    <i name="pawaedc">   -616.72249338 </i>
    <i name="eentropy">     -0.00279938 </i>
    <i name="bandstr">     65.22869446 </i>
    <i name="atom">    742.61752096 </i>
    <i name="e_fr_energy">    -16.58397489 </i>
    <i name="e_wo_entrp">    -16.58117551 </i>
    <i name="e_0_energy">    -16.58257520 </i>
   </energy>
  </scstep>
  <scstep>
   <time name="dav">    0.07    0.07</time>
   <time name="total">    0.12    0.13</time>
   <energy>
    <i name="e_fr_energy">    -15.92056428 </i>
    <i name="e_wo_entrp">    -15.91776491 </i>
    <i name="e_0_energy">    -15.91916460 </i>
   </energy>
  </scstep>
  <scstep>
   <time name="dav">    0.09    0.09</time>
   <time name="total">    0.15    0.15</time>
   <energy>
    <i name="e_fr_energy">    -15.85567155 </i>
    <i name="e_wo_entrp">    -15.85287217 </i>
    <i name="e_0_energy">    -15.85427186 </i>
   </energy>
  </scstep>
  <scstep>
   <time name="dav">    0.08    0.08</time>
   <time name="total">    0.13    0.13</time>
   <energy>
    <i name="e_fr_energy">    -15.84762163 </i>
    <i name="e_wo_entrp">    -15.84482225 </i>
    <i name="e_0_energy">    -15.84622194 </i>
   </energy>
  </scstep>
  <scstep>
   <time name="dav">    0.09    0.09</time>
   <time name="total">    0.15    0.15</time>
   <energy>
    <i name="e_fr_energy">    -15.84499238 </i>
    <i name="e_wo_entrp">    -15.84219300 </i>
    <i name="e_0_energy">    -15.84359269 </i>
   </energy>
  </scstep>
  <scstep>
   <time name="dav">    0.07    0.08</time>
   <time name="total">    0.13    0.14</time>
   <energy>
    <i name="e_fr_energy">    -15.84498171 </i>
    <i name="e_wo_entrp">    -15.84218233 </i>
    <i name="e_0_energy">    -15.84358202 </i>
   </energy>
  </scstep>
  <scstep>
   <time name="dav">    0.05    0.05</time>
   <time name="total">    0.08    0.08</time>
   <energy>
    <i name="alphaZ">    102.25434103 </i>
    <i name="ewald">   -928.61282794 </i>
    <i name="hartreedc">    -77.10431117 </i>
    <i name="XCdc">     75.91466197 </i>
    <i name="pawpsdc">    509.96868662 </i>
    <i name="pawaedc">   -516.13747288 </i>
    <i name="eentropy">     -0.00279938 </i>
    <i name="bandstr">     75.25722340 </i>
    <i name="atom">    742.61752096 </i>
    <i name="e_fr_energy">    -15.84497739 </i>
    <i name="e_wo_entrp">    -15.84217801 </i>
    <i name="e_0_energy">    -15.84357770 </i>
   </energy>
  </scstep>
  <structure>
   <crystal>
    <varray name="basis" >
     <v>       2.72210307      -0.00000001      -0.00000001 </v>
     <v>       0.00000020       2.72210307      -0.00000001 </v>
     <v>       0.00000020       0.00000020       2.72210307 </v>
    </varray>
    <i name="volume">     20.17036220 </i>
    <varray name="rec_basis" >
     <v>       0.36736302      -0.00000003      -0.00000003 </v>
     <v>       0.00000000       0.36736302      -0.00000003 </v>
     <v>       0.00000000       0.00000000       0.36736302 </v>
    </varray>
   </crystal>
   <varray name="positions" >
    <v>       0.00000000       0.50000000       0.50000000 </v>
    <v>       0.50000000       0.00000000       0.50000000 </v>
    <v>       0.50000000       0.50000000      -0.00000000 </v>
    <v>       0.50000000       0.50000000       0.50000000 </v>
    <v>       0.00000000       0.00000000      -0.00000000 </v>
   </varray>
  </structure>
  <varray name="forces" >
   <v>      -0.00000000      -0.00000000      -0.00000000 </v>
   <v>      -0.00000000      -0.00000000       0.00000000 </v>
   <v>       0.00000000      -0.00000000       0.00000000 </v>
   <v>       0.00000000       0.00000000       0.00000000 </v>
   <v>      -0.00000000      -0.00000000       0.00000000 </v>
  </varray>
  <varray name="stress" >
   <v>    2962.42448748       0.00021067       0.00021067 </v>
   <v>       0.00021067    2962.42448748       0.00021067 </v>
   <v>       0.00021067       0.00021067    2962.42448748 </v>
  </varray>
  <energy>
   <i name="e_fr_energy">     21.92305581 </i>
   <i name="e_wo_entrp">     21.92445550 </i>
   <i name="e_0_energy">     -0.00279938 </i>
  </energy>
  <time name="totalsc">    1.19    1.27</time>
 </calculation>
 <calculation>
  <scstep>
   <time name="dav">    0.07    0.07</time>
   <time name="total">    0.12    0.14</time>
   <energy>
    <i name="alphaZ">    102.55710439 </i>
    <i name="ewald">   -929.52843019 </i>
    <i name="hartreedc">    -77.17982193 </i>
    <i name="XCdc">     75.98600354 </i>
    <i name="pawpsdc">    509.97525929 </i>
    <i name="pawaedc">   -516.14425591 </i>
    <i name="eentropy">     -0.00279938 </i>
    <i name="bandstr">     75.98496230 </i>
    <i name="atom">    742.61752096 </i>
    <i name="e_fr_energy">    -15.73445691 </i>
    <i name="e_wo_entrp">    -15.73165753 </i>
    <i name="e_0_energy">    -15.73305722 </i>
   </energy>
  </scstep>
  <scstep>
   <time name="dav">    0.07    0.07</time>
   <time name="total">    0.13    0.13</time>
   <energy>
    <i name="e_fr_energy">    -15.73426413 </i>
    <i name="e_wo_entrp">    -15.73146475 </i>
    <i name="e_0_energy">    -15.73286444 </i>
   </energy>
  </scstep>
  <scstep>
   <time name="dav">    0.08    0.09</time>
   <time name="total">    0.14    0.15</time>
   <energy>
    <i name="e_fr_energy">    -15.73424638 </i>
    <i name="e_wo_entrp">    -15.73144701 </i>
    <i name="e_0_energy">    -15.73284669 </i>
   </energy>
  </scstep>
  <scstep>
   <time name="dav">    0.05    0.05</time>
   <time name="total">    0.08    0.08</time>
   <energy>
    <i name="alphaZ">    102.55710439 </i>
    <i name="ewald">   -929.52843019 </i>
    <i name="hartreedc">    -76.99241933 </i>
    <i name="XCdc">     75.97162171 </i>
    <i name="pawpsdc">    511.12422761 </i>
    <i name="pawaedc">   -517.29942313 </i>
    <i name="eentropy">     -0.00279938 </i>
    <i name="bandstr">     75.81835290 </i>
    <i name="atom">    742.61752096 </i>
    <i name="e_fr_energy">    -15.73424445 </i>
    <i name="e_wo_entrp">    -15.73144508 </i>
    <i name="e_0_energy">    -15.73284476 </i>
   </energy>
  </scstep>
  <structure>
   <crystal>
    <varray name="basis" >
     <v>       2.71942175      -0.00000001      -0.00000001 </v>
     <v>       0.00000020       2.71942175      -0.00000001 </v>
     <v>       0.00000020       0.00000020       2.71942175 </v>
    </varray>
    <i name="volume">     20.11081638 </i>
    <varray name="rec_basis" >
     <v>       0.36772523      -0.00000003      -0.00000003 </v>
     <v>       0.00000000       0.36772523      -0.00000003 </v>
     <v>       0.00000000       0.00000000       0.36772523 </v>
    </varray>
   </crystal>
   <varray name="positions" >
    <v>       0.00000000       0.50000000       0.50000000 </v>
    <v>       0.50000000       0.00000000       0.50000000 </v>
    <v>       0.50000000       0.50000000      -0.00000000 </v>
    <v>       0.50000000       0.50000000       0.50000000 </v>
    <v>       0.00000000       0.00000000      -0.00000000 </v>
   </varray>
  </structure>
  <varray name="forces" >
   <v>      -0.00000000      -0.00000000       0.00000000 </v>
   <v>       0.00000000       0.00000000       0.00000000 </v>
   <v>       0.00000000       0.00000000       0.00000000 </v>
   <v>       0.00000000      -0.00000000      -0.00000000 </v>
   <v>       0.00000000       0.00000000       0.00000000 </v>
  </varray>
  <varray name="stress" >
   <v>    2996.52616751       0.00021307       0.00021307 </v>
   <v>       0.00021307    2996.52616751       0.00021307 </v>
   <v>       0.00021307       0.00021307    2996.52616751 </v>
  </varray>
  <energy>
   <i name="e_fr_energy">     21.92229207 </i>
   <i name="e_wo_entrp">     21.92369176 </i>
   <i name="e_0_energy">     -0.00279938 </i>
  </energy>
  <time name="totalsc">    0.77    0.82</time>
  <eigenvalues>
   <array>
    <dimension dim="1">band</dimension>
    <dimension dim="2">kpoint</dimension>
    <dimension dim="3">spin</dimension>
    <field>eigene</field>
    <field>occ</field>
    <set>
     <set comment="spin 1">
      <set comment="kpoint 1">
       <r>  -12.9355    1.0000 </r>
       <r>   -0.7946    1.0000 </r>
       <r>   -0.7946    1.0000 </r>
       <r>   -0.7946    1.0000 </r>
       <r>   -0.0825    1.0000 </r>
       <r>   12.0113    1.0000 </r>
       <r>   12.0113    1.0000 </r>
       <r>   12.0113    1.0000 </r>
       <r>   14.8279    1.0000 </r>
       <r>   14.8279    1.0000 </r>
       <r>   21.8060    0.0000 </r>
       <r>   21.8060    0.0000 </r>
       <r>   21.8060    0.0000 </r>
       <r>   22.7257    0.0000 </r>
       <r>   27.2400    0.0000 </r>
       <r>   27.2400    0.0000 </r>
      </set>
      <set comment="kpoint 2">
       <r>  -11.9083    1.0000 </r>
       <r>   -5.5680    1.0000 </r>
       <r>    0.1625    1.0000 </r>
       <r>    0.1625    1.0000 </r>
       <r>    4.1318    1.0000 </r>
       <r>    8.5359    1.0000 </r>
       <r>   10.2303    1.0000 </r>
       <r>   10.2304    1.0000 </r>
       <r>   15.2752    1.0000 </r>
       <r>   20.0829    0.0000 </r>
       <r>   20.0829    0.0000 </r>
       <r>   20.0871    0.0000 </r>
       <r>   20.7584    0.0000 </r>
       <r>   23.7630    0.0000 </r>
       <r>   23.7630    0.0000 </r>
       <r>   23.9343    0.0000 </r>
      </set>
      <set comment="kpoint 3">
       <r>  -11.2105    1.0000 </r>
       <r>   -4.8108    1.0000 </r>
       <r>   -2.0745    1.0000 </r>
       <r>    0.9501    1.0000 </r>
       <r>    1.9236    1.0000 </r>
       <r>    8.8931    1.0000 </r>
       <r>   10.8610    1.0000 </r>
       <r>   11.0475    1.0000 </r>
       <r>   16.1525    1.0000 </r>
       <r>   16.4682    1.0000 </r>
       <r>   18.7695    0.0417 </r>
       <r>   19.3958    0.0000 </r>
       <r>   22.1925    0.0000 </r>
       <r>   22.5281    0.0000 </r>
       <r>   23.5095    0.0000 </r>
       <r>   27.6889    0.0000 </r>
      </set>
      <set comment="kpoint 4">
       <r>  -10.8211    1.0000 </r>
       <r>   -3.6639    1.0000 </r>
       <r>   -0.5055    1.0000 </r>
       <r>   -0.5055    1.0000 </r>
       <r>    1.9043    1.0000 </r>
       <r>    5.6436    1.0000 </r>
       <r>    5.6436    1.0000 </r>
       <r>    9.6082    1.0000 </r>
       <r>   17.4410    1.0000 </r>
       <r>   19.8888    0.0000 </r>
       <r>   19.8888    0.0000 </r>
       <r>   22.6972    0.0000 </r>
       <r>   22.6972    0.0000 </r>
       <r>   26.2504    0.0000 </r>
       <r>   26.9704    0.0000 </r>
       <r>   27.1896    0.0000 </r>
      </set>
     </set>
    </set>
   </array>
  </eigenvalues>
  <separator name="orbital magnetization" >
   <v name="MAGDIPOLOUT">      0.00000000      0.00000000      0.00000000</v>
  </separator>
  <dos>
   <i name="efermi">     18.70829357 </i>
   <total>
    <array>
     <dimension dim="1">gridpoints</dimension>
     <dimension dim="2">spin</dimension>
     <field>energy</field>
     <field>total</field>
     <field>integrated</field>
     <set>
      <set comment="spin 1">
       <r>   -14.9668     0.0000     0.0000 </r>
       <r>   -14.8178     0.0000     0.0000 </r>
       <r>   -14.6689     0.0000     0.0000 </r>
       <r>   -14.5199     0.0000     0.0000 </r>
       <r>   -14.3709     0.0000     0.0000 </r>
       <r>   -14.2220     0.0000     0.0000 </r>
       <r>   -14.0730     0.0000     0.0000 </r>
       <r>   -13.9241     0.0000     0.0000 </r>
       <r>   -13.7751     0.0000     0.0000 </r>
       <r>   -13.6262     0.0000     0.0000 </r>
       <r>   -13.4772     0.0000     0.0000 </r>
       <r>   -13.3282     0.0000     0.0000 </r>
       <r>   -13.1793     0.0000     0.0000 </r>
       <r>   -13.0303     0.0018     0.0003 </r>
       <r>   -12.8814     0.4643     0.0694 </r>
       <r>   -12.7324     0.0312     0.0741 </r>
       <r>   -12.5835     0.0000     0.0741 </r>
       <r>   -12.4345     0.0000     0.0741 </r>
       <r>   -12.2856     0.0000     0.0741 </r>
       <r>   -12.1366     0.0000     0.0741 </r>
       <r>   -11.9876     0.0369     0.0796 </r>
       <r>   -11.8387     2.8736     0.5076 </r>
       <r>   -11.6897     0.0732     0.5185 </r>
       <r>   -11.5408     0.0000     0.5185 </r>
       <r>   -11.3918     0.0000     0.5185 </r>
       <r>   -11.2429     1.0759     0.6788 </r>
       <r>   -11.0939     4.8886     1.4070 </r>
       <r>   -10.9449     0.0038     1.4075 </r>
       <r>   -10.7960     3.0277     1.8585 </r>
       <r>   -10.6470     0.9497     2.0000 </r>
       <r>   -10.4981     0.0000     2.0000 </r>
       <r>   -10.3491     0.0000     2.0000 </r>
       <r>   -10.2002     0.0000     2.0000 </r>
       <r>   -10.0512     0.0000     2.0000 </r>
       <r>    -9.9023     0.0000     2.0000 </r>
       <r>    -9.7533     0.0000     2.0000 </r>
       <r>    -9.6043     0.0000     2.0000 </r>
       <r>    -9.4554     0.0000     2.0000 </r>
       <r>    -9.3064     0.0000     2.0000 </r>
       <r>    -9.1575     0.0000     2.0000 </r>
       <r>    -9.0085     0.0000     2.0000 </r>
       <r>    -8.8596     0.0000     2.0000 </r>
       <r>    -8.7106     0.0000     2.0000 </r>
       <r>    -8.5616     0.0000     2.0000 </r>
       <r>    -8.4127     0.0000     2.0000 </r>
       <r>    -8.2637     0.0000     2.0000 </r>
       <r>    -8.1148     0.0000     2.0000 </r>
       <r>    -7.9658     0.0000     2.0000 </r>
       <r>    -7.8169     0.0000     2.0000 </r>
       <r>    -7.6679     0.0000     2.0000 </r>
       <r>    -7.5190     0.0000     2.0000 </r>
       <r>    -7.3700     0.0000     2.0000 </r>
       <r>    -7.2210     0.0000     2.0000 </r>
       <r>    -7.0721     0.0000     2.0000 </r>
       <r>    -6.9231     0.0000     2.0000 </r>
       <r>    -6.7742     0.0000     2.0000 </r>
       <r>    -6.6252     0.0000     2.0000 </r>
       <r>    -6.4763     0.0000     2.0000 </r>
       <r>    -6.3273     0.0000     2.0000 </r>
       <r>    -6.1783     0.0000     2.0000 </r>
       <r>    -6.0294     0.0000     2.0000 </r>
       <r>    -5.8804     0.0000     2.0000 </r>
       <r>    -5.7315     0.0000     2.0000 </r>
       <r>    -5.5825     1.0176     2.1516 </r>
       <r>    -5.4336     1.9659     2.4444 </r>
       <r>    -5.2846     0.0002     2.4444 </r>
       <r>    -5.1357     0.0000     2.4444 </r>
       <r>    -4.9867     0.0000     2.4444 </r>
       <r>    -4.8377     1.3305     2.6426 </r>
       <r>    -4.6888     4.6352     3.3331 </r>
       <r>    -4.5398     0.0017     3.3333 </r>
       <r>    -4.3909     0.0000     3.3333 </r>
       <r>    -4.2419     0.0000     3.3333 </r>
       <r>    -4.0930     0.0000     3.3333 </r>
       <r>    -3.9440     0.0000     3.3333 </r>
       <r>    -3.7950     0.0004     3.3334 </r>
       <r>    -3.6461     2.7555     3.7438 </r>
       <r>    -3.4971     1.2224     3.9259 </r>
       <r>    -3.3482     0.0000     3.9259 </r>
       <r>    -3.1992     0.0000     3.9259 </r>
       <r>    -3.0503     0.0000     3.9259 </r>
       <r>    -2.9013     0.0000     3.9259 </r>
       <r>    -2.7524     0.0000     3.9259 </r>
       <r>    -2.6034     0.0000     3.9259 </r>
       <r>    -2.4544     0.0000     3.9259 </r>
       <r>    -2.3055     0.0000     3.9259 </r>
       <r>    -2.1565     0.0607     3.9350 </r>
       <r>    -2.0076     5.7327     4.7889 </r>
       <r>    -1.8586     0.1740     4.8148 </r>
       <r>    -1.7097     0.0000     4.8148 </r>
       <r>    -1.5607     0.0000     4.8148 </r>
       <r>    -1.4117     0.0000     4.8148 </r>
       <r>    -1.2628     0.0000     4.8148 </r>
       <r>    -1.1138     0.0000     4.8148 </r>
       <r>    -0.9649     0.0000     4.8148 </r>
       <r>    -0.8159     0.4076     4.8755 </r>
       <r>    -0.6670     1.0840     5.0370 </r>
       <r>    -0.5180     2.8756     5.4653 </r>
       <r>    -0.3691     5.0808     6.2222 </r>
       <r>    -0.2201     0.0005     6.2222 </r>
       <r>    -0.0711     0.3113     6.2686 </r>
       <r>     0.0778     0.2355     6.3037 </r>
       <r>     0.2268     5.7117     7.1545 </r>
       <r>     0.3757     0.2062     7.1852 </r>
       <r>     0.5247     0.0000     7.1852 </r>
       <r>     0.6736     0.0000     7.1852 </r>
       <r>     0.8226     0.0009     7.1853 </r>
       <r>     0.9716     4.3447     7.8325 </r>
       <r>     1.1205     1.6218     8.0741 </r>
       <r>     1.2695     0.0000     8.0741 </r>
       <r>     1.4184     0.0000     8.0741 </r>
       <r>     1.5674     0.0000     8.0741 </r>
       <r>     1.7163     0.0000     8.0741 </r>
       <r>     1.8653     0.8322     8.1980 </r>
       <r>     2.0143     9.0790     9.5504 </r>
       <r>     2.1632     0.0346     9.5556 </r>
       <r>     2.3122     0.0000     9.5556 </r>
       <r>     2.4611     0.0000     9.5556 </r>
       <r>     2.6101     0.0000     9.5556 </r>
       <r>     2.7590     0.0000     9.5556 </r>
       <r>     2.9080     0.0000     9.5556 </r>
       <r>     3.0569     0.0000     9.5556 </r>
       <r>     3.2059     0.0000     9.5556 </r>
       <r>     3.3549     0.0000     9.5556 </r>
       <r>     3.5038     0.0000     9.5556 </r>
       <r>     3.6528     0.0000     9.5556 </r>
       <r>     3.8017     0.0000     9.5556 </r>
       <r>     3.9507     0.0000     9.5556 </r>
       <r>     4.0996     0.5425     9.6364 </r>
       <r>     4.2486     2.4398     9.9998 </r>
       <r>     4.3976     0.0014    10.0000 </r>
       <r>     4.5465     0.0000    10.0000 </r>
       <r>     4.6955     0.0000    10.0000 </r>
       <r>     4.8444     0.0000    10.0000 </r>
       <r>     4.9934     0.0000    10.0000 </r>
       <r>     5.1423     0.0000    10.0000 </r>
       <r>     5.2913     0.0000    10.0000 </r>
       <r>     5.4402     0.0000    10.0000 </r>
       <r>     5.5892     0.4918    10.0733 </r>
       <r>     5.7382     7.4349    11.1807 </r>
       <r>     5.8871     0.0299    11.1852 </r>
       <r>     6.0361     0.0000    11.1852 </r>
       <r>     6.1850     0.0000    11.1852 </r>
       <r>     6.3340     0.0000    11.1852 </r>
       <r>     6.4829     0.0000    11.1852 </r>
       <r>     6.6319     0.0000    11.1852 </r>
       <r>     6.7809     0.0000    11.1852 </r>
       <r>     6.9298     0.0000    11.1852 </r>
       <r>     7.0788     0.0000    11.1852 </r>
       <r>     7.2277     0.0000    11.1852 </r>
       <r>     7.3767     0.0000    11.1852 </r>
       <r>     7.5256     0.0000    11.1852 </r>
       <r>     7.6746     0.0000    11.1852 </r>
       <r>     7.8235     0.0000    11.1852 </r>
       <r>     7.9725     0.0000    11.1852 </r>
       <r>     8.1215     0.0000    11.1852 </r>
       <r>     8.2704     0.0000    11.1852 </r>
       <r>     8.4194     0.0015    11.1854 </r>
       <r>     8.5683     2.4460    11.5497 </r>
       <r>     8.7173     0.5363    11.6296 </r>
       <r>     8.8662     1.3330    11.8282 </r>
       <r>     9.0152     4.6328    12.5183 </r>
       <r>     9.1642     0.0017    12.5185 </r>
       <r>     9.3131     0.0000    12.5185 </r>
       <r>     9.4621     0.0001    12.5185 </r>
       <r>     9.6110     2.1164    12.8338 </r>
       <r>     9.7600     1.8618    13.1111 </r>
       <r>     9.9089     0.0000    13.1111 </r>
       <r>    10.0579     0.0000    13.1111 </r>
       <r>    10.2068     1.5104    13.3361 </r>
       <r>    10.3558     4.4559    13.9998 </r>
       <r>    10.5048     0.0012    14.0000 </r>
       <r>    10.6537     0.0000    14.0000 </r>
       <r>    10.8027     0.2946    14.0439 </r>
       <r>    10.9516     5.6618    14.8873 </r>
       <r>    11.1006     5.5819    15.7187 </r>
       <r>    11.2495     0.3965    15.7778 </r>
       <r>    11.3985     0.0000    15.7778 </r>
       <r>    11.5475     0.0000    15.7778 </r>
       <r>    11.6964     0.0000    15.7778 </r>
       <r>    11.8454     0.0000    15.7778 </r>
       <r>    11.9943     0.4714    15.8480 </r>
       <r>    12.1433     1.0203    16.0000 </r>
       <r>    12.2922     0.0001    16.0000 </r>
       <r>    12.4412     0.0000    16.0000 </r>
       <r>    12.5901     0.0000    16.0000 </r>
       <r>    12.7391     0.0000    16.0000 </r>
       <r>    12.8881     0.0000    16.0000 </r>
       <r>    13.0370     0.0000    16.0000 </r>
       <r>    13.1860     0.0000    16.0000 </r>
       <r>    13.3349     0.0000    16.0000 </r>
       <r>    13.4839     0.0000    16.0000 </r>
       <r>    13.6328     0.0000    16.0000 </r>
       <r>    13.7818     0.0000    16.0000 </r>
       <r>    13.9308     0.0000    16.0000 </r>
       <r>    14.0797     0.0000    16.0000 </r>
       <r>    14.2287     0.0000    16.0000 </r>
       <r>    14.3776     0.0000    16.0000 </r>
       <r>    14.5266     0.0000    16.0000 </r>
       <r>    14.6755     0.0000    16.0000 </r>
       <r>    14.8245     0.4587    16.0683 </r>
       <r>    14.9734     0.5359    16.1481 </r>
       <r>    15.1224     0.0000    16.1482 </r>
       <r>    15.2714     1.3621    16.3510 </r>
       <r>    15.4203     1.6216    16.5926 </r>
       <r>    15.5693     0.0001    16.5926 </r>
       <r>    15.7182     0.0000    16.5926 </r>
       <r>    15.8672     0.0000    16.5926 </r>
       <r>    16.0161     0.0003    16.5926 </r>
       <r>    16.1651     3.8122    17.1605 </r>
       <r>    16.3141     2.1549    17.4815 </r>
       <r>    16.4630     2.6349    17.8740 </r>
       <r>    16.6120     3.3324    18.3703 </r>
       <r>    16.7609     0.0001    18.3704 </r>
       <r>    16.9099     0.0000    18.3704 </r>
       <r>    17.0588     0.0000    18.3704 </r>
       <r>    17.2078     0.0000    18.3704 </r>
       <r>    17.3567     0.0342    18.3755 </r>
       <r>    17.5057     3.8105    18.9431 </r>
       <r>    17.6547     0.1335    18.9630 </r>
       <r>    17.8036     0.0000    18.9630 </r>
       <r>    17.9526     0.0000    18.9630 </r>
       <r>    18.1015     0.0000    18.9630 </r>
       <r>    18.2505     0.0000    18.9630 </r>
       <r>    18.3994     0.0000    18.9630 </r>
       <r>    18.5484     0.0000    18.9630 </r>
       <r>    18.6974     0.1231    18.9813 </r>
       <r>    18.8463     5.7553    19.8386 </r>
       <r>    18.9953     0.0891    19.8519 </r>
       <r>    19.1442     0.0000    19.8519 </r>
       <r>    19.2932     0.0111    19.8535 </r>
       <r>    19.4421     5.3897    20.6563 </r>
       <r>    19.5911     0.5667    20.7407 </r>
       <r>    19.7400     0.0001    20.7408 </r>
       <r>    19.8890     3.9986    21.3364 </r>
       <r>    20.0380     4.8111    22.0530 </r>
       <r>    20.1869     8.0811    23.2568 </r>
       <r>    20.3359     0.0168    23.2593 </r>
       <r>    20.4848     0.0000    23.2593 </r>
       <r>    20.6338     0.0006    23.2594 </r>
       <r>    20.7827     2.2510    23.5947 </r>
       <r>    20.9317     0.7321    23.7037 </r>
       <r>    21.0807     0.0000    23.7037 </r>
       <r>    21.2296     0.0000    23.7037 </r>
       <r>    21.3786     0.0000    23.7037 </r>
       <r>    21.5275     0.0000    23.7037 </r>
       <r>    21.6765     0.0002    23.7037 </r>
       <r>    21.8254     1.0570    23.8612 </r>
       <r>    21.9744     0.4347    23.9259 </r>
       <r>    22.1233     0.1503    23.9483 </r>
       <r>    22.2723     5.7454    24.8041 </r>
       <r>    22.4213     0.0793    24.8159 </r>
       <r>    22.5702     5.2653    25.6002 </r>
       <r>    22.7192     6.7371    26.6038 </r>
       <r>    22.8681     2.4114    26.9630 </r>
       <r>    23.0171     0.0000    26.9630 </r>
       <r>    23.1660     0.0000    26.9630 </r>
       <r>    23.3150     0.0000    26.9630 </r>
       <r>    23.4640     0.5894    27.0508 </r>
       <r>    23.6129     5.3678    27.8503 </r>
       <r>    23.7619     2.9197    28.2852 </r>
       <r>    23.9108     3.8146    28.8534 </r>
       <r>    24.0598     2.2265    29.1851 </r>
       <r>    24.2087     0.0006    29.1852 </r>
       <r>    24.3577     0.0000    29.1852 </r>
       <r>    24.5067     0.0000    29.1852 </r>
       <r>    24.6556     0.0000    29.1852 </r>
       <r>    24.8046     0.0000    29.1852 </r>
       <r>    24.9535     0.0000    29.1852 </r>
       <r>    25.1025     0.0000    29.1852 </r>
       <r>    25.2514     0.0000    29.1852 </r>
       <r>    25.4004     0.0000    29.1852 </r>
       <r>    25.5493     0.0000    29.1852 </r>
       <r>    25.6983     0.0000    29.1852 </r>
       <r>    25.8473     0.0000    29.1852 </r>
       <r>    25.9962     0.0000    29.1852 </r>
       <r>    26.1452     0.0058    29.1860 </r>
       <r>    26.2941     3.5424    29.7137 </r>
       <r>    26.4431     0.4301    29.7778 </r>
       <r>    26.5920     0.0000    29.7778 </r>
       <r>    26.7410     0.0000    29.7778 </r>
       <r>    26.8900     0.0456    29.7846 </r>
       <r>    27.0389     3.8282    30.3548 </r>
       <r>    27.1879     2.0865    30.6656 </r>
       <r>    27.3368     2.9877    31.1106 </r>
       <r>    27.4858     0.0031    31.1111 </r>
       <r>    27.6347     0.3745    31.1669 </r>
       <r>    27.7837     5.5711    31.9967 </r>
       <r>    27.9326     0.0219    32.0000 </r>
       <r>    28.0816     0.0000    32.0000 </r>
       <r>    28.2306     0.0000    32.0000 </r>
       <r>    28.3795     0.0000    32.0000 </r>
       <r>    28.5285     0.0000    32.0000 </r>
       <r>    28.6774     0.0000    32.0000 </r>
       <r>    28.8264     0.0000    32.0000 </r>
       <r>    28.9753     0.0000    32.0000 </r>
       <r>    29.1243     0.0000    32.0000 </r>
       <r>    29.2733     0.0000    32.0000 </r>
       <r>    29.4222     0.0000    32.0000 </r>
       <r>    29.5712     0.0000    32.0000 </r>
       <r>    29.7201     0.0000    32.0000 </r>
      </set>
     </set>
    </array>
   </total>
  </dos>
 </calculation>
 <structure name="finalpos" >
  <crystal>
   <varray name="basis" >
    <v>       2.71942175      -0.00000001      -0.00000001 </v>
    <v>       0.00000020       2.71942175      -0.00000001 </v>
    <v>       0.00000020       0.00000020       2.71942175 </v>
   </varray>
   <i name="volume">     20.11081638 </i>
   <varray name="rec_basis" >
    <v>       0.36772523      -0.00000003      -0.00000003 </v>
    <v>       0.00000000       0.36772523      -0.00000003 </v>
    <v>       0.00000000       0.00000000       0.36772523 </v>
   </varray>
  </crystal>
  <varray name="positions" >
   <v>       0.00000000       0.50000000       0.50000000 </v>
   <v>       0.50000000       0.00000000       0.50000000 </v>
   <v>       0.50000000       0.50000000      -0.00000000 </v>
   <v>       0.50000000       0.50000000       0.50000000 </v>
   <v>       0.00000000       0.00000000      -0.00000000 </v>
  </varray>
 </structure>
</modeling>
