<?xml version="1.0" encoding="ISO-8859-1"?>
<modeling>
 <generator>
  <i name="program" type="string">vasp </i>
  <i name="version" type="string">5.4.4.18Apr17-6-g9f103f2a35  </i>
  <i name="subversion" type="string">(build Nov 14 2022 07:55:26) complex            parallel </i>
  <i name="platform" type="string">LinuxIFC </i>
  <i name="date" type="string">2023 04 13 </i>
  <i name="time" type="string">16:38:14 </i>
 </generator>
 <incar>
  <i type="string" name="SYSTEM"> local optimisation</i>
  <i type="string" name="PREC">accurate</i>
  <i type="int" name="IBRION">     2</i>
  <i name="EDIFF">      0.00001000</i>
  <i type="int" name="NSW">   200</i>
  <i type="int" name="ISIF">     3</i>
  <i name="SYMPREC">      0.00010000</i>
  <i name="ENCUT">    600.00000000</i>
  <i name="POTIM">      0.10000000</i>
  <i type="int" name="ISMEAR">     0</i>
  <i name="SIGMA">      0.05000000</i>
  <i name="KSPACING">      0.50000000</i>
  <i name="PSTRESS">   3000.00000000</i>
  <i type="logical" name="LWAVE"> F  </i>
  <i type="logical" name="LCHARG"> F  </i>
  <v type="int" name="KPOINT_BSE">    -1     0     0     0</v>
 </incar>
 <structure name="primitive_cell" >
  <crystal>
   <varray name="basis" >
    <v>       2.87823550       0.00000000       0.00000000 </v>
    <v>      -1.43911765       2.49262512       0.00000000 </v>
    <v>       0.00000105       0.00000182      13.93853119 </v>
   </varray>
   <i name="volume">    100.00006984 </i>
   <varray name="rec_basis" >
    <v>       0.34743509       0.20059172      -0.00000005 </v>
    <v>       0.00000000       0.40118347      -0.00000005 </v>
    <v>       0.00000000       0.00000000       0.07174357 </v>
   </varray>
  </crystal>
  <varray name="positions" >
   <v>       0.00000000       0.00000000      -0.50000000 </v>
   <v>      -0.33329999       0.33329999      -0.50000000 </v>
   <v>       0.00000000       0.00000000      -0.27684185 </v>
   <v>       0.00000000       0.00000000       0.27684185 </v>
   <v>       0.00000000       0.00000000       0.00000000 </v>
  </varray>
 </structure>
 <varray name="primitive_index" >
  <v type="int" >        1 </v>
  <v type="int" >        5 </v>
  <v type="int" >        3 </v>
  <v type="int" >        4 </v>
  <v type="int" >        2 </v>
 </varray>
 <kpoints>
  <generation param="Gamma">
   <v type="int" name="divisions">       6        6        1 </v>
   <v name="usershift">      0.00000000       0.00000000       0.00000000 </v>
   <v name="genvec1">      0.16666667      -0.00000000      -0.00000000 </v>
   <v name="genvec2">      0.00000000       0.16666667       0.00000000 </v>
   <v name="genvec3">      0.00000000       0.00000000       1.00000000 </v>
   <v name="shift">      0.00000000       0.00000000       0.00000000 </v>
  </generation>
  <varray name="kpointlist" >
   <v>       0.00000000       0.00000000       0.00000000 </v>
   <v>       0.16666667       0.00000000       0.00000000 </v>
   <v>       0.33333333      -0.00000000       0.00000000 </v>
   <v>       0.50000000      -0.00000000       0.00000000 </v>
   <v>       0.16666667       0.16666667       0.00000000 </v>
   <v>       0.33333333       0.16666667      -0.00000000 </v>
   <v>       0.50000000       0.16666667       0.00000000 </v>
   <v>      -0.33333333       0.16666667       0.00000000 </v>
   <v>      -0.16666667       0.16666667      -0.00000000 </v>
   <v>       0.33333333       0.33333333       0.00000000 </v>
   <v>       0.50000000       0.33333333       0.00000000 </v>
   <v>      -0.33333333       0.33333333      -0.00000000 </v>
   <v>       0.50000000       0.50000000      -0.00000000 </v>
  </varray>
  <varray name="weights" >
   <v>       0.02777778 </v>
   <v>       0.11111111 </v>
   <v>       0.11111111 </v>
   <v>       0.05555556 </v>
   <v>       0.05555556 </v>
   <v>       0.11111111 </v>
   <v>       0.11111111 </v>
   <v>       0.11111111 </v>
   <v>       0.05555556 </v>
   <v>       0.05555556 </v>
   <v>       0.11111111 </v>
   <v>       0.05555556 </v>
   <v>       0.02777778 </v>
  </varray>
 </kpoints>
 <parameters>
  <separator name="general" >
   <i type="string" name="SYSTEM">local optimisation</i>
   <i type="logical" name="LCOMPAT"> F  </i>
  </separator>
  <separator name="electronic" >
   <i type="string" name="PREC">accura</i>
   <i name="ENMAX">    600.00000000</i>
   <i name="ENAUG">    627.11200000</i>
   <i name="EDIFF">      0.00001000</i>
   <i type="int" name="IALGO">    38</i>
   <i type="int" name="IWAVPR">    11</i>
   <i type="int" name="NBANDS">    16</i>
   <i name="NELECT">     21.00000000</i>
   <i type="int" name="TURBO">     0</i>
   <i type="int" name="IRESTART">     0</i>
   <i type="int" name="NREBOOT">     0</i>
   <i type="int" name="NMIN">     0</i>
   <i name="EREF">      0.00000000</i>
   <separator name="electronic smearing" >
    <i type="int" name="ISMEAR">     0</i>
    <i name="SIGMA">      0.05000000</i>
    <i name="KSPACING">      0.50000000</i>
    <i type="logical" name="KGAMMA"> T  </i>
   </separator>
   <separator name="electronic projectors" >
    <i type="logical" name="LREAL"> F  </i>
    <v name="ROPT">      0.00000000      0.00000000</v>
    <i type="int" name="LMAXPAW">  -100</i>
    <i type="int" name="LMAXMIX">     2</i>
    <i type="logical" name="NLSPLINE"> F  </i>
   </separator>
   <separator name="electronic startup" >
    <i type="int" name="ISTART">     0</i>
    <i type="int" name="ICHARG">     2</i>
    <i type="int" name="INIWAV">     1</i>
   </separator>
   <separator name="electronic spin" >
    <i type="int" name="ISPIN">     1</i>
    <i type="logical" name="LNONCOLLINEAR"> F  </i>
    <v name="MAGMOM">      1.00000000      1.00000000      1.00000000      1.00000000      1.00000000</v>
    <i name="NUPDOWN">     -1.00000000</i>
    <i type="logical" name="LSORBIT"> F  </i>
    <v name="SAXIS">      0.00000000      0.00000000      1.00000000</v>
    <i type="logical" name="LSPIRAL"> F  </i>
    <v name="QSPIRAL">      0.00000000      0.00000000      0.00000000</v>
    <i type="logical" name="LZEROZ"> F  </i>
   </separator>
   <separator name="electronic exchange-correlation" >
    <i type="logical" name="LASPH"> F  </i>
    <i type="logical" name="LMETAGGA"> F  </i>
   </separator>
   <separator name="electronic convergence" >
    <i type="int" name="NELM">    60</i>
    <i type="int" name="NELMDL">     0</i>
    <i type="int" name="NELMIN">     2</i>
    <i name="ENINI">    600.00000000</i>
    <separator name="electronic convergence detail" >
     <i type="logical" name="LDIAG"> T  </i>
     <i type="logical" name="LSUBROT"> F  </i>
     <i name="WEIMIN">      0.00100000</i>
     <i name="EBREAK">      0.00000016</i>
     <i name="DEPER">      0.30000000</i>
     <i type="int" name="NRMM">     4</i>
     <i name="TIME">      0.40000000</i>
    </separator>
   </separator>
   <separator name="electronic mixer" >
    <i name="AMIX">      0.40000000</i>
    <i name="BMIX">      1.00000000</i>
    <i name="AMIN">      0.10000000</i>
    <i name="AMIX_MAG">      1.60000000</i>
    <i name="BMIX_MAG">      1.00000000</i>
    <separator name="electronic mixer details" >
     <i type="int" name="IMIX">     4</i>
     <i type="logical" name="MIXFIRST"> F  </i>
     <i type="int" name="MAXMIX">   -45</i>
     <i name="WC">    100.00000000</i>
     <i type="int" name="INIMIX">     1</i>
     <i type="int" name="MIXPRE">     1</i>
     <i type="int" name="MREMOVE">     5</i>
    </separator>
   </separator>
   <separator name="electronic dipolcorrection" >
    <i type="logical" name="LDIPOL"> F  </i>
    <i type="logical" name="LMONO"> F  </i>
    <i type="int" name="IDIPOL">     0</i>
    <i name="EPSILON">      1.00000000</i>
    <v name="DIPOL">   -100.00000000   -100.00000000   -100.00000000</v>
    <i name="EFIELD">      0.00000000</i>
   </separator>
  </separator>
  <separator name="grids" >
   <i type="int" name="NGX">    24</i>
   <i type="int" name="NGY">    24</i>
   <i type="int" name="NGZ">   112</i>
   <i type="int" name="NGXF">    48</i>
   <i type="int" name="NGYF">    48</i>
   <i type="int" name="NGZF">   224</i>
   <i type="logical" name="ADDGRID"> F  </i>
  </separator>
  <separator name="ionic" >
   <i type="int" name="NSW">   200</i>
   <i type="int" name="IBRION">     2</i>
   <i type="int" name="MDALGO">     0</i>
   <i type="int" name="ISIF">     3</i>
   <i name="PSTRESS">   3000.00000000</i>
   <i name="EDIFFG">      0.00010000</i>
   <i type="int" name="NFREE">     1</i>
   <i name="POTIM">      0.10000000</i>
   <i name="SMASS">     -3.00000000</i>
   <i name="SCALEE">      1.00000000</i>
  </separator>
  <separator name="ionic md" >
   <i name="TEBEG">      0.00010000</i>
   <i name="TEEND">      0.00010000</i>
   <i type="int" name="NBLOCK">     1</i>
   <i type="int" name="KBLOCK">   200</i>
   <i type="int" name="NPACO">   256</i>
   <i name="APACO">     16.00000000</i>
  </separator>
  <separator name="symmetry" >
   <i type="int" name="ISYM">     2</i>
   <i name="SYMPREC">      0.00010000</i>
  </separator>
  <separator name="dos" >
   <i type="int" name="LORBIT">     0</i>
   <v name="RWIGS">     -1.00000000     -1.00000000</v>
   <i type="int" name="NEDOS">   301</i>
   <i name="EMIN">     10.00000000</i>
   <i name="EMAX">    -10.00000000</i>
   <i name="EFERMI">      0.00000000</i>
  </separator>
  <separator name="writing" >
   <i type="int" name="NWRITE">     2</i>
   <i type="logical" name="LWAVE"> F  </i>
   <i type="logical" name="LDOWNSAMPLE"> F  </i>
   <i type="logical" name="LCHARG"> F  </i>
   <i type="logical" name="LPARD"> F  </i>
   <i type="logical" name="LVTOT"> F  </i>
   <i type="logical" name="LVHAR"> F  </i>
   <i type="logical" name="LELF"> F  </i>
   <i type="logical" name="LOPTICS"> F  </i>
   <v name="STM">      0.00000000      0.00000000      0.00000000      0.00000000      0.00000000      0.00000000      0.00000000</v>
  </separator>
  <separator name="performance" >
   <i type="int" name="NPAR">    16</i>
   <i type="int" name="NSIM">     4</i>
   <i type="int" name="NBLK">    -1</i>
   <i type="logical" name="LPLANE"> T  </i>
   <i type="logical" name="LSCALAPACK"> T  </i>
   <i type="logical" name="LSCAAWARE"> F  </i>
   <i type="logical" name="LSCALU"> F  </i>
   <i type="logical" name="LASYNC"> F  </i>
   <i type="logical" name="LORBITALREAL"> F  </i>
  </separator>
  <separator name="miscellaneous" >
   <i type="int" name="IDIOT">     3</i>
   <i type="int" name="ISPECIAL">     0</i>
   <i type="logical" name="LMUSIC"> F  </i>
   <v name="POMASS">     10.81100000     14.00100000</v>
   <v name="DARWINR">      0.00000000      0.00000000</v>
   <v name="DARWINV">      1.00000000      1.00000000</v>
   <i type="logical" name="LCORR"> T  </i>
  </separator>
  <i type="logical" name="GGA_COMPAT"> T  </i>
  <i type="logical" name="LBERRY"> F  </i>
  <i type="int" name="ICORELEVEL">     0</i>
  <i type="logical" name="LDAU"> F  </i>
  <i type="int" name="I_CONSTRAINED_M">     0</i>
  <separator name="electronic exchange-correlation" >
   <i type="string" name="GGA">--</i>
   <i type="int" name="VOSKOWN">     0</i>
   <i type="logical" name="LHFCALC"> F  </i>
   <i type="string" name="PRECFOCK"></i>
   <i type="logical" name="LSYMGRAD"> F  </i>
   <i type="logical" name="LHFONE"> F  </i>
   <i type="logical" name="LRHFCALC"> F  </i>
   <i type="logical" name="LTHOMAS"> F  </i>
   <i type="logical" name="LMODELHF"> F  </i>
   <i name="ENCUT4O">     -1.00000000</i>
   <i type="int" name="EXXOEP">     0</i>
   <i type="int" name="FOURORBIT">     0</i>
   <i name="AEXX">      0.00000000</i>
   <i name="HFALPHA">      0.00000000</i>
   <i name="MCALPHA">      0.00000000</i>
   <i name="ALDAX">      1.00000000</i>
   <i name="AGGAX">      1.00000000</i>
   <i name="ALDAC">      1.00000000</i>
   <i name="AGGAC">      1.00000000</i>
   <i type="int" name="NKREDX">     1</i>
   <i type="int" name="NKREDY">     1</i>
   <i type="int" name="NKREDZ">     1</i>
   <i type="logical" name="SHIFTRED"> F  </i>
   <i type="logical" name="ODDONLY"> F  </i>
   <i type="logical" name="EVENONLY"> F  </i>
   <i type="int" name="LMAXFOCK">     0</i>
   <i type="int" name="NMAXFOCKAE">     0</i>
   <i type="logical" name="LFOCKAEDFT"> F  </i>
   <i name="HFSCREEN">      0.00000000</i>
   <i name="HFSCREENC">      0.00000000</i>
   <i type="int" name="NBANDSGWLOW">     0</i>
  </separator>
  <separator name="vdW DFT" >
   <i type="logical" name="LUSE_VDW"> F  </i>
   <i name="Zab_VDW">     -0.84910000</i>
   <i name="PARAM1">      0.12340000</i>
   <i name="PARAM2">      1.00000000</i>
   <i name="PARAM3">      0.00000000</i>
  </separator>
  <separator name="model GW" >
   <i type="int" name="MODEL_GW">     0</i>
   <i name="MODEL_EPS0">     12.00000838</i>
   <i name="MODEL_ALPHA">      1.00000000</i>
  </separator>
  <separator name="linear response parameters" >
   <i type="logical" name="LEPSILON"> F  </i>
   <i type="logical" name="LRPA"> F  </i>
   <i type="logical" name="LNABLA"> F  </i>
   <i type="logical" name="LVEL"> F  </i>
   <i type="int" name="KINTER">     0</i>
   <i name="CSHIFT">      0.10000000</i>
   <i name="OMEGAMAX">     -1.00000000</i>
   <i name="DEG_THRESHOLD">      0.00200000</i>
   <i name="RTIME">     -0.10000000</i>
   <i name="WPLASMAI">      0.00000000</i>
   <v name="DFIELD">      0.00000000      0.00000000      0.00000000</v>
   <v name="WPLASMA">      0.00000000      0.00000000      0.00000000      0.00000000      0.00000000      0.00000000      0.00000000      0.00000000      0.00000000</v>
  </separator>
  <separator name="orbital magnetization" >
   <i type="logical" name="NUCIND"> F  </i>
   <v name="MAGPOS">      0.00000000      0.00000000      0.00000000</v>
   <i type="logical" name="LNICSALL"> T  </i>
   <i type="logical" name="ORBITALMAG"> F  </i>
   <i type="logical" name="LMAGBLOCH"> F  </i>
   <i type="logical" name="LCHIMAG"> F  </i>
   <i type="logical" name="LGAUGE"> T  </i>
   <i type="int" name="MAGATOM">     0</i>
   <v name="MAGDIPOL">      0.00000000      0.00000000      0.00000000</v>
   <v name="AVECCONST">      0.00000000      0.00000000      0.00000000</v>
  </separator>
  <separator name="response functions" >
   <i type="logical" name="LADDER"> F  </i>
   <i type="logical" name="LRPAFORCE"> F  </i>
   <i type="logical" name="LFXC"> F  </i>
   <i type="logical" name="LHARTREE"> T  </i>
   <i type="int" name="IBSE">     0</i>
   <v type="int" name="KPOINT">    -1     0     0     0</v>
   <i type="logical" name="LTCTE"> F  </i>
   <i type="logical" name="LTETE"> F  </i>
   <i type="logical" name="LTRIPLET"> F  </i>
   <i type="logical" name="LFXCEPS"> F  </i>
   <i type="logical" name="LFXHEG"> F  </i>
   <i type="int" name="NATURALO">     2</i>
   <i type="logical" name="L2ORDER"> F  </i>
   <i type="logical" name="LMP2LT"> F  </i>
   <i type="logical" name="LUSEW"> F  </i>
   <i name="ENCUTGW">     -2.00000000</i>
   <i name="ENCUTGWSOFT">     -2.00000000</i>
   <i name="ENCUTLF">     -1.00000000</i>
   <i type="int" name="LMAXMP2">    -1</i>
   <i name="SCISSOR">      0.00000000</i>
   <i type="int" name="NOMEGA">     0</i>
   <i type="int" name="NOMEGAR">     0</i>
   <i type="int" name="NBANDSGW">    -1</i>
   <i type="int" name="NBANDSO">    -1</i>
   <i type="int" name="NBANDSV">    -1</i>
   <i type="int" name="NELM">     1</i>
   <i type="int" name="NELMHF">     1</i>
   <i type="int" name="DIM">     3</i>
   <i type="int" name="ANTIRES">     0</i>
   <i name="OMEGAMAX">    -30.00000000</i>
   <i name="OMEGAMIN">    -30.00000000</i>
   <i name="OMEGATL">   -200.00000000</i>
   <i type="int" name="OMEGAGRID">   140</i>
   <i name="CSHIFT">     -0.10000000</i>
   <i type="logical" name="SELFENERGY"> F  </i>
   <i type="logical" name="LSPECTRAL"> F  </i>
   <i type="logical" name="LSPECTRALGW"> F  </i>
   <i type="logical" name="LSINGLES"> F  </i>
   <i type="logical" name="LFERMIGW"> F  </i>
   <i type="logical" name="ODDONLYGW"> F  </i>
   <i type="logical" name="EVENONLYGW"> F  </i>
   <i type="int" name="NKREDLFX">     1</i>
   <i type="int" name="NKREDLFY">     1</i>
   <i type="int" name="NKREDLFZ">     1</i>
   <i type="int" name="MAXMEM">  2800</i>
   <i type="int" name="TELESCOPE">     0</i>
   <i type="int" name="TAUPAR">     1</i>
   <i type="int" name="OMEGAPAR">    -1</i>
   <i name="LAMBDA">      1.00000000</i>
  </separator>
  <separator name="External order field" >
   <i name="OFIELD_KAPPA">      0.00000000</i>
   <v name="OFIELD_K">      0.00000000      0.00000000      0.00000000</v>
   <i name="OFIELD_Q6_NEAR">      0.00000000</i>
   <i name="OFIELD_Q6_FAR">      0.00000000</i>
   <i name="OFIELD_A">      0.00000000</i>
  </separator>
 </parameters>
 <atominfo>
  <atoms>       5 </atoms>
  <types>       2 </types>
  <array name="atoms" >
   <dimension dim="1">ion</dimension>
   <field type="string">element</field>
   <field type="int">atomtype</field>
   <set>
    <rc><c>B </c><c>   1</c></rc>
    <rc><c>B </c><c>   1</c></rc>
    <rc><c>N </c><c>   2</c></rc>
    <rc><c>N </c><c>   2</c></rc>
    <rc><c>N </c><c>   2</c></rc>
   </set>
  </array>
  <array name="atomtypes" >
   <dimension dim="1">type</dimension>
   <field type="int">atomspertype</field>
   <field type="string">element</field>
   <field>mass</field>
   <field>valence</field>
   <field type="string">pseudopotential</field>
   <set>
    <rc><c>   2</c><c>B </c><c>     10.81100000</c><c>      3.00000000</c><c> PAW_PBE B 06Sep2000                    </c></rc>
    <rc><c>   3</c><c>N </c><c>     14.00100000</c><c>      5.00000000</c><c> PAW_PBE N 08Apr2002                    </c></rc>
   </set>
  </array>
 </atominfo>
 <structure name="initialpos" >
  <crystal>
   <varray name="basis" >
    <v>       2.87823550       0.00000000       0.00000000 </v>
    <v>      -1.43911765       2.49262512       0.00000000 </v>
    <v>       0.00000105       0.00000182      13.93853119 </v>
   </varray>
   <i name="volume">    100.00006984 </i>
   <varray name="rec_basis" >
    <v>       0.34743509       0.20059172      -0.00000005 </v>
    <v>       0.00000000       0.40118347      -0.00000005 </v>
    <v>       0.00000000       0.00000000       0.07174357 </v>
   </varray>
  </crystal>
  <varray name="positions" >
   <v>       0.00000000       0.00000000       0.50000000 </v>
   <v>       0.00000000       0.00000000       0.00000000 </v>
   <v>       0.00000000       0.00000000       0.72315815 </v>
   <v>       0.00000000       0.00000000       0.27684185 </v>
   <v>       0.66670001       0.33329999       0.50000000 </v>
  </varray>
 </structure>
 <calculation>
  <scstep>
   <time name="dav">    0.17    0.17</time>
   <time name="total">    0.21    0.22</time>
   <energy>
    <i name="alphaZ">     22.73127348 </i>
    <i name="ewald">   -270.12763719 </i>
    <i name="hartreedc">   -606.80934407 </i>
    <i name="XCdc">     70.00480614 </i>
    <i name="pawpsdc">    362.68068860 </i>
    <i name="pawaedc">   -368.23074462 </i>
    <i name="eentropy">     -0.00017912 </i>
    <i name="bandstr">    -64.27993762 </i>
    <i name="atom">    935.97552653 </i>
    <i name="e_fr_energy">     81.94445211 </i>
    <i name="e_wo_entrp">     81.94463124 </i>
    <i name="e_0_energy">     81.94454167 </i>
   </energy>
  </scstep>
  <scstep>
   <time name="dav">    0.30    0.31</time>
   <time name="total">    0.30    0.31</time>
   <energy>
    <i name="e_fr_energy">    -20.99693790 </i>
    <i name="e_wo_entrp">    -20.99268098 </i>
    <i name="e_0_energy">    -20.99480944 </i>
   </energy>
  </scstep>
  <scstep>
   <time name="dav">    0.18    0.18</time>
   <time name="total">    0.18    0.18</time>
   <energy>
    <i name="e_fr_energy">    -23.88282156 </i>
    <i name="e_wo_entrp">    -23.86852117 </i>
    <i name="e_0_energy">    -23.87567137 </i>
   </energy>
  </scstep>
  <scstep>
   <time name="dav">    0.32    0.32</time>
   <time name="total">    0.32    0.32</time>
   <energy>
    <i name="e_fr_energy">    -23.93138805 </i>
    <i name="e_wo_entrp">    -23.91632492 </i>
    <i name="e_0_energy">    -23.92385649 </i>
   </energy>
  </scstep>
  <scstep>
   <time name="dav">    0.19    0.19</time>
   <time name="total">    0.21    0.22</time>
   <energy>
    <i name="e_fr_energy">    -23.93141283 </i>
    <i name="e_wo_entrp">    -23.91635026 </i>
    <i name="e_0_energy">    -23.92388154 </i>
   </energy>
  </scstep>
  <scstep>
   <time name="dav">    0.20    0.20</time>
   <time name="total">    0.24    0.25</time>
   <energy>
    <i name="e_fr_energy">    -24.64562475 </i>
    <i name="e_wo_entrp">    -24.63480819 </i>
    <i name="e_0_energy">    -24.64021647 </i>
   </energy>
  </scstep>
  <scstep>
   <time name="dav">    0.19    0.19</time>
   <time name="total">    0.23    0.24</time>
   <energy>
    <i name="e_fr_energy">    -22.28726427 </i>
    <i name="e_wo_entrp">    -22.25869218 </i>
    <i name="e_0_energy">    -22.27297823 </i>
   </energy>
  </scstep>
  <scstep>
   <time name="dav">    0.18    0.18</time>
   <time name="total">    0.23    0.23</time>
   <energy>
    <i name="e_fr_energy">    -21.92072476 </i>
    <i name="e_wo_entrp">    -21.89829558 </i>
    <i name="e_0_energy">    -21.90951017 </i>
   </energy>
  </scstep>
  <scstep>
   <time name="dav">    0.23    0.23</time>
   <time name="total">    0.27    0.28</time>
   <energy>
    <i name="e_fr_energy">    -21.86923942 </i>
    <i name="e_wo_entrp">    -21.83971675 </i>
    <i name="e_0_energy">    -21.85447809 </i>
   </energy>
  </scstep>
  <scstep>
   <time name="dav">    0.23    0.23</time>
   <time name="total">    0.27    0.28</time>
   <energy>
    <i name="e_fr_energy">    -21.86936084 </i>
    <i name="e_wo_entrp">    -21.84444410 </i>
    <i name="e_0_energy">    -21.85690247 </i>
   </energy>
  </scstep>
  <scstep>
   <time name="dav">    0.20    0.20</time>
   <time name="total">    0.25    0.25</time>
   <energy>
    <i name="e_fr_energy">    -21.86623058 </i>
    <i name="e_wo_entrp">    -21.84049412 </i>
    <i name="e_0_energy">    -21.85336235 </i>
   </energy>
  </scstep>
  <scstep>
   <time name="dav">    0.22    0.22</time>
   <time name="total">    0.27    0.27</time>
   <energy>
    <i name="e_fr_energy">    -21.86463544 </i>
    <i name="e_wo_entrp">    -21.83868058 </i>
    <i name="e_0_energy">    -21.85165801 </i>
   </energy>
  </scstep>
  <scstep>
   <time name="dav">    0.25    0.26</time>
   <time name="total">    0.30    0.30</time>
   <energy>
    <i name="e_fr_energy">    -21.86474336 </i>
    <i name="e_wo_entrp">    -21.83884734 </i>
    <i name="e_0_energy">    -21.85179535 </i>
   </energy>
  </scstep>
  <scstep>
   <time name="dav">    0.22    0.22</time>
   <time name="total">    0.27    0.27</time>
   <energy>
    <i name="e_fr_energy">    -21.86474507 </i>
    <i name="e_wo_entrp">    -21.83846914 </i>
    <i name="e_0_energy">    -21.85160710 </i>
   </energy>
  </scstep>
  <scstep>
   <time name="dav">    0.20    0.20</time>
   <time name="total">    0.25    0.25</time>
   <energy>
    <i name="e_fr_energy">    -21.86470733 </i>
    <i name="e_wo_entrp">    -21.83876468 </i>
    <i name="e_0_energy">    -21.85173601 </i>
   </energy>
  </scstep>
  <scstep>
   <time name="dav">    0.17    0.18</time>
   <time name="total">    0.22    0.22</time>
   <energy>
    <i name="e_fr_energy">    -21.86468583 </i>
    <i name="e_wo_entrp">    -21.83863819 </i>
    <i name="e_0_energy">    -21.85166201 </i>
   </energy>
  </scstep>
  <scstep>
   <time name="dav">    0.13    0.14</time>
   <time name="total">    0.16    0.16</time>
   <energy>
    <i name="alphaZ">     22.73127348 </i>
    <i name="ewald">   -270.12763719 </i>
    <i name="hartreedc">   -620.93810793 </i>
    <i name="XCdc">     70.42292168 </i>
    <i name="pawpsdc">    395.14380562 </i>
    <i name="pawaedc">   -400.74514374 </i>
    <i name="eentropy">     -0.02604271 </i>
    <i name="bandstr">   -154.30128165 </i>
    <i name="atom">    935.97552653 </i>
    <i name="e_fr_energy">    -21.86468592 </i>
    <i name="e_wo_entrp">    -21.83864321 </i>
    <i name="e_0_energy">    -21.85166457 </i>
   </energy>
  </scstep>
  <structure>
   <crystal>
    <varray name="basis" >
     <v>       2.87823550       0.00000000       0.00000000 </v>
     <v>      -1.43911765       2.49262512       0.00000000 </v>
     <v>       0.00000105       0.00000182      13.93853119 </v>
    </varray>
    <i name="volume">    100.00006984 </i>
    <varray name="rec_basis" >
     <v>       0.34743509       0.20059172      -0.00000005 </v>
     <v>       0.00000000       0.40118347      -0.00000005 </v>
     <v>       0.00000000       0.00000000       0.07174357 </v>
    </varray>
   </crystal>
   <varray name="positions" >
    <v>       0.00000000       0.00000000       0.50000000 </v>
    <v>       0.00000000       0.00000000       0.00000000 </v>
    <v>       0.00000000       0.00000000       0.72315815 </v>
    <v>       0.00000000       0.00000000       0.27684185 </v>
    <v>       0.66670001       0.33329999       0.50000000 </v>
   </varray>
  </structure>
  <varray name="forces" >
   <v>       0.00147589      -0.00085210       0.00000000 </v>
   <v>       0.00000410      -0.00000237       0.00000000 </v>
   <v>      -0.00002060       0.00001191       0.07870568 </v>
   <v>      -0.00002061       0.00001189      -0.07870568 </v>
   <v>      -0.00143877       0.00083068       0.00000000 </v>
  </varray>
  <varray name="stress" >
   <v>    -315.13414694       0.02228067      -0.00000226 </v>
   <v>       0.02228067    -315.10841944      -0.00000392 </v>
   <v>      -0.00000226      -0.00000392     -29.98363036 </v>
  </varray>
  <energy>
   <i name="e_fr_energy">    165.38063574 </i>
   <i name="e_wo_entrp">    165.39365709 </i>
   <i name="e_0_energy">     -0.02604271 </i>
  </energy>
  <time name="totalsc">    4.66    4.75</time>
 </calculation>
 <calculation>
  <scstep>
   <time name="dav">    0.17    0.18</time>
   <time name="total">    0.22    0.24</time>
   <energy>
    <i name="alphaZ">     99.19010412 </i>
    <i name="ewald">   -371.78062237 </i>
    <i name="hartreedc">  -1071.62280030 </i>
    <i name="XCdc">    112.14668842 </i>
    <i name="pawpsdc">    395.14504912 </i>
    <i name="pawaedc">   -400.74639230 </i>
    <i name="eentropy">     -0.00157625 </i>
    <i name="bandstr">    183.02899679 </i>
    <i name="atom">    935.97552653 </i>
    <i name="e_fr_energy">   -118.66502623 </i>
    <i name="e_wo_entrp">   -118.66344998 </i>
    <i name="e_0_energy">   -118.66423811 </i>
   </energy>
  </scstep>
  <scstep>
   <time name="dav">    0.28    0.29</time>
   <time name="total">    0.33    0.34</time>
   <energy>
    <i name="e_fr_energy">    -46.30866233 </i>
    <i name="e_wo_entrp">    -46.30394265 </i>
    <i name="e_0_energy">    -46.30630249 </i>
   </energy>
  </scstep>
  <scstep>
   <time name="dav">    0.26    0.27</time>
   <time name="total">    0.31    0.32</time>
   <energy>
    <i name="e_fr_energy">     -9.79222014 </i>
    <i name="e_wo_entrp">     -9.78860652 </i>
    <i name="e_0_energy">     -9.79041333 </i>
   </energy>
  </scstep>
  <scstep>
   <time name="dav">    0.23    0.23</time>
   <time name="total">    0.28    0.28</time>
   <energy>
    <i name="e_fr_energy">     -0.89255195 </i>
    <i name="e_wo_entrp">     -0.88826712 </i>
    <i name="e_0_energy">     -0.89040954 </i>
   </energy>
  </scstep>
  <scstep>
   <time name="dav">    0.23    0.23</time>
   <time name="total">    0.28    0.28</time>
   <energy>
    <i name="e_fr_energy">      0.77020820 </i>
    <i name="e_wo_entrp">      0.77382180 </i>
    <i name="e_0_energy">      0.77201500 </i>
   </energy>
  </scstep>
  <scstep>
   <time name="dav">    0.25    0.25</time>
   <time name="total">    0.30    0.31</time>
   <energy>
    <i name="e_fr_energy">      1.01375549 </i>
    <i name="e_wo_entrp">      1.01736909 </i>
    <i name="e_0_energy">      1.01556229 </i>
   </energy>
  </scstep>
  <scstep>
   <time name="dav">    0.21    0.21</time>
   <time name="total">    0.26    0.26</time>
   <energy>
    <i name="e_fr_energy">      1.08988315 </i>
    <i name="e_wo_entrp">      1.09349675 </i>
    <i name="e_0_energy">      1.09168995 </i>
   </energy>
  </scstep>
  <scstep>
   <time name="dav">    0.23    0.23</time>
   <time name="total">    0.28    0.28</time>
   <energy>
    <i name="e_fr_energy">      1.10646529 </i>
    <i name="e_wo_entrp">      1.11007889 </i>
    <i name="e_0_energy">      1.10827209 </i>
   </energy>
  </scstep>
  <scstep>
   <time name="dav">    0.24    0.25</time>
   <time name="total">    0.29    0.29</time>
   <energy>
    <i name="e_fr_energy">      1.10961524 </i>
    <i name="e_wo_entrp">      1.11322884 </i>
    <i name="e_0_energy">      1.11142204 </i>
   </energy>
  </scstep>
  <scstep>
   <time name="dav">    0.20    0.20</time>
   <time name="total">    0.25    0.25</time>
   <energy>
    <i name="e_fr_energy">      1.10951364 </i>
    <i name="e_wo_entrp">      1.11312724 </i>
    <i name="e_0_energy">      1.11132044 </i>
   </energy>
  </scstep>
  <scstep>
   <time name="dav">    0.22    0.22</time>
   <time name="total">    0.27    0.27</time>
   <energy>
    <i name="e_fr_energy">      1.10980159 </i>
    <i name="e_wo_entrp">      1.11341519 </i>
    <i name="e_0_energy">      1.11160839 </i>
   </energy>
  </scstep>
  <scstep>
   <time name="dav">    0.25    0.25</time>
   <time name="total">    0.30    0.30</time>
   <energy>
    <i name="e_fr_energy">      1.10981852 </i>
    <i name="e_wo_entrp">      1.11343212 </i>
    <i name="e_0_energy">      1.11162532 </i>
   </energy>
  </scstep>
  <scstep>
   <time name="dav">    0.11    0.11</time>
   <time name="total">    0.13    0.14</time>
   <energy>
    <i name="alphaZ">     99.19010412 </i>
    <i name="ewald">   -371.78062237 </i>
    <i name="hartreedc">   -768.18945465 </i>
    <i name="XCdc">     88.99125669 </i>
    <i name="pawpsdc">    883.56696957 </i>
    <i name="pawaedc">   -891.87433629 </i>
    <i name="eentropy">     -0.00361360 </i>
    <i name="bandstr">     25.23398785 </i>
    <i name="atom">    935.97552653 </i>
    <i name="e_fr_energy">      1.10981785 </i>
    <i name="e_wo_entrp">      1.11343145 </i>
    <i name="e_0_energy">      1.11162465 </i>
   </energy>
  </scstep>
  <structure>
   <crystal>
    <varray name="basis" >
     <v>       1.72900184       0.00000772      -0.00000000 </v>
     <v>      -0.86449417       1.49736341      -0.00000000 </v>
     <v>       0.00000063       0.00000109       8.85180690 </v>
    </varray>
    <i name="volume">     22.91689232 </i>
    <varray name="rec_basis" >
     <v>       0.57836689       0.33391681      -0.00000008 </v>
     <v>      -0.00000298       0.66783882      -0.00000008 </v>
     <v>       0.00000000       0.00000000       0.11297128 </v>
    </varray>
   </crystal>
   <varray name="positions" >
    <v>       0.00000330      -0.00000330       0.50000000 </v>
    <v>       0.00000001      -0.00000001       0.00000000 </v>
    <v>      -0.00000005       0.00000005       0.72321264 </v>
    <v>      -0.00000005       0.00000005       0.27678736 </v>
    <v>       0.66669679       0.33330321       0.50000000 </v>
   </varray>
  </structure>
  <varray name="forces" >
   <v>       0.03158316      -0.01823455       0.00000000 </v>
   <v>      -0.00000404       0.00000233       0.00000000 </v>
   <v>       0.00006873      -0.00003894       4.53560929 </v>
   <v>       0.00006808      -0.00004005      -4.53560929 </v>
   <v>      -0.03171594       0.01831121      -0.00000000 </v>
  </varray>
  <varray name="stress" >
   <v>    7689.24403055      -1.16377177       0.00007591 </v>
   <v>      -1.16377177    7687.90022278       0.00013148 </v>
   <v>       0.00007591       0.00013148    1118.51581252 </v>
  </varray>
  <energy>
   <i name="e_fr_energy">     44.02059662 </i>
   <i name="e_wo_entrp">     44.02240342 </i>
   <i name="e_0_energy">     -0.00361360 </i>
  </energy>
  <time name="totalsc">    4.03    4.16</time>
 </calculation>
 <calculation>
  <scstep>
   <time name="dav">    0.18    0.18</time>
   <time name="total">    0.23    0.27</time>
   <energy>
    <i name="alphaZ">     81.80249564 </i>
    <i name="ewald">   -359.47177545 </i>
    <i name="hartreedc">   -712.55779331 </i>
    <i name="XCdc">     83.71146887 </i>
    <i name="pawpsdc">    883.56899437 </i>
    <i name="pawaedc">   -891.87638815 </i>
    <i name="eentropy">     -0.00481882 </i>
    <i name="bandstr">    -34.38173380 </i>
    <i name="atom">    935.97552653 </i>
    <i name="e_fr_energy">    -13.23402413 </i>
    <i name="e_wo_entrp">    -13.22920531 </i>
    <i name="e_0_energy">    -13.23161472 </i>
   </energy>
  </scstep>
  <scstep>
   <time name="dav">    0.23    0.23</time>
   <time name="total">    0.27    0.28</time>
   <energy>
    <i name="e_fr_energy">    -12.16727872 </i>
    <i name="e_wo_entrp">    -12.15978856 </i>
    <i name="e_0_energy">    -12.16353364 </i>
   </energy>
  </scstep>
  <scstep>
   <time name="dav">    0.19    0.19</time>
   <time name="total">    0.23    0.24</time>
   <energy>
    <i name="e_fr_energy">    -11.94875623 </i>
    <i name="e_wo_entrp">    -11.94501780 </i>
    <i name="e_0_energy">    -11.94688702 </i>
   </energy>
  </scstep>
  <scstep>
   <time name="dav">    0.19    0.19</time>
   <time name="total">    0.24    0.24</time>
   <energy>
    <i name="e_fr_energy">    -11.82069869 </i>
    <i name="e_wo_entrp">    -11.81708507 </i>
    <i name="e_0_energy">    -11.81889188 </i>
   </energy>
  </scstep>
  <scstep>
   <time name="dav">    0.20    0.20</time>
   <time name="total">    0.25    0.25</time>
   <energy>
    <i name="e_fr_energy">    -11.81510943 </i>
    <i name="e_wo_entrp">    -11.81143364 </i>
    <i name="e_0_energy">    -11.81327153 </i>
   </energy>
  </scstep>
  <scstep>
   <time name="dav">    0.23    0.24</time>
   <time name="total">    0.28    0.28</time>
   <energy>
    <i name="e_fr_energy">    -11.81363232 </i>
    <i name="e_wo_entrp">    -11.80947282 </i>
    <i name="e_0_energy">    -11.81155257 </i>
   </energy>
  </scstep>
  <scstep>
   <time name="dav">    0.23    0.23</time>
   <time name="total">    0.28    0.28</time>
   <energy>
    <i name="e_fr_energy">    -11.81358176 </i>
    <i name="e_wo_entrp">    -11.80983422 </i>
    <i name="e_0_energy">    -11.81170799 </i>
   </energy>
  </scstep>
  <scstep>
   <time name="dav">    0.23    0.24</time>
   <time name="total">    0.28    0.29</time>
   <energy>
    <i name="e_fr_energy">    -11.81352258 </i>
    <i name="e_wo_entrp">    -11.80949846 </i>
    <i name="e_0_energy">    -11.81151052 </i>
   </energy>
  </scstep>
  <scstep>
   <time name="dav">    0.12    0.12</time>
   <time name="total">    0.15    0.15</time>
   <energy>
    <i name="alphaZ">     81.80249564 </i>
    <i name="ewald">   -359.47177545 </i>
    <i name="hartreedc">   -734.55198482 </i>
    <i name="XCdc">     85.32886061 </i>
    <i name="pawpsdc">    759.47336429 </i>
    <i name="pawaedc">   -767.04053931 </i>
    <i name="eentropy">     -0.00397493 </i>
    <i name="bandstr">    -13.32549275 </i>
    <i name="atom">    935.97552653 </i>
    <i name="e_fr_energy">    -11.81352019 </i>
    <i name="e_wo_entrp">    -11.80954526 </i>
    <i name="e_0_energy">    -11.81153273 </i>
   </energy>
  </scstep>
  <structure>
   <crystal>
    <varray name="basis" >
     <v>       1.84916629       0.00000692      -0.00000000 </v>
     <v>      -0.92457709       1.60142847      -0.00000000 </v>
     <v>       0.00000067       0.00000117       9.38367734 </v>
    </varray>
    <i name="volume">     27.78801450 </i>
    <varray name="rec_basis" >
     <v>       0.54078308       0.31221853      -0.00000008 </v>
     <v>      -0.00000234       0.62444115      -0.00000008 </v>
     <v>       0.00000000       0.00000000       0.10656803 </v>
    </varray>
   </crystal>
   <varray name="positions" >
    <v>       0.00000272      -0.00000272       0.50000000 </v>
    <v>       0.00000001      -0.00000001      -0.00000000 </v>
    <v>      -0.00000004       0.00000004       0.72320366 </v>
    <v>      -0.00000004       0.00000004       0.27679634 </v>
    <v>       0.66669735       0.33330265       0.50000000 </v>
   </varray>
  </structure>
  <varray name="forces" >
   <v>       0.01725965      -0.00996486      -0.00000000 </v>
   <v>      -0.00000982       0.00000567      -0.00000000 </v>
   <v>       0.00005226      -0.00002967       3.04055195 </v>
   <v>       0.00005182      -0.00003042      -3.04055195 </v>
   <v>      -0.01735391       0.01001929      -0.00000000 </v>
  </varray>
  <varray name="stress" >
   <v>    4195.20695016      -0.92032827       0.00003857 </v>
   <v>      -0.92032827    4194.14424671       0.00006681 </v>
   <v>       0.00003857       0.00006681     560.30776733 </v>
  </varray>
  <energy>
   <i name="e_fr_energy">     40.21820061 </i>
   <i name="e_wo_entrp">     40.22018807 </i>
   <i name="e_0_energy">     -0.00397493 </i>
  </energy>
  <time name="totalsc">    2.72    2.86</time>
 </calculation>
 <calculation>
  <scstep>
   <time name="dav">    0.17    0.17</time>
   <time name="total">    0.22    0.23</time>
   <energy>
    <i name="alphaZ">     81.19443788 </i>
    <i name="ewald">   -358.98042137 </i>
    <i name="hartreedc">   -732.44071855 </i>
    <i name="XCdc">     85.12779989 </i>
    <i name="pawpsdc">    759.48443648 </i>
    <i name="pawaedc">   -767.05209675 </i>
    <i name="eentropy">     -0.00568149 </i>
    <i name="bandstr">    -15.51583081 </i>
    <i name="atom">    935.97552653 </i>
    <i name="e_fr_energy">    -12.21254819 </i>
    <i name="e_wo_entrp">    -12.20686671 </i>
    <i name="e_0_energy">    -12.20970745 </i>
   </energy>
  </scstep>
  <scstep>
   <time name="dav">    0.21    0.22</time>
   <time name="total">    0.27    0.27</time>
   <energy>
    <i name="e_fr_energy">    -12.21150349 </i>
    <i name="e_wo_entrp">    -12.20788869 </i>
    <i name="e_0_energy">    -12.20969609 </i>
   </energy>
  </scstep>
  <scstep>
   <time name="dav">    0.23    0.23</time>
   <time name="total">    0.27    0.28</time>
   <energy>
    <i name="e_fr_energy">    -12.21021345 </i>
    <i name="e_wo_entrp">    -12.20532452 </i>
    <i name="e_0_energy">    -12.20776898 </i>
   </energy>
  </scstep>
  <scstep>
   <time name="dav">    0.18    0.18</time>
   <time name="total">    0.23    0.23</time>
   <energy>
    <i name="e_fr_energy">    -12.21016810 </i>
    <i name="e_wo_entrp">    -12.20634223 </i>
    <i name="e_0_energy">    -12.20825517 </i>
   </energy>
  </scstep>
  <scstep>
   <time name="dav">    0.22    0.23</time>
   <time name="total">    0.27    0.27</time>
   <energy>
    <i name="e_fr_energy">    -12.20999748 </i>
    <i name="e_wo_entrp">    -12.20537100 </i>
    <i name="e_0_energy">    -12.20768424 </i>
   </energy>
  </scstep>
  <scstep>
   <time name="dav">    0.19    0.19</time>
   <time name="total">    0.24    0.24</time>
   <energy>
    <i name="e_fr_energy">    -12.20998608 </i>
    <i name="e_wo_entrp">    -12.20570624 </i>
    <i name="e_0_energy">    -12.20784616 </i>
   </energy>
  </scstep>
  <scstep>
   <time name="dav">    0.13    0.14</time>
   <time name="total">    0.16    0.16</time>
   <energy>
    <i name="alphaZ">     81.19443788 </i>
    <i name="ewald">   -358.98042137 </i>
    <i name="hartreedc">   -733.45299305 </i>
    <i name="XCdc">     85.19759813 </i>
    <i name="pawpsdc">    755.32509676 </i>
    <i name="pawaedc">   -762.86924486 </i>
    <i name="eentropy">     -0.00443712 </i>
    <i name="bandstr">    -14.59554454 </i>
    <i name="atom">    935.97552653 </i>
    <i name="e_fr_energy">    -12.20998166 </i>
    <i name="e_wo_entrp">    -12.20554454 </i>
    <i name="e_0_energy">    -12.20776310 </i>
   </energy>
  </scstep>
  <structure>
   <crystal>
    <varray name="basis" >
     <v>       1.85397576       0.00000688      -0.00000000 </v>
     <v>      -0.92698186       1.60559359      -0.00000000 </v>
     <v>       0.00000067       0.00000117       9.40496498 </v>
    </varray>
    <i name="volume">     27.99611641 </i>
    <varray name="rec_basis" >
     <v>       0.53938022       0.31140862      -0.00000008 </v>
     <v>      -0.00000231       0.62282128      -0.00000008 </v>
     <v>       0.00000000       0.00000000       0.10632682 </v>
    </varray>
   </crystal>
   <varray name="positions" >
    <v>       0.00000270      -0.00000270       0.50000000 </v>
    <v>       0.00000001      -0.00000001      -0.00000000 </v>
    <v>      -0.00000004       0.00000004       0.72320333 </v>
    <v>      -0.00000004       0.00000004       0.27679667 </v>
    <v>       0.66669737       0.33330263       0.50000000 </v>
   </varray>
  </structure>
  <varray name="forces" >
   <v>       0.00972857      -0.00561679       0.00000000 </v>
   <v>       0.00000281      -0.00000162       0.00000000 </v>
   <v>       0.00006348      -0.00003615       2.98576748 </v>
   <v>       0.00006305      -0.00003690      -2.98576748 </v>
   <v>      -0.00985791       0.00569147      -0.00000000 </v>
  </varray>
  <varray name="stress" >
   <v>    4092.77153953      -1.02929767       0.00003754 </v>
   <v>      -1.02929767    4091.58300906       0.00006502 </v>
   <v>       0.00003754       0.00006502     544.95858548 </v>
  </varray>
  <energy>
   <i name="e_fr_energy">     40.21139997 </i>
   <i name="e_wo_entrp">     40.21361852 </i>
   <i name="e_0_energy">     -0.00443712 </i>
  </energy>
  <time name="totalsc">    2.18    2.28</time>
 </calculation>
 <calculation>
  <scstep>
   <time name="dav">    0.17    0.19</time>
   <time name="total">    0.22    0.25</time>
   <energy>
    <i name="alphaZ">     84.23129767 </i>
    <i name="ewald">   -522.98087251 </i>
    <i name="hartreedc">   -615.53543221 </i>
    <i name="XCdc">     86.08800324 </i>
    <i name="pawpsdc">    755.22458687 </i>
    <i name="pawaedc">   -762.76833849 </i>
    <i name="eentropy">     -0.01112782 </i>
    <i name="bandstr">     22.72834836 </i>
    <i name="atom">    935.97552653 </i>
    <i name="e_fr_energy">    -17.04800837 </i>
    <i name="e_wo_entrp">    -17.03688055 </i>
    <i name="e_0_energy">    -17.04244446 </i>
   </energy>
  </scstep>
  <scstep>
   <time name="dav">    0.21    0.22</time>
   <time name="total">    0.26    0.27</time>
   <energy>
    <i name="e_fr_energy">    -17.36922598 </i>
    <i name="e_wo_entrp">    -17.36453213 </i>
    <i name="e_0_energy">    -17.36687906 </i>
   </energy>
  </scstep>
  <scstep>
   <time name="dav">    0.23    0.24</time>
   <time name="total">    0.28    0.28</time>
   <energy>
    <i name="e_fr_energy">    -15.70947292 </i>
    <i name="e_wo_entrp">    -15.70514972 </i>
    <i name="e_0_energy">    -15.70731132 </i>
   </energy>
  </scstep>
  <scstep>
   <time name="dav">    0.25    0.26</time>
   <time name="total">    0.30    0.31</time>
   <energy>
    <i name="e_fr_energy">    -15.69416613 </i>
    <i name="e_wo_entrp">    -15.68246631 </i>
    <i name="e_0_energy">    -15.68831622 </i>
   </energy>
  </scstep>
  <scstep>
   <time name="dav">    0.21    0.22</time>
   <time name="total">    0.26    0.27</time>
   <energy>
    <i name="e_fr_energy">    -15.37103248 </i>
    <i name="e_wo_entrp">    -15.36674747 </i>
    <i name="e_0_energy">    -15.36888998 </i>
   </energy>
  </scstep>
  <scstep>
   <time name="dav">    0.23    0.23</time>
   <time name="total">    0.28    0.28</time>
   <energy>
    <i name="e_fr_energy">    -15.26632605 </i>
    <i name="e_wo_entrp">    -15.26204096 </i>
    <i name="e_0_energy">    -15.26418351 </i>
   </energy>
  </scstep>
  <scstep>
   <time name="dav">    0.31    0.31</time>
   <time name="total">    0.36    0.36</time>
   <energy>
    <i name="e_fr_energy">    -15.27172579 </i>
    <i name="e_wo_entrp">    -15.26913290 </i>
    <i name="e_0_energy">    -15.27042935 </i>
   </energy>
  </scstep>
  <scstep>
   <time name="dav">    0.22    0.22</time>
   <time name="total">    0.26    0.27</time>
   <energy>
    <i name="e_fr_energy">    -15.28845821 </i>
    <i name="e_wo_entrp">    -15.28417318 </i>
    <i name="e_0_energy">    -15.28631569 </i>
   </energy>
  </scstep>
  <scstep>
   <time name="dav">    0.23    0.33</time>
   <time name="total">    0.28    0.38</time>
   <energy>
    <i name="e_fr_energy">    -15.27125197 </i>
    <i name="e_wo_entrp">    -15.26696693 </i>
    <i name="e_0_energy">    -15.26910945 </i>
   </energy>
  </scstep>
  <scstep>
   <time name="dav">    0.25    0.26</time>
   <time name="total">    0.30    0.30</time>
   <energy>
    <i name="e_fr_energy">    -15.26718357 </i>
    <i name="e_wo_entrp">    -15.26289838 </i>
    <i name="e_0_energy">    -15.26504097 </i>
   </energy>
  </scstep>
  <scstep>
   <time name="dav">    0.24    0.24</time>
   <time name="total">    0.29    0.29</time>
   <energy>
    <i name="e_fr_energy">    -15.26660364 </i>
    <i name="e_wo_entrp">    -15.26231658 </i>
    <i name="e_0_energy">    -15.26446011 </i>
   </energy>
  </scstep>
  <scstep>
   <time name="dav">    0.18    0.18</time>
   <time name="total">    0.23    0.23</time>
   <energy>
    <i name="e_fr_energy">    -15.26669937 </i>
    <i name="e_wo_entrp">    -15.26241311 </i>
    <i name="e_0_energy">    -15.26455624 </i>
   </energy>
  </scstep>
  <scstep>
   <time name="dav">    0.22    0.22</time>
   <time name="total">    0.27    0.27</time>
   <energy>
    <i name="e_fr_energy">    -15.26603430 </i>
    <i name="e_wo_entrp">    -15.26169161 </i>
    <i name="e_0_energy">    -15.26386295 </i>
   </energy>
  </scstep>
  <scstep>
   <time name="dav">    0.23    0.23</time>
   <time name="total">    0.27    0.28</time>
   <energy>
    <i name="e_fr_energy">    -15.26583940 </i>
    <i name="e_wo_entrp">    -15.26132638 </i>
    <i name="e_0_energy">    -15.26358289 </i>
   </energy>
  </scstep>
  <scstep>
   <time name="dav">    0.22    0.22</time>
   <time name="total">    0.27    0.27</time>
   <energy>
    <i name="e_fr_energy">    -15.26581246 </i>
    <i name="e_wo_entrp">    -15.26114053 </i>
    <i name="e_0_energy">    -15.26347649 </i>
   </energy>
  </scstep>
  <scstep>
   <time name="dav">    0.17    0.17</time>
   <time name="total">    0.20    0.20</time>
   <energy>
    <i name="alphaZ">     84.23129767 </i>
    <i name="ewald">   -522.98087251 </i>
    <i name="hartreedc">   -591.30685313 </i>
    <i name="XCdc">     84.84756740 </i>
    <i name="pawpsdc">    721.20997079 </i>
    <i name="pawaedc">   -728.50589071 </i>
    <i name="eentropy">     -0.00456721 </i>
    <i name="bandstr">      1.26800103 </i>
    <i name="atom">    935.97552653 </i>
    <i name="e_fr_energy">    -15.26582014 </i>
    <i name="e_wo_entrp">    -15.26125294 </i>
    <i name="e_0_energy">    -15.26353654 </i>
   </energy>
  </scstep>
  <structure>
   <crystal>
    <varray name="basis" >
     <v>       1.90624652      -0.00005577       0.00000000 </v>
     <v>      -0.95317149       1.65083006       0.00000000 </v>
     <v>       0.00000071       0.00000122       8.57583633 </v>
    </varray>
    <i name="volume">     26.98674956 </i>
    <varray name="rec_basis" >
     <v>       0.52459998       0.30289838      -0.00000009 </v>
     <v>       0.00001772       0.60576610      -0.00000009 </v>
     <v>      -0.00000000      -0.00000000       0.11660670 </v>
    </varray>
   </crystal>
   <varray name="positions" >
    <v>       0.00003582      -0.00003582       0.50000000 </v>
    <v>       0.00000002      -0.00000002       0.00000000 </v>
    <v>       0.00000018      -0.00000018       0.72620139 </v>
    <v>       0.00000018      -0.00000018       0.27379861 </v>
    <v>       0.66666381       0.33333619       0.50000000 </v>
   </varray>
  </structure>
  <varray name="forces" >
   <v>      -0.02541775       0.01467495      -0.00000000 </v>
   <v>      -0.00002298       0.00001327      -0.00000000 </v>
   <v>      -0.00026021       0.00015105       4.33056848 </v>
   <v>      -0.00026092       0.00014982      -4.33056848 </v>
   <v>       0.02596185      -0.01498908       0.00000000 </v>
  </varray>
  <varray name="stress" >
   <v>    3846.06457054       1.36036084       0.00004522 </v>
   <v>       1.36036084    3847.63537980       0.00007832 </v>
   <v>       0.00004522       0.00007832     509.52492085 </v>
  </varray>
  <energy>
   <i name="e_fr_energy">     35.26557058 </i>
   <i name="e_wo_entrp">     35.26785418 </i>
   <i name="e_0_energy">     -0.00456721 </i>
  </energy>
  <time name="totalsc">    4.84    5.08</time>
 </calculation>
 <calculation>
  <scstep>
   <time name="dav">    0.21    0.22</time>
   <time name="total">    0.26    0.28</time>
   <energy>
    <i name="alphaZ">    101.30309471 </i>
    <i name="ewald">   -885.56751563 </i>
    <i name="hartreedc">   -341.60222132 </i>
    <i name="XCdc">     89.45344600 </i>
    <i name="pawpsdc">    721.24941975 </i>
    <i name="pawaedc">   -728.54588108 </i>
    <i name="eentropy">     -0.00530041 </i>
    <i name="bandstr">     70.25099859 </i>
    <i name="atom">    935.97552653 </i>
    <i name="e_fr_energy">    -37.48843288 </i>
    <i name="e_wo_entrp">    -37.48313246 </i>
    <i name="e_0_energy">    -37.48578267 </i>
   </energy>
  </scstep>
  <scstep>
   <time name="dav">    0.28    0.29</time>
   <time name="total">    0.33    0.35</time>
   <energy>
    <i name="e_fr_energy">    -29.55939316 </i>
    <i name="e_wo_entrp">    -29.55638758 </i>
    <i name="e_0_energy">    -29.55789037 </i>
   </energy>
  </scstep>
  <scstep>
   <time name="dav">    0.23    0.24</time>
   <time name="total">    0.29    0.29</time>
   <energy>
    <i name="e_fr_energy">    -19.43543150 </i>
    <i name="e_wo_entrp">    -19.43036287 </i>
    <i name="e_0_energy">    -19.43289718 </i>
   </energy>
  </scstep>
  <scstep>
   <time name="dav">    0.26    0.27</time>
   <time name="total">    0.31    0.32</time>
   <energy>
    <i name="e_fr_energy">    -17.99156084 </i>
    <i name="e_wo_entrp">    -17.98638234 </i>
    <i name="e_0_energy">    -17.98897159 </i>
   </energy>
  </scstep>
  <scstep>
   <time name="dav">    0.21    0.21</time>
   <time name="total">    0.26    0.26</time>
   <energy>
    <i name="e_fr_energy">    -17.79330661 </i>
    <i name="e_wo_entrp">    -17.79007017 </i>
    <i name="e_0_energy">    -17.79168839 </i>
   </energy>
  </scstep>
  <scstep>
   <time name="dav">    0.24    0.24</time>
   <time name="total">    0.29    0.30</time>
   <energy>
    <i name="e_fr_energy">    -17.66848083 </i>
    <i name="e_wo_entrp">    -17.66567870 </i>
    <i name="e_0_energy">    -17.66707976 </i>
   </energy>
  </scstep>
  <scstep>
   <time name="dav">    0.20    0.21</time>
   <time name="total">    0.25    0.25</time>
   <energy>
    <i name="e_fr_energy">    -17.64828700 </i>
    <i name="e_wo_entrp">    -17.64451525 </i>
    <i name="e_0_energy">    -17.64640112 </i>
   </energy>
  </scstep>
  <scstep>
   <time name="dav">    0.25    0.25</time>
   <time name="total">    0.30    0.30</time>
   <energy>
    <i name="e_fr_energy">    -17.65222994 </i>
    <i name="e_wo_entrp">    -17.64821689 </i>
    <i name="e_0_energy">    -17.65022341 </i>
   </energy>
  </scstep>
  <scstep>
   <time name="dav">    0.19    0.19</time>
   <time name="total">    0.24    0.24</time>
   <energy>
    <i name="e_fr_energy">    -17.64920251 </i>
    <i name="e_wo_entrp">    -17.64585716 </i>
    <i name="e_0_energy">    -17.64752984 </i>
   </energy>
  </scstep>
  <scstep>
   <time name="dav">    0.18    0.18</time>
   <time name="total">    0.23    0.23</time>
   <energy>
    <i name="e_fr_energy">    -17.64819466 </i>
    <i name="e_wo_entrp">    -17.64441461 </i>
    <i name="e_0_energy">    -17.64630463 </i>
   </energy>
  </scstep>
  <scstep>
   <time name="dav">    0.18    0.18</time>
   <time name="total">    0.23    0.23</time>
   <energy>
    <i name="e_fr_energy">    -17.64821005 </i>
    <i name="e_wo_entrp">    -17.64459315 </i>
    <i name="e_0_energy">    -17.64640160 </i>
   </energy>
  </scstep>
  <scstep>
   <time name="dav">    0.26    0.27</time>
   <time name="total">    0.31    0.32</time>
   <energy>
    <i name="e_fr_energy">    -17.64819744 </i>
    <i name="e_wo_entrp">    -17.64446258 </i>
    <i name="e_0_energy">    -17.64633001 </i>
   </energy>
  </scstep>
  <scstep>
   <time name="dav">    0.13    0.13</time>
   <time name="total">    0.15    0.15</time>
   <energy>
    <i name="alphaZ">    101.30309471 </i>
    <i name="ewald">   -885.56751563 </i>
    <i name="hartreedc">   -289.39015722 </i>
    <i name="XCdc">     86.75923834 </i>
    <i name="pawpsdc">    693.52375434 </i>
    <i name="pawaedc">   -700.65254840 </i>
    <i name="eentropy">     -0.00374751 </i>
    <i name="bandstr">     40.40416351 </i>
    <i name="atom">    935.97552653 </i>
    <i name="e_fr_energy">    -17.64819134 </i>
    <i name="e_wo_entrp">    -17.64444383 </i>
    <i name="e_0_energy">    -17.64631758 </i>
   </energy>
  </scstep>
  <structure>
   <crystal>
    <varray name="basis" >
     <v>       2.06305878      -0.00024374       0.00000001 </v>
     <v>      -1.03174040       1.78653948       0.00000001 </v>
     <v>       0.00000080       0.00000138       6.08845037 </v>
    </varray>
    <i name="volume">     22.43888937 </i>
    <varray name="rec_basis" >
     <v>       0.48475024       0.27994702      -0.00000013 </v>
     <v>       0.00006613       0.55977953      -0.00000013 </v>
     <v>      -0.00000000      -0.00000000       0.16424541 </v>
    </varray>
   </crystal>
   <varray name="positions" >
    <v>       0.00013246      -0.00013246       0.50000000 </v>
    <v>       0.00000005      -0.00000005       0.00000000 </v>
    <v>       0.00000080      -0.00000080       0.73606514 </v>
    <v>       0.00000080      -0.00000080       0.26393486 </v>
    <v>       0.66656591       0.33343409       0.50000000 </v>
   </varray>
  </structure>
  <varray name="forces" >
   <v>      -0.13907820       0.08029684      -0.00000000 </v>
   <v>       0.00058434      -0.00033737      -0.00000000 </v>
   <v>      -0.00278997       0.00161428      11.55128182 </v>
   <v>      -0.00279299       0.00160904     -11.55128182 </v>
   <v>       0.14407682      -0.08318280       0.00000000 </v>
  </varray>
  <varray name="stress" >
   <v>    3831.20928885       4.79394109       0.00031753 </v>
   <v>       4.79394109    3836.74485471       0.00054997 </v>
   <v>       0.00031753       0.00054997    2302.82181928 </v>
  </varray>
  <energy>
   <i name="e_fr_energy">     24.36754989 </i>
   <i name="e_wo_entrp">     24.36942365 </i>
   <i name="e_0_energy">     -0.00374751 </i>
  </energy>
  <time name="totalsc">    3.99    4.10</time>
 </calculation>
 <calculation>
  <scstep>
