<?xml version="1.0" encoding="ISO-8859-1"?>
<modeling>
 <generator>
  <i name="program" type="string">vasp </i>
  <i name="version" type="string">5.4.4.18Apr17-6-g9f103f2a35  </i>
  <i name="subversion" type="string">(build Nov 14 2022 07:55:26) complex            parallel </i>
  <i name="platform" type="string">LinuxIFC </i>
  <i name="date" type="string">2023 04 13 </i>
  <i name="time" type="string">16:42:37 </i>
 </generator>
 <incar>
  <i type="string" name="SYSTEM"> local optimisation</i>
  <i type="string" name="PREC">accurate</i>
  <i type="int" name="IBRION">     2</i>
  <i name="EDIFF">      0.00001000</i>
  <i type="int" name="NSW">   200</i>
  <i type="int" name="ISIF">     3</i>
  <i name="SYMPREC">      0.00010000</i>
  <i name="ENCUT">    600.00000000</i>
  <i name="POTIM">      0.10000000</i>
  <i type="int" name="ISMEAR">     0</i>
  <i name="SIGMA">      0.05000000</i>
  <i name="KSPACING">      0.50000000</i>
  <i name="PSTRESS">   3000.00000000</i>
  <i type="logical" name="LWAVE"> F  </i>
  <i type="logical" name="LCHARG"> F  </i>
  <v type="int" name="KPOINT_BSE">    -1     0     0     0</v>
 </incar>
 <structure name="primitive_cell" >
  <crystal>
   <varray name="basis" >
    <v>       3.41995214       0.00000000       0.00000000 </v>
    <v>       0.00000026       3.41995214       0.00000000 </v>
    <v>       0.00000026       0.00000026       3.41995214 </v>
   </varray>
   <i name="volume">     40.00000875 </i>
   <varray name="rec_basis" >
    <v>       0.29240175      -0.00000002      -0.00000002 </v>
    <v>       0.00000000       0.29240175      -0.00000002 </v>
    <v>       0.00000000       0.00000000       0.29240175 </v>
   </varray>
  </crystal>
  <varray name="positions" >
   <v>      -0.50000000      -0.50000000      -0.50000000 </v>
   <v>       0.00000000       0.00000000       0.00000000 </v>
  </varray>
 </structure>
 <varray name="primitive_index" >
  <v type="int" >        1 </v>
  <v type="int" >        2 </v>
 </varray>
 <kpoints>
  <generation param="Gamma">
   <v type="int" name="divisions">       4        4        4 </v>
   <v name="usershift">      0.00000000       0.00000000       0.00000000 </v>
   <v name="genvec1">      0.25000000      -0.00000000      -0.00000000 </v>
   <v name="genvec2">      0.00000000       0.25000000       0.00000000 </v>
   <v name="genvec3">      0.00000000       0.00000000       0.25000000 </v>
   <v name="shift">      0.00000000       0.00000000       0.00000000 </v>
  </generation>
  <varray name="kpointlist" >
   <v>       0.00000000       0.00000000       0.00000000 </v>
   <v>       0.25000000       0.00000000      -0.00000000 </v>
   <v>       0.50000000       0.00000000      -0.00000000 </v>
   <v>       0.25000000       0.25000000      -0.00000000 </v>
   <v>       0.50000000       0.25000000       0.00000000 </v>
   <v>       0.50000000       0.50000000      -0.00000000 </v>
   <v>       0.25000000       0.25000000       0.25000000 </v>
   <v>       0.50000000       0.25000000       0.25000000 </v>
   <v>       0.50000000       0.50000000       0.25000000 </v>
   <v>       0.50000000       0.50000000       0.50000000 </v>
  </varray>
  <varray name="weights" >
   <v>       0.01562500 </v>
   <v>       0.09375000 </v>
   <v>       0.04687500 </v>
   <v>       0.18750000 </v>
   <v>       0.18750000 </v>
   <v>       0.04687500 </v>
   <v>       0.12500000 </v>
   <v>       0.18750000 </v>
   <v>       0.09375000 </v>
   <v>       0.01562500 </v>
  </varray>
 </kpoints>
 <parameters>
  <separator name="general" >
   <i type="string" name="SYSTEM">local optimisation</i>
   <i type="logical" name="LCOMPAT"> F  </i>
  </separator>
  <separator name="electronic" >
   <i type="string" name="PREC">accura</i>
   <i name="ENMAX">    600.00000000</i>
   <i name="ENAUG">    627.11200000</i>
   <i name="EDIFF">      0.00001000</i>
   <i type="int" name="IALGO">    38</i>
   <i type="int" name="IWAVPR">    11</i>
   <i type="int" name="NBANDS">    16</i>
   <i name="NELECT">      8.00000000</i>
   <i type="int" name="TURBO">     0</i>
   <i type="int" name="IRESTART">     0</i>
   <i type="int" name="NREBOOT">     0</i>
   <i type="int" name="NMIN">     0</i>
   <i name="EREF">      0.00000000</i>
   <separator name="electronic smearing" >
    <i type="int" name="ISMEAR">     0</i>
    <i name="SIGMA">      0.05000000</i>
    <i name="KSPACING">      0.50000000</i>
    <i type="logical" name="KGAMMA"> T  </i>
   </separator>
   <separator name="electronic projectors" >
    <i type="logical" name="LREAL"> F  </i>
    <v name="ROPT">      0.00000000      0.00000000</v>
    <i type="int" name="LMAXPAW">  -100</i>
    <i type="int" name="LMAXMIX">     2</i>
    <i type="logical" name="NLSPLINE"> F  </i>
   </separator>
   <separator name="electronic startup" >
    <i type="int" name="ISTART">     0</i>
    <i type="int" name="ICHARG">     2</i>
    <i type="int" name="INIWAV">     1</i>
   </separator>
   <separator name="electronic spin" >
    <i type="int" name="ISPIN">     1</i>
    <i type="logical" name="LNONCOLLINEAR"> F  </i>
    <v name="MAGMOM">      1.00000000      1.00000000</v>
    <i name="NUPDOWN">     -1.00000000</i>
    <i type="logical" name="LSORBIT"> F  </i>
    <v name="SAXIS">      0.00000000      0.00000000      1.00000000</v>
    <i type="logical" name="LSPIRAL"> F  </i>
    <v name="QSPIRAL">      0.00000000      0.00000000      0.00000000</v>
    <i type="logical" name="LZEROZ"> F  </i>
   </separator>
   <separator name="electronic exchange-correlation" >
    <i type="logical" name="LASPH"> F  </i>
    <i type="logical" name="LMETAGGA"> F  </i>
   </separator>
   <separator name="electronic convergence" >
    <i type="int" name="NELM">    60</i>
    <i type="int" name="NELMDL">     0</i>
    <i type="int" name="NELMIN">     2</i>
    <i name="ENINI">    600.00000000</i>
    <separator name="electronic convergence detail" >
     <i type="logical" name="LDIAG"> T  </i>
     <i type="logical" name="LSUBROT"> F  </i>
     <i name="WEIMIN">      0.00100000</i>
     <i name="EBREAK">      0.00000016</i>
     <i name="DEPER">      0.30000000</i>
     <i type="int" name="NRMM">     4</i>
     <i name="TIME">      0.40000000</i>
    </separator>
   </separator>
   <separator name="electronic mixer" >
    <i name="AMIX">      0.40000000</i>
    <i name="BMIX">      1.00000000</i>
    <i name="AMIN">      0.10000000</i>
    <i name="AMIX_MAG">      1.60000000</i>
    <i name="BMIX_MAG">      1.00000000</i>
    <separator name="electronic mixer details" >
     <i type="int" name="IMIX">     4</i>
     <i type="logical" name="MIXFIRST"> F  </i>
     <i type="int" name="MAXMIX">   -45</i>
     <i name="WC">    100.00000000</i>
     <i type="int" name="INIMIX">     1</i>
     <i type="int" name="MIXPRE">     1</i>
     <i type="int" name="MREMOVE">     5</i>
    </separator>
   </separator>
   <separator name="electronic dipolcorrection" >
    <i type="logical" name="LDIPOL"> F  </i>
    <i type="logical" name="LMONO"> F  </i>
    <i type="int" name="IDIPOL">     0</i>
    <i name="EPSILON">      1.00000000</i>
    <v name="DIPOL">   -100.00000000   -100.00000000   -100.00000000</v>
    <i name="EFIELD">      0.00000000</i>
   </separator>
  </separator>
  <separator name="grids" >
   <i type="int" name="NGX">    28</i>
   <i type="int" name="NGY">    28</i>
   <i type="int" name="NGZ">    28</i>
   <i type="int" name="NGXF">    56</i>
   <i type="int" name="NGYF">    56</i>
   <i type="int" name="NGZF">    56</i>
   <i type="logical" name="ADDGRID"> F  </i>
  </separator>
  <separator name="ionic" >
   <i type="int" name="NSW">   200</i>
   <i type="int" name="IBRION">     2</i>
   <i type="int" name="MDALGO">     0</i>
   <i type="int" name="ISIF">     3</i>
   <i name="PSTRESS">   3000.00000000</i>
   <i name="EDIFFG">      0.00010000</i>
   <i type="int" name="NFREE">     1</i>
   <i name="POTIM">      0.10000000</i>
   <i name="SMASS">     -3.00000000</i>
   <i name="SCALEE">      1.00000000</i>
  </separator>
  <separator name="ionic md" >
   <i name="TEBEG">      0.00010000</i>
   <i name="TEEND">      0.00010000</i>
   <i type="int" name="NBLOCK">     1</i>
   <i type="int" name="KBLOCK">   200</i>
   <i type="int" name="NPACO">   256</i>
   <i name="APACO">     16.00000000</i>
  </separator>
  <separator name="symmetry" >
   <i type="int" name="ISYM">     2</i>
   <i name="SYMPREC">      0.00010000</i>
  </separator>
  <separator name="dos" >
   <i type="int" name="LORBIT">     0</i>
   <v name="RWIGS">     -1.00000000     -1.00000000</v>
   <i type="int" name="NEDOS">   301</i>
   <i name="EMIN">     10.00000000</i>
   <i name="EMAX">    -10.00000000</i>
   <i name="EFERMI">      0.00000000</i>
  </separator>
  <separator name="writing" >
   <i type="int" name="NWRITE">     2</i>
   <i type="logical" name="LWAVE"> F  </i>
   <i type="logical" name="LDOWNSAMPLE"> F  </i>
   <i type="logical" name="LCHARG"> F  </i>
   <i type="logical" name="LPARD"> F  </i>
   <i type="logical" name="LVTOT"> F  </i>
   <i type="logical" name="LVHAR"> F  </i>
   <i type="logical" name="LELF"> F  </i>
   <i type="logical" name="LOPTICS"> F  </i>
   <v name="STM">      0.00000000      0.00000000      0.00000000      0.00000000      0.00000000      0.00000000      0.00000000</v>
  </separator>
  <separator name="performance" >
   <i type="int" name="NPAR">    16</i>
   <i type="int" name="NSIM">     4</i>
   <i type="int" name="NBLK">    -1</i>
   <i type="logical" name="LPLANE"> T  </i>
   <i type="logical" name="LSCALAPACK"> T  </i>
   <i type="logical" name="LSCAAWARE"> F  </i>
   <i type="logical" name="LSCALU"> F  </i>
   <i type="logical" name="LASYNC"> F  </i>
   <i type="logical" name="LORBITALREAL"> F  </i>
  </separator>
  <separator name="miscellaneous" >
   <i type="int" name="IDIOT">     3</i>
   <i type="int" name="ISPECIAL">     0</i>
   <i type="logical" name="LMUSIC"> F  </i>
   <v name="POMASS">     10.81100000     14.00100000</v>
   <v name="DARWINR">      0.00000000      0.00000000</v>
   <v name="DARWINV">      1.00000000      1.00000000</v>
   <i type="logical" name="LCORR"> T  </i>
  </separator>
  <i type="logical" name="GGA_COMPAT"> T  </i>
  <i type="logical" name="LBERRY"> F  </i>
  <i type="int" name="ICORELEVEL">     0</i>
  <i type="logical" name="LDAU"> F  </i>
  <i type="int" name="I_CONSTRAINED_M">     0</i>
  <separator name="electronic exchange-correlation" >
   <i type="string" name="GGA">--</i>
   <i type="int" name="VOSKOWN">     0</i>
   <i type="logical" name="LHFCALC"> F  </i>
   <i type="string" name="PRECFOCK"></i>
   <i type="logical" name="LSYMGRAD"> F  </i>
   <i type="logical" name="LHFONE"> F  </i>
   <i type="logical" name="LRHFCALC"> F  </i>
   <i type="logical" name="LTHOMAS"> F  </i>
   <i type="logical" name="LMODELHF"> F  </i>
   <i name="ENCUT4O">     -1.00000000</i>
   <i type="int" name="EXXOEP">     0</i>
   <i type="int" name="FOURORBIT">     0</i>
   <i name="AEXX">      0.00000000</i>
   <i name="HFALPHA">      0.00000000</i>
   <i name="MCALPHA">      0.00000000</i>
   <i name="ALDAX">      1.00000000</i>
   <i name="AGGAX">      1.00000000</i>
   <i name="ALDAC">      1.00000000</i>
   <i name="AGGAC">      1.00000000</i>
   <i type="int" name="NKREDX">     1</i>
   <i type="int" name="NKREDY">     1</i>
   <i type="int" name="NKREDZ">     1</i>
   <i type="logical" name="SHIFTRED"> F  </i>
   <i type="logical" name="ODDONLY"> F  </i>
   <i type="logical" name="EVENONLY"> F  </i>
   <i type="int" name="LMAXFOCK">     0</i>
   <i type="int" name="NMAXFOCKAE">     0</i>
   <i type="logical" name="LFOCKAEDFT"> F  </i>
   <i name="HFSCREEN">      0.00000000</i>
   <i name="HFSCREENC">      0.00000000</i>
   <i type="int" name="NBANDSGWLOW">     0</i>
  </separator>
  <separator name="vdW DFT" >
   <i type="logical" name="LUSE_VDW"> F  </i>
   <i name="Zab_VDW">     -0.84910000</i>
   <i name="PARAM1">      0.12340000</i>
   <i name="PARAM2">      1.00000000</i>
   <i name="PARAM3">      0.00000000</i>
  </separator>
  <separator name="model GW" >
   <i type="int" name="MODEL_GW">     0</i>
   <i name="MODEL_EPS0">     12.00000262</i>
   <i name="MODEL_ALPHA">      1.00000000</i>
  </separator>
  <separator name="linear response parameters" >
   <i type="logical" name="LEPSILON"> F  </i>
   <i type="logical" name="LRPA"> F  </i>
   <i type="logical" name="LNABLA"> F  </i>
   <i type="logical" name="LVEL"> F  </i>
   <i type="int" name="KINTER">     0</i>
   <i name="CSHIFT">      0.10000000</i>
   <i name="OMEGAMAX">     -1.00000000</i>
   <i name="DEG_THRESHOLD">      0.00200000</i>
   <i name="RTIME">     -0.10000000</i>
   <i name="WPLASMAI">      0.00000000</i>
   <v name="DFIELD">      0.00000000      0.00000000      0.00000000</v>
   <v name="WPLASMA">      0.00000000      0.00000000      0.00000000      0.00000000      0.00000000      0.00000000      0.00000000      0.00000000      0.00000000</v>
  </separator>
  <separator name="orbital magnetization" >
   <i type="logical" name="NUCIND"> F  </i>
   <v name="MAGPOS">      0.00000000      0.00000000      0.00000000</v>
   <i type="logical" name="LNICSALL"> T  </i>
   <i type="logical" name="ORBITALMAG"> F  </i>
   <i type="logical" name="LMAGBLOCH"> F  </i>
   <i type="logical" name="LCHIMAG"> F  </i>
   <i type="logical" name="LGAUGE"> T  </i>
   <i type="int" name="MAGATOM">     0</i>
   <v name="MAGDIPOL">      0.00000000      0.00000000      0.00000000</v>
   <v name="AVECCONST">      0.00000000      0.00000000      0.00000000</v>
  </separator>
  <separator name="response functions" >
   <i type="logical" name="LADDER"> F  </i>
   <i type="logical" name="LRPAFORCE"> F  </i>
   <i type="logical" name="LFXC"> F  </i>
   <i type="logical" name="LHARTREE"> T  </i>
   <i type="int" name="IBSE">     0</i>
   <v type="int" name="KPOINT">    -1     0     0     0</v>
   <i type="logical" name="LTCTE"> F  </i>
   <i type="logical" name="LTETE"> F  </i>
   <i type="logical" name="LTRIPLET"> F  </i>
   <i type="logical" name="LFXCEPS"> F  </i>
   <i type="logical" name="LFXHEG"> F  </i>
   <i type="int" name="NATURALO">     2</i>
   <i type="logical" name="L2ORDER"> F  </i>
   <i type="logical" name="LMP2LT"> F  </i>
   <i type="logical" name="LUSEW"> F  </i>
   <i name="ENCUTGW">     -2.00000000</i>
   <i name="ENCUTGWSOFT">     -2.00000000</i>
   <i name="ENCUTLF">     -1.00000000</i>
   <i type="int" name="LMAXMP2">    -1</i>
   <i name="SCISSOR">      0.00000000</i>
   <i type="int" name="NOMEGA">     0</i>
   <i type="int" name="NOMEGAR">     0</i>
   <i type="int" name="NBANDSGW">    -1</i>
   <i type="int" name="NBANDSO">    -1</i>
   <i type="int" name="NBANDSV">    -1</i>
   <i type="int" name="NELM">     1</i>
   <i type="int" name="NELMHF">     1</i>
   <i type="int" name="DIM">     3</i>
   <i type="int" name="ANTIRES">     0</i>
   <i name="OMEGAMAX">    -30.00000000</i>
   <i name="OMEGAMIN">    -30.00000000</i>
   <i name="OMEGATL">   -200.00000000</i>
   <i type="int" name="OMEGAGRID">   140</i>
   <i name="CSHIFT">     -0.10000000</i>
   <i type="logical" name="SELFENERGY"> F  </i>
   <i type="logical" name="LSPECTRAL"> F  </i>
   <i type="logical" name="LSPECTRALGW"> F  </i>
   <i type="logical" name="LSINGLES"> F  </i>
   <i type="logical" name="LFERMIGW"> F  </i>
   <i type="logical" name="ODDONLYGW"> F  </i>
   <i type="logical" name="EVENONLYGW"> F  </i>
   <i type="int" name="NKREDLFX">     1</i>
   <i type="int" name="NKREDLFY">     1</i>
   <i type="int" name="NKREDLFZ">     1</i>
   <i type="int" name="MAXMEM">  2800</i>
   <i type="int" name="TELESCOPE">     0</i>
   <i type="int" name="TAUPAR">     1</i>
   <i type="int" name="OMEGAPAR">    -1</i>
   <i name="LAMBDA">      1.00000000</i>
  </separator>
  <separator name="External order field" >
   <i name="OFIELD_KAPPA">      0.00000000</i>
   <v name="OFIELD_K">      0.00000000      0.00000000      0.00000000</v>
   <i name="OFIELD_Q6_NEAR">      0.00000000</i>
   <i name="OFIELD_Q6_FAR">      0.00000000</i>
   <i name="OFIELD_A">      0.00000000</i>
  </separator>
 </parameters>
 <atominfo>
  <atoms>       2 </atoms>
  <types>       2 </types>
  <array name="atoms" >
   <dimension dim="1">ion</dimension>
   <field type="string">element</field>
   <field type="int">atomtype</field>
   <set>
    <rc><c>B </c><c>   1</c></rc>
    <rc><c>N </c><c>   2</c></rc>
   </set>
  </array>
  <array name="atomtypes" >
   <dimension dim="1">type</dimension>
   <field type="int">atomspertype</field>
   <field type="string">element</field>
   <field>mass</field>
   <field>valence</field>
   <field type="string">pseudopotential</field>
   <set>
    <rc><c>   1</c><c>B </c><c>     10.81100000</c><c>      3.00000000</c><c> PAW_PBE B 06Sep2000                    </c></rc>
    <rc><c>   1</c><c>N </c><c>     14.00100000</c><c>      5.00000000</c><c> PAW_PBE N 08Apr2002                    </c></rc>
   </set>
  </array>
 </atominfo>
 <structure name="initialpos" >
  <crystal>
   <varray name="basis" >
    <v>       3.41995214       0.00000000       0.00000000 </v>
    <v>       0.00000026       3.41995214       0.00000000 </v>
    <v>       0.00000026       0.00000026       3.41995214 </v>
   </varray>
   <i name="volume">     40.00000875 </i>
   <varray name="rec_basis" >
    <v>       0.29240175      -0.00000002      -0.00000002 </v>
    <v>       0.00000000       0.29240175      -0.00000002 </v>
    <v>       0.00000000       0.00000000       0.29240175 </v>
   </varray>
  </crystal>
  <varray name="positions" >
   <v>       0.50000000       0.50000000       0.50000000 </v>
   <v>       0.00000000       0.00000000       0.00000000 </v>
  </varray>
 </structure>
 <calculation>
  <scstep>
   <time name="dav">    0.07    0.07</time>
   <time name="total">    0.09    0.10</time>
   <energy>
    <i name="alphaZ">      8.67188770 </i>
    <i name="ewald">   -253.73915630 </i>
    <i name="hartreedc">    -70.27090389 </i>
    <i name="XCdc">     24.84667335 </i>
    <i name="pawpsdc">    125.31683143 </i>
    <i name="pawaedc">   -127.40197392 </i>
    <i name="eentropy">     -0.00126647 </i>
    <i name="bandstr">    -35.21915891 </i>
    <i name="atom">    335.71860950 </i>
    <i name="e_fr_energy">      7.92154249 </i>
    <i name="e_wo_entrp">      7.92280896 </i>
    <i name="e_0_energy">      7.92217573 </i>
   </energy>
  </scstep>
  <scstep>
   <time name="dav">    0.09    0.09</time>
   <time name="total">    0.09    0.09</time>
   <energy>
    <i name="e_fr_energy">     -5.36673080 </i>
    <i name="e_wo_entrp">     -5.35612096 </i>
    <i name="e_0_energy">     -5.36142588 </i>
   </energy>
  </scstep>
  <scstep>
   <time name="dav">    0.07    0.08</time>
   <time name="total">    0.08    0.08</time>
   <energy>
    <i name="e_fr_energy">     -5.61908440 </i>
    <i name="e_wo_entrp">     -5.60845853 </i>
    <i name="e_0_energy">     -5.61377147 </i>
   </energy>
  </scstep>
  <scstep>
   <time name="dav">    0.11    0.11</time>
   <time name="total">    0.11    0.11</time>
   <energy>
    <i name="e_fr_energy">     -5.61945419 </i>
    <i name="e_wo_entrp">     -5.60882483 </i>
    <i name="e_0_energy">     -5.61413951 </i>
   </energy>
  </scstep>
  <scstep>
   <time name="dav">    0.07    0.07</time>
   <time name="total">    0.09    0.09</time>
   <energy>
    <i name="e_fr_energy">     -5.61945426 </i>
    <i name="e_wo_entrp">     -5.60882490 </i>
    <i name="e_0_energy">     -5.61413958 </i>
   </energy>
  </scstep>
  <scstep>
   <time name="dav">    0.06    0.06</time>
   <time name="total">    0.08    0.08</time>
   <energy>
    <i name="e_fr_energy">     -5.43492833 </i>
    <i name="e_wo_entrp">     -5.42913126 </i>
    <i name="e_0_energy">     -5.43202980 </i>
   </energy>
  </scstep>
  <scstep>
   <time name="dav">    0.07    0.07</time>
   <time name="total">    0.09    0.09</time>
   <energy>
    <i name="e_fr_energy">     -5.15256284 </i>
    <i name="e_wo_entrp">     -5.14774104 </i>
    <i name="e_0_energy">     -5.15015194 </i>
   </energy>
  </scstep>
  <scstep>
   <time name="dav">    0.07    0.07</time>
   <time name="total">    0.09    0.09</time>
   <energy>
    <i name="e_fr_energy">     -5.14083197 </i>
    <i name="e_wo_entrp">     -5.13601115 </i>
    <i name="e_0_energy">     -5.13842156 </i>
   </energy>
  </scstep>
  <scstep>
   <time name="dav">    0.08    0.08</time>
   <time name="total">    0.10    0.10</time>
   <energy>
    <i name="e_fr_energy">     -5.14016778 </i>
    <i name="e_wo_entrp">     -5.13534698 </i>
    <i name="e_0_energy">     -5.13775738 </i>
   </energy>
  </scstep>
  <scstep>
   <time name="dav">    0.06    0.06</time>
   <time name="total">    0.08    0.09</time>
   <energy>
    <i name="e_fr_energy">     -5.14054280 </i>
    <i name="e_wo_entrp">     -5.13572202 </i>
    <i name="e_0_energy">     -5.13813241 </i>
   </energy>
  </scstep>
  <scstep>
   <time name="dav">    0.07    0.07</time>
   <time name="total">    0.08    0.08</time>
   <energy>
    <i name="alphaZ">      8.67188770 </i>
    <i name="ewald">   -253.73915630 </i>
    <i name="hartreedc">    -70.98171994 </i>
    <i name="XCdc">     24.66845264 </i>
    <i name="pawpsdc">    124.20502261 </i>
    <i name="pawaedc">   -126.18102602 </i>
    <i name="eentropy">     -0.00482078 </i>
    <i name="bandstr">    -47.49778639 </i>
    <i name="atom">    335.71860950 </i>
    <i name="e_fr_energy">     -5.14053698 </i>
    <i name="e_wo_entrp">     -5.13571620 </i>
    <i name="e_0_energy">     -5.13812659 </i>
   </energy>
  </scstep>
  <structure>
   <crystal>
    <varray name="basis" >
     <v>       3.41995214       0.00000000       0.00000000 </v>
     <v>       0.00000026       3.41995214       0.00000000 </v>
     <v>       0.00000026       0.00000026       3.41995214 </v>
    </varray>
    <i name="volume">     40.00000875 </i>
    <varray name="rec_basis" >
     <v>       0.29240175      -0.00000002      -0.00000002 </v>
     <v>       0.00000000       0.29240175      -0.00000002 </v>
     <v>       0.00000000       0.00000000       0.29240175 </v>
    </varray>
   </crystal>
   <varray name="positions" >
    <v>       0.50000000       0.50000000       0.50000000 </v>
    <v>       0.00000000       0.00000000       0.00000000 </v>
   </varray>
  </structure>
  <varray name="forces" >
   <v>      -0.00000000       0.00000000       0.00000000 </v>
   <v>       0.00000000      -0.00000000       0.00000000 </v>
  </varray>
  <varray name="stress" >
   <v>    -179.23875231      -0.00001353      -0.00001353 </v>
   <v>      -0.00001353    -179.23875231      -0.00001353 </v>
   <v>      -0.00001353      -0.00001353    -179.23875231 </v>
  </varray>
  <energy>
   <i name="e_fr_energy">     69.75755576 </i>
   <i name="e_wo_entrp">     69.75996615 </i>
   <i name="e_0_energy">     -0.00482078 </i>
  </energy>
  <time name="totalsc">    1.11    1.16</time>
 </calculation>
 <calculation>
  <scstep>
   <time name="dav">    0.07    0.07</time>
   <time name="total">    0.09    0.11</time>
   <energy>
    <i name="alphaZ">     36.90467589 </i>
    <i name="ewald">   -411.19081801 </i>
    <i name="hartreedc">   -115.02124759 </i>
    <i name="XCdc">     38.89111165 </i>
    <i name="pawpsdc">    124.20494813 </i>
    <i name="pawaedc">   -126.18078886 </i>
    <i name="eentropy">     -0.00421402 </i>
    <i name="bandstr">     63.60861307 </i>
    <i name="atom">    335.71860950 </i>
    <i name="e_fr_energy">    -53.06911024 </i>
    <i name="e_wo_entrp">    -53.06489622 </i>
    <i name="e_0_energy">    -53.06700323 </i>
   </energy>
  </scstep>
  <scstep>
   <time name="dav">    0.08    0.10</time>
   <time name="total">    0.11    0.12</time>
   <energy>
    <i name="e_fr_energy">    -15.74055872 </i>
    <i name="e_wo_entrp">    -15.73634556 </i>
    <i name="e_0_energy">    -15.73845214 </i>
   </energy>
  </scstep>
  <scstep>
   <time name="dav">    0.07    0.07</time>
   <time name="total">    0.09    0.09</time>
   <energy>
    <i name="e_fr_energy">    -10.35356649 </i>
    <i name="e_wo_entrp">    -10.34935333 </i>
    <i name="e_0_energy">    -10.35145991 </i>
   </energy>
  </scstep>
  <scstep>
   <time name="dav">    0.07    0.07</time>
   <time name="total">    0.11    0.11</time>
   <energy>
    <i name="e_fr_energy">     -9.80124989 </i>
    <i name="e_wo_entrp">     -9.79650869 </i>
    <i name="e_0_energy">     -9.79887929 </i>
   </energy>
  </scstep>
  <scstep>
   <time name="dav">    0.07    0.07</time>
   <time name="total">    0.09    0.09</time>
   <energy>
    <i name="e_fr_energy">     -9.36575672 </i>
    <i name="e_wo_entrp">     -9.36154355 </i>
    <i name="e_0_energy">     -9.36365014 </i>
   </energy>
  </scstep>
  <scstep>
   <time name="dav">    0.08    0.08</time>
   <time name="total">    0.10    0.10</time>
   <energy>
    <i name="e_fr_energy">     -9.12418127 </i>
    <i name="e_wo_entrp">     -9.11996807 </i>
    <i name="e_0_energy">     -9.12207467 </i>
   </energy>
  </scstep>
  <scstep>
   <time name="dav">    0.07    0.07</time>
   <time name="total">    0.10    0.10</time>
   <energy>
    <i name="e_fr_energy">     -9.10196205 </i>
    <i name="e_wo_entrp">     -9.09774888 </i>
    <i name="e_0_energy">     -9.09985547 </i>
   </energy>
  </scstep>
  <scstep>
   <time name="dav">    0.07    0.07</time>
   <time name="total">    0.09    0.09</time>
   <energy>
    <i name="e_fr_energy">     -9.09683434 </i>
    <i name="e_wo_entrp">     -9.09070912 </i>
    <i name="e_0_energy">     -9.09377173 </i>
   </energy>
  </scstep>
  <scstep>
   <time name="dav">    0.07    0.07</time>
   <time name="total">    0.09    0.09</time>
   <energy>
    <i name="e_fr_energy">     -9.09734062 </i>
    <i name="e_wo_entrp">     -9.09285035 </i>
    <i name="e_0_energy">     -9.09509549 </i>
   </energy>
  </scstep>
  <scstep>
   <time name="dav">    0.07    0.07</time>
   <time name="total">    0.09    0.09</time>
   <energy>
    <i name="e_fr_energy">     -9.09682690 </i>
    <i name="e_wo_entrp">     -9.09080389 </i>
    <i name="e_0_energy">     -9.09381539 </i>
   </energy>
  </scstep>
  <scstep>
   <time name="dav">    0.07    0.07</time>
   <time name="total">    0.09    0.09</time>
   <energy>
    <i name="e_fr_energy">     -9.09681397 </i>
    <i name="e_wo_entrp">     -9.09133568 </i>
    <i name="e_0_energy">     -9.09407483 </i>
   </energy>
  </scstep>
  <scstep>
   <time name="dav">    0.05    0.05</time>
   <time name="total">    0.07    0.07</time>
   <energy>
    <i name="e_fr_energy">     -9.09680294 </i>
    <i name="e_wo_entrp">     -9.09109646 </i>
    <i name="e_0_energy">     -9.09394970 </i>
   </energy>
  </scstep>
  <scstep>
   <time name="dav">    0.05    0.05</time>
   <time name="total">    0.06    0.06</time>
   <energy>
    <i name="alphaZ">     36.90467589 </i>
    <i name="ewald">   -411.19081801 </i>
    <i name="hartreedc">    -30.10178439 </i>
    <i name="XCdc">     31.09592402 </i>
    <i name="pawpsdc">    179.88518763 </i>
    <i name="pawaedc">   -182.20354029 </i>
    <i name="eentropy">     -0.00569357 </i>
    <i name="bandstr">     30.80063630 </i>
    <i name="atom">    335.71860950 </i>
    <i name="e_fr_energy">     -9.09680293 </i>
    <i name="e_wo_entrp">     -9.09110936 </i>
    <i name="e_0_energy">     -9.09395614 </i>
   </energy>
  </scstep>
  <structure>
   <crystal>
    <varray name="basis" >
     <v>       2.11039676      -0.00000001      -0.00000001 </v>
     <v>       0.00000015       2.11039676      -0.00000001 </v>
     <v>       0.00000015       0.00000015       2.11039676 </v>
    </varray>
    <i name="volume">      9.39923128 </i>
    <varray name="rec_basis" >
     <v>       0.47384455      -0.00000003      -0.00000003 </v>
     <v>       0.00000000       0.47384455      -0.00000003 </v>
     <v>       0.00000000       0.00000000       0.47384455 </v>
    </varray>
   </crystal>
   <varray name="positions" >
    <v>       0.50000000       0.50000000       0.50000000 </v>
    <v>       0.00000000      -0.00000000       0.00000000 </v>
   </varray>
  </structure>
  <varray name="forces" >
   <v>      -0.00000000      -0.00000000       0.00000000 </v>
   <v>       0.00000000       0.00000000       0.00000000 </v>
  </varray>
  <varray name="stress" >
   <v>    1193.11197978       0.00008377       0.00008377 </v>
   <v>       0.00008377    1193.11197978       0.00008377 </v>
   <v>       0.00008377       0.00008377    1193.11197978 </v>
  </varray>
  <energy>
   <i name="e_fr_energy">      8.50280562 </i>
   <i name="e_wo_entrp">      8.50565241 </i>
   <i name="e_0_energy">     -0.00569357 </i>
  </energy>
  <time name="totalsc">    1.34    1.41</time>
 </calculation>
 <calculation>
  <scstep>
   <time name="dav">    0.07    0.07</time>
   <time name="total">    0.09    0.11</time>
   <energy>
    <i name="alphaZ">     43.51400153 </i>
    <i name="ewald">   -434.40280135 </i>
    <i name="hartreedc">    -31.80064582 </i>
    <i name="XCdc">     32.76546769 </i>
    <i name="pawpsdc">    179.88399036 </i>
    <i name="pawaedc">   -182.20234219 </i>
    <i name="eentropy">     -0.00421316 </i>
    <i name="bandstr">     48.45076214 </i>
    <i name="atom">    335.71860950 </i>
    <i name="e_fr_energy">     -8.07717131 </i>
    <i name="e_wo_entrp">     -8.07295815 </i>
    <i name="e_0_energy">     -8.07506473 </i>
   </energy>
  </scstep>
  <scstep>
   <time name="dav">    0.07    0.07</time>
   <time name="total">    0.09    0.09</time>
   <energy>
    <i name="e_fr_energy">     -7.49751611 </i>
    <i name="e_wo_entrp">     -7.48975740 </i>
    <i name="e_0_energy">     -7.49363676 </i>
   </energy>
  </scstep>
  <scstep>
   <time name="dav">    0.06    0.06</time>
   <time name="total">    0.08    0.08</time>
   <energy>
    <i name="e_fr_energy">     -7.48762590 </i>
    <i name="e_wo_entrp">     -7.48335711 </i>
    <i name="e_0_energy">     -7.48549150 </i>
   </energy>
  </scstep>
  <scstep>
   <time name="dav">    0.07    0.07</time>
   <time name="total">    0.09    0.09</time>
   <energy>
    <i name="e_fr_energy">     -7.50869564 </i>
    <i name="e_wo_entrp">     -7.50448207 </i>
    <i name="e_0_energy">     -7.50658886 </i>
   </energy>
  </scstep>
  <scstep>
   <time name="dav">    0.06    0.07</time>
   <time name="total">    0.09    0.09</time>
   <energy>
    <i name="e_fr_energy">     -7.48387453 </i>
    <i name="e_wo_entrp">     -7.47966115 </i>
    <i name="e_0_energy">     -7.48176784 </i>
   </energy>
  </scstep>
  <scstep>
   <time name="dav">    0.06    0.06</time>
   <time name="total">    0.09    0.09</time>
   <energy>
    <i name="e_fr_energy">     -7.47804968 </i>
    <i name="e_wo_entrp">     -7.47259503 </i>
    <i name="e_0_energy">     -7.47532236 </i>
   </energy>
  </scstep>
  <scstep>
   <time name="dav">    0.09    0.10</time>
   <time name="total">    0.12    0.12</time>
   <energy>
    <i name="e_fr_energy">     -7.47772170 </i>
    <i name="e_wo_entrp">     -7.47138768 </i>
    <i name="e_0_energy">     -7.47455469 </i>
   </energy>
  </scstep>
  <scstep>
   <time name="dav">    0.04    0.04</time>
   <time name="total">    0.05    0.05</time>
   <energy>
    <i name="alphaZ">     43.51400153 </i>
    <i name="ewald">   -434.40280135 </i>
    <i name="hartreedc">    -25.86358222 </i>
    <i name="XCdc">     32.27140925 </i>
    <i name="pawpsdc">    198.45031246 </i>
    <i name="pawaedc">   -200.86113061 </i>
    <i name="eentropy">     -0.00630635 </i>
    <i name="bandstr">     43.70176084 </i>
    <i name="atom">    335.71860950 </i>
    <i name="e_fr_energy">     -7.47772695 </i>
    <i name="e_wo_entrp">     -7.47142060 </i>
    <i name="e_0_energy">     -7.47457378 </i>
   </energy>
  </scstep>
  <structure>
   <crystal>
    <varray name="basis" >
     <v>       1.99762932      -0.00000001      -0.00000001 </v>
     <v>       0.00000014       1.99762932      -0.00000001 </v>
     <v>       0.00000014       0.00000014       1.99762932 </v>
    </varray>
    <i name="volume">      7.97158551 </i>
    <varray name="rec_basis" >
     <v>       0.50059337      -0.00000004      -0.00000004 </v>
     <v>       0.00000000       0.50059337      -0.00000004 </v>
     <v>       0.00000000       0.00000000       0.50059337 </v>
    </varray>
   </crystal>
   <varray name="positions" >
    <v>       0.50000000       0.50000000       0.50000000 </v>
    <v>       0.00000000      -0.00000000       0.00000000 </v>
   </varray>
  </structure>
  <varray name="forces" >
   <v>      -0.00000000      -0.00000000       0.00000000 </v>
   <v>       0.00000000       0.00000000      -0.00000000 </v>
  </varray>
  <varray name="stress" >
   <v>    2565.75081299       0.00017816       0.00017816 </v>
   <v>       0.00017816    2565.75081299       0.00017816 </v>
   <v>       0.00017816       0.00017816    2565.75081299 </v>
  </varray>
  <energy>
   <i name="e_fr_energy">      7.44868355 </i>
   <i name="e_wo_entrp">      7.45183673 </i>
   <i name="e_0_energy">     -0.00630635 </i>
  </energy>
  <time name="totalsc">    0.85    0.93</time>
 </calculation>
 <calculation>
  <scstep>
   <time name="dav">    0.06    0.07</time>
   <time name="total">    0.09    0.10</time>
   <energy>
    <i name="alphaZ">     45.45643582 </i>
    <i name="ewald">   -440.77274926 </i>
    <i name="hartreedc">    -26.21512134 </i>
    <i name="XCdc">     32.72056721 </i>
    <i name="pawpsdc">    198.46629170 </i>
    <i name="pawaedc">   -200.87684222 </i>
    <i name="eentropy">     -0.00421316 </i>
    <i name="bandstr">     48.59691166 </i>
    <i name="atom">    335.71860950 </i>
    <i name="e_fr_energy">     -6.91011011 </i>
    <i name="e_wo_entrp">     -6.90589695 </i>
    <i name="e_0_energy">     -6.90800353 </i>
   </energy>
  </scstep>
  <scstep>
   <time name="dav">    0.06    0.06</time>
   <time name="total">    0.09    0.09</time>
   <energy>
    <i name="e_fr_energy">     -6.87903627 </i>
    <i name="e_wo_entrp">     -6.87482293 </i>
    <i name="e_0_energy">     -6.87692960 </i>
   </energy>
  </scstep>
  <scstep>
   <time name="dav">    0.08    0.08</time>
   <time name="total">    0.10    0.10</time>
   <energy>
    <i name="e_fr_energy">     -6.87717505 </i>
    <i name="e_wo_entrp">     -6.87249420 </i>
    <i name="e_0_energy">     -6.87483462 </i>
   </energy>
  </scstep>
  <scstep>
   <time name="dav">    0.07    0.07</time>
   <time name="total">    0.10    0.10</time>
   <energy>
    <i name="e_fr_energy">     -6.87711616 </i>
    <i name="e_wo_entrp">     -6.87289031 </i>
    <i name="e_0_energy">     -6.87500323 </i>
   </energy>
  </scstep>
  <scstep>
   <time name="dav">    0.08    0.08</time>
   <time name="total">    0.10    0.10</time>
   <energy>
    <i name="e_fr_energy">     -6.87690588 </i>
    <i name="e_wo_entrp">     -6.87245001 </i>
    <i name="e_0_energy">     -6.87467795 </i>
   </energy>
  </scstep>
  <scstep>
   <time name="dav">    0.04    0.04</time>
   <time name="total">    0.05    0.05</time>
   <energy>
    <i name="alphaZ">     45.45643582 </i>
    <i name="ewald">   -440.77274926 </i>
    <i name="hartreedc">    -24.79800977 </i>
    <i name="XCdc">     32.60188819 </i>
    <i name="pawpsdc">    204.38559814 </i>
    <i name="pawaedc">   -206.82379783 </i>
    <i name="eentropy">     -0.00441050 </i>
    <i name="bandstr">     47.35953026 </i>
    <i name="atom">    335.71860950 </i>
    <i name="e_fr_energy">     -6.87690545 </i>
    <i name="e_wo_entrp">     -6.87249495 </i>
    <i name="e_0_energy">     -6.87470020 </i>
   </energy>
  </scstep>
  <structure>
   <crystal>
    <varray name="basis" >
     <v>       1.96876003      -0.00000001      -0.00000001 </v>
     <v>       0.00000014       1.96876003      -0.00000001 </v>
     <v>       0.00000014       0.00000014       1.96876003 </v>
    </varray>
    <i name="volume">      7.63094549 </i>
    <varray name="rec_basis" >
     <v>       0.50793392      -0.00000004      -0.00000004 </v>
     <v>       0.00000000       0.50793392      -0.00000004 </v>
     <v>       0.00000000       0.00000000       0.50793392 </v>
    </varray>
   </crystal>
   <varray name="positions" >
    <v>       0.50000000       0.50000000       0.50000000 </v>
    <v>       0.00000000      -0.00000000       0.00000000 </v>
   </varray>
  </structure>
  <varray name="forces" >
   <v>       0.00000000      -0.00000000       0.00000000 </v>
   <v>      -0.00000000       0.00000000      -0.00000000 </v>
  </varray>
  <varray name="stress" >
   <v>    3080.91484757       0.00021327       0.00021327 </v>
   <v>       0.00021327    3080.91484757       0.00021327 </v>
   <v>       0.00021327       0.00021327    3080.91484757 </v>
  </varray>
  <energy>
   <i name="e_fr_energy">      7.41167300 </i>
   <i name="e_wo_entrp">      7.41387825 </i>
   <i name="e_0_energy">     -0.00441050 </i>
  </energy>
  <time name="totalsc">    0.68    0.94</time>
 </calculation>
 <calculation>
  <scstep>
   <time name="dav">    0.06    0.07</time>
   <time name="total">    0.09    0.10</time>
   <energy>
    <i name="alphaZ">     45.15508263 </i>
    <i name="ewald">   -439.79655534 </i>
    <i name="hartreedc">    -24.73849262 </i>
    <i name="XCdc">     32.53264903 </i>
    <i name="pawpsdc">    204.42630487 </i>
    <i name="pawaedc">   -206.86446148 </i>
    <i name="eentropy">     -0.00739486 </i>
    <i name="bandstr">     46.59879873 </i>
    <i name="atom">    335.71860950 </i>
    <i name="e_fr_energy">     -6.97545954 </i>
    <i name="e_wo_entrp">     -6.96806469 </i>
    <i name="e_0_energy">     -6.97176211 </i>
   </energy>
  </scstep>
  <scstep>
   <time name="dav">    0.06    0.07</time>
   <time name="total">    0.09    0.10</time>
   <energy>
    <i name="e_fr_energy">     -6.97657948 </i>
    <i name="e_wo_entrp">     -6.97236632 </i>
    <i name="e_0_energy">     -6.97447290 </i>
   </energy>
  </scstep>
  <scstep>
   <time name="dav">    0.06    0.06</time>
   <time name="total">    0.09    0.09</time>
   <energy>
    <i name="e_fr_energy">     -6.97424552 </i>
    <i name="e_wo_entrp">     -6.97002557 </i>
    <i name="e_0_energy">     -6.97213555 </i>
   </energy>
  </scstep>
  <scstep>
   <time name="dav">    0.07    0.07</time>
   <time name="total">    0.09    0.09</time>
   <energy>
    <i name="e_fr_energy">     -6.97726852 </i>
    <i name="e_wo_entrp">     -6.96935952 </i>
    <i name="e_0_energy">     -6.97331402 </i>
   </energy>
  </scstep>
  <scstep>
   <time name="dav">    0.07    0.07</time>
   <time name="total">    0.09    0.09</time>
   <energy>
    <i name="e_fr_energy">     -6.97403992 </i>
    <i name="e_wo_entrp">     -6.96980958 </i>
    <i name="e_0_energy">     -6.97192475 </i>
   </energy>
  </scstep>
  <scstep>
   <time name="dav">    0.06    0.07</time>
   <time name="total">    0.09    0.09</time>
   <energy>
    <i name="e_fr_energy">     -6.97379988 </i>
    <i name="e_wo_entrp">     -6.96952359 </i>
    <i name="e_0_energy">     -6.97166173 </i>
   </energy>
  </scstep>
  <scstep>
   <time name="dav">    0.07    0.07</time>
   <time name="total">    0.10    0.10</time>
   <energy>
    <i name="e_fr_energy">     -6.97365520 </i>
    <i name="e_wo_entrp">     -6.96928162 </i>
    <i name="e_0_energy">     -6.97146841 </i>
   </energy>
  </scstep>
  <scstep>
   <time name="dav">    0.08    0.08</time>
   <time name="total">    0.10    0.10</time>
   <energy>
    <i name="e_fr_energy">     -6.97357623 </i>
    <i name="e_wo_entrp">     -6.96903032 </i>
    <i name="e_0_energy">     -6.97130328 </i>
   </energy>
  </scstep>
  <scstep>
   <time name="dav">    0.06    0.06</time>
   <time name="total">    0.08    0.08</time>
   <energy>
    <i name="e_fr_energy">     -6.97355785 </i>
    <i name="e_wo_entrp">     -6.96884333 </i>
    <i name="e_0_energy">     -6.97120059 </i>
   </energy>
  </scstep>
  <scstep>
   <time name="dav">    0.04    0.04</time>
   <time name="total">    0.05    0.05</time>
   <energy>
    <i name="alphaZ">     45.15508263 </i>
    <i name="ewald">   -439.79655534 </i>
    <i name="hartreedc">    -24.93773224 </i>
    <i name="XCdc">     32.54947602 </i>
    <i name="pawpsdc">    203.42750631 </i>
    <i name="pawaedc">   -205.86113536 </i>
    <i name="eentropy">     -0.00474272 </i>
    <i name="bandstr">     46.77593353 </i>
    <i name="atom">    335.71860950 </i>
    <i name="e_fr_energy">     -6.97355767 </i>
    <i name="e_wo_entrp">     -6.96881495 </i>
    <i name="e_0_energy">     -6.97118631 </i>
   </energy>
  </scstep>
  <structure>
   <crystal>
    <varray name="basis" >
     <v>       1.97312999      -0.00000001      -0.00000001 </v>
     <v>       0.00000014       1.97312999      -0.00000001 </v>
     <v>       0.00000014       0.00000014       1.97312999 </v>
    </varray>
    <i name="volume">      7.68187242 </i>
    <varray name="rec_basis" >
     <v>       0.50680898      -0.00000004      -0.00000004 </v>
     <v>       0.00000000       0.50680898      -0.00000004 </v>
     <v>       0.00000000       0.00000000       0.50680898 </v>
    </varray>
   </crystal>
   <varray name="positions" >
    <v>       0.50000000       0.50000000       0.50000000 </v>
    <v>       0.00000000      -0.00000000       0.00000000 </v>
   </varray>
  </structure>
  <varray name="forces" >
   <v>       0.00000000      -0.00000000      -0.00000000 </v>
   <v>      -0.00000000       0.00000000       0.00000000 </v>
  </varray>
  <varray name="stress" >
   <v>    3000.96101491       0.00020783       0.00020783 </v>
   <v>       0.00020783    3000.96101491       0.00020783 </v>
   <v>       0.00020783       0.00020783    3000.96101491 </v>
  </varray>
  <energy>
   <i name="e_fr_energy">      7.41037901 </i>
   <i name="e_wo_entrp">      7.41275037 </i>
   <i name="e_0_energy">     -0.00474272 </i>
  </energy>
  <time name="totalsc">    1.01    1.09</time>
  <eigenvalues>
   <array>
    <dimension dim="1">band</dimension>
    <dimension dim="2">kpoint</dimension>
    <dimension dim="3">spin</dimension>
    <field>eigene</field>
    <field>occ</field>
    <set>
     <set comment="spin 1">
      <set comment="kpoint 1">
       <r>  -11.7676    1.0000 </r>
       <r>   13.5147    1.0000 </r>
       <r>   13.5147    1.0000 </r>
       <r>   13.5147    1.0000 </r>
       <r>   26.6224    0.0000 </r>
       <r>   29.6504    0.0000 </r>
       <r>   29.6504    0.0000 </r>
       <r>   34.3704    0.0000 </r>
       <r>   34.3705    0.0000 </r>
       <r>   34.3705    0.0000 </r>
       <r>   61.7797    0.0000 </r>
       <r>   61.7797    0.0000 </r>
       <r>   61.7797    0.0000 </r>
       <r>   67.0922    0.0000 </r>
       <r>   67.0922    0.0000 </r>
       <r>   69.2503    0.0000 </r>
      </set>
      <set comment="kpoint 2">
       <r>   -9.9567    1.0000 </r>
       <r>    5.6610    1.0000 </r>
       <r>   15.1854    1.0000 </r>
       <r>   15.1854    1.0000 </r>
       <r>   26.7773    0.0000 </r>
       <r>   30.9455    0.0000 </r>
       <r>   30.9455    0.0000 </r>
       <r>   31.8123    0.0000 </r>
       <r>   32.0583    0.0000 </r>
       <r>   42.5849    0.0000 </r>
       <r>   51.3030    0.0000 </r>
       <r>   58.1033    0.0000 </r>
       <r>   58.1033    0.0000 </r>
       <r>   64.1658    0.0000 </r>
       <r>   71.9853    0.0000 </r>
       <r>   72.5790    0.0000 </r>
      </set>
      <set comment="kpoint 3">
       <r>   -6.1488    1.0000 </r>
       <r>   -1.5958    1.0000 </r>
       <r>   17.8663    0.0270 </r>
       <r>   17.8663    0.0270 </r>
       <r>   26.5051    0.0000 </r>
       <r>   26.5051    0.0000 </r>
       <r>   26.5748    0.0000 </r>
       <r>   30.9757    0.0000 </r>
       <r>   39.2608    0.0000 </r>
       <r>   39.2990    0.0000 </r>
       <r>   60.2830    0.0000 </r>
       <r>   60.2830    0.0000 </r>
       <r>   60.9204    0.0000 </r>
       <r>   63.5238    0.0000 </r>
       <r>   64.4310    0.0000 </r>
       <r>   64.4310    0.0000 </r>
      </set>
      <set comment="kpoint 4">
       <r>   -8.1250    1.0000 </r>
       <r>    6.0052    1.0000 </r>
       <r>    8.9217    1.0000 </r>
       <r>   16.6576    1.0000 </r>
       <r>   24.0467    0.0000 </r>
       <r>   28.4547    0.0000 </r>
       <r>   30.1492    0.0000 </r>
       <r>   31.4891    0.0000 </r>
       <r>   40.1429    0.0000 </r>
       <r>   47.2509    0.0000 </r>
       <r>   50.2280    0.0000 </r>
       <r>   50.6586    0.0000 </r>
       <r>   61.5309    0.0000 </r>
       <r>   62.8296    0.0000 </r>
       <r>   67.1520    0.0000 </r>
       <r>   71.5801    0.0000 </r>
      </set>
      <set comment="kpoint 5">
       <r>   -4.1689    1.0000 </r>
       <r>   -0.1974    1.0000 </r>
       <r>   10.6082    1.0000 </r>
       <r>   18.6353    0.0000 </r>
       <r>   18.7914    0.0000 </r>
       <r>   28.1124    0.0000 </r>
       <r>   28.8577    0.0000 </r>
       <r>   30.8100    0.0000 </r>
       <r>   43.9373    0.0000 </r>
       <r>   48.4526    0.0000 </r>
       <r>   51.0880    0.0000 </r>
       <r>   52.7099    0.0000 </r>
       <r>   58.5112    0.0000 </r>
       <r>   63.7343    0.0000 </r>
       <r>   65.4985    0.0000 </r>
       <r>   68.7719    0.0000 </r>
      </set>
      <set comment="kpoint 6">
       <r>    1.4148    1.0000 </r>
       <r>    1.8792    1.0000 </r>
       <r>    1.8792    1.0000 </r>
       <r>   13.2029    1.0000 </r>
       <r>   19.8759    0.0000 </r>
       <r>   30.0246    0.0000 </r>
       <r>   30.0246    0.0000 </r>
       <r>   30.4126    0.0000 </r>
       <r>   44.6232    0.0000 </r>
       <r>   45.9526    0.0000 </r>
       <r>   45.9526    0.0000 </r>
       <r>   54.6604    0.0000 </r>
       <r>   65.6368    0.0000 </r>
       <r>   65.6368    0.0000 </r>
       <r>   73.4404    0.0000 </r>
       <r>   73.4404    0.0000 </r>
      </set>
      <set comment="kpoint 7">
       <r>   -6.2768    1.0000 </r>
       <r>    8.0601    1.0000 </r>
       <r>    8.0601    1.0000 </r>
       <r>   11.2973    1.0000 </r>
       <r>   25.0492    0.0000 </r>
       <r>   25.0492    0.0000 </r>
       <r>   25.7491    0.0000 </r>
       <r>   30.7437    0.0000 </r>
       <r>   47.5355    0.0000 </r>
       <r>   47.5355    0.0000 </r>
       <r>   53.4796    0.0000 </r>
       <r>   53.4796    0.0000 </r>
       <r>   54.7138    0.0000 </r>
       <r>   71.5696    0.0000 </r>
       <r>   71.5696    0.0000 </r>
       <r>   74.5303    0.0000 </r>
      </set>
      <set comment="kpoint 8">
       <r>   -2.2093    1.0000 </r>
       <r>    1.4254    1.0000 </r>
       <r>   12.1805    1.0000 </r>
       <r>   12.2775    1.0000 </r>
       <r>   17.7757    0.7365 </r>
       <r>   21.8822    0.0000 </r>
       <r>   26.3434    0.0000 </r>
       <r>   30.4478    0.0000 </r>
       <r>   49.3664    0.0000 </r>
       <r>   49.6560    0.0000 </r>
       <r>   53.0321    0.0000 </r>
       <r>   55.6566    0.0000 </r>
       <r>   65.4844    0.0000 </r>
       <r>   67.6564    0.0000 </r>
       <r>   67.8999    0.0000 </r>
       <r>   69.8618    0.0000 </r>
      </set>
      <set comment="kpoint 9">
       <r>    3.0552    1.0000 </r>
       <r>    4.0201    1.0000 </r>
       <r>    4.0201    1.0000 </r>
       <r>   13.3072    1.0000 </r>
       <r>   15.0709    1.0000 </r>
       <r>   21.6727    0.0000 </r>
       <r>   21.6727    0.0000 </r>
       <r>   28.0107    0.0000 </r>
       <r>   51.0232    0.0000 </r>
       <r>   52.8908    0.0000 </r>
       <r>   52.8908    0.0000 </r>
       <r>   61.4022    0.0000 </r>
       <r>   69.4707    0.0000 </r>
       <r>   69.4707    0.0000 </r>
       <r>   76.1587    0.0000 </r>
       <r>   76.1587    0.0000 </r>
      </set>
      <set comment="kpoint 10">
       <r>    7.2320    1.0000 </r>
       <r>    8.5871    1.0000 </r>
       <r>    8.5871    1.0000 </r>
       <r>    8.5871    1.0000 </r>
       <r>   13.4154    1.0000 </r>
       <r>   13.4154    1.0000 </r>
       <r>   13.4154    1.0000 </r>
       <r>   26.1683    0.0000 </r>
       <r>   57.1835    0.0000 </r>
       <r>   57.1835    0.0000 </r>
       <r>   57.1835    0.0000 </r>
       <r>   68.7839    0.0000 </r>
       <r>   68.7839    0.0000 </r>
       <r>   68.7839    0.0000 </r>
       <r>   86.8517    0.0000 </r>
       <r>   86.8517    0.0000 </r>
      </set>
     </set>
    </set>
   </array>
  </eigenvalues>
  <separator name="orbital magnetization" >
   <v name="MAGDIPOLOUT">      0.00000000      0.00000000      0.00000000</v>
  </separator>
  <dos>
   <i name="efermi">     17.79810870 </i>
   <total>
    <array>
     <dimension dim="1">gridpoints</dimension>
     <dimension dim="2">spin</dimension>
     <field>energy</field>
     <field>total</field>
     <field>integrated</field>
     <set>
      <set comment="spin 1">
       <r>   -16.6985     0.0000     0.0000 </r>
       <r>   -16.3369     0.0000     0.0000 </r>
       <r>   -15.9753     0.0000     0.0000 </r>
       <r>   -15.6137     0.0000     0.0000 </r>
       <r>   -15.2521     0.0000     0.0000 </r>
       <r>   -14.8905     0.0000     0.0000 </r>
       <r>   -14.5289     0.0000     0.0000 </r>
       <r>   -14.1673     0.0000     0.0000 </r>
       <r>   -13.8057     0.0000     0.0000 </r>
       <r>   -13.4441     0.0000     0.0000 </r>
       <r>   -13.0825     0.0000     0.0000 </r>
       <r>   -12.7209     0.0000     0.0000 </r>
       <r>   -12.3593     0.0000     0.0000 </r>
       <r>   -11.9977     0.0000     0.0000 </r>
       <r>   -11.6361     0.0864     0.0312 </r>
       <r>   -11.2745     0.0000     0.0312 </r>
       <r>   -10.9129     0.0000     0.0312 </r>
       <r>   -10.5513     0.0000     0.0312 </r>
       <r>   -10.1897     0.0000     0.0313 </r>
       <r>    -9.8281     0.5185     0.2187 </r>
       <r>    -9.4665     0.0000     0.2188 </r>
       <r>    -9.1049     0.0000     0.2188 </r>
       <r>    -8.7433     0.0000     0.2188 </r>
       <r>    -8.3817     0.0000     0.2188 </r>
       <r>    -8.0201     1.0355     0.5932 </r>
       <r>    -7.6584     0.0000     0.5938 </r>
       <r>    -7.2968     0.0000     0.5938 </r>
       <r>    -6.9352     0.0000     0.5938 </r>
       <r>    -6.5736     0.0000     0.5938 </r>
       <r>    -6.2120     0.6778     0.8388 </r>
       <r>    -5.8504     0.2497     0.9375 </r>
       <r>    -5.4888     0.0000     0.9375 </r>
       <r>    -5.1272     0.0000     0.9375 </r>
       <r>    -4.7656     0.0000     0.9375 </r>
       <r>    -4.4040     0.0000     0.9375 </r>
       <r>    -4.0424     1.0369     1.3124 </r>
       <r>    -3.6808     0.0000     1.3125 </r>
       <r>    -3.3192     0.0000     1.3125 </r>
       <r>    -2.9576     0.0000     1.3125 </r>
       <r>    -2.5960     0.0000     1.3125 </r>
       <r>    -2.2344     0.2474     1.4020 </r>
       <r>    -1.8728     0.7896     1.6875 </r>
       <r>    -1.5112     0.2571     1.7805 </r>
       <r>    -1.1496     0.0000     1.7812 </r>
       <r>    -0.7880     0.0000     1.7812 </r>
       <r>    -0.4264     0.0000     1.7813 </r>
       <r>    -0.0648     1.0370     2.1562 </r>
       <r>     0.2968     0.0000     2.1562 </r>
       <r>     0.6584     0.0000     2.1562 </r>
       <r>     1.0200     0.0000     2.1562 </r>
       <r>     1.3816     0.1570     2.2130 </r>
       <r>     1.7433     1.1394     2.6250 </r>
       <r>     2.1049     0.5185     2.8125 </r>
       <r>     2.4665     0.0000     2.8125 </r>
       <r>     2.8281     0.0000     2.8125 </r>
       <r>     3.1897     0.5185     3.0000 </r>
       <r>     3.5513     0.0000     3.0000 </r>
       <r>     3.9129     0.0013     3.0005 </r>
       <r>     4.2745     1.0358     3.3750 </r>
       <r>     4.6361     0.0000     3.3750 </r>
       <r>     4.9977     0.0000     3.3750 </r>
       <r>     5.3593     0.0000     3.3750 </r>
       <r>     5.7209     0.4951     3.5540 </r>
       <r>     6.0825     1.0222     3.9321 </r>
       <r>     6.4441     0.0000     3.9375 </r>
       <r>     6.8057     0.0000     3.9375 </r>
       <r>     7.1673     0.0029     3.9386 </r>
       <r>     7.5289     0.0835     3.9688 </r>
       <r>     7.8905     0.0000     3.9688 </r>
       <r>     8.2521     1.3827     4.4687 </r>
       <r>     8.6137     0.2008     4.5414 </r>
       <r>     8.9753     1.0284     4.9133 </r>
       <r>     9.3369     0.0000     4.9375 </r>
       <r>     9.6985     0.0000     4.9375 </r>
       <r>    10.0601     0.0000     4.9375 </r>
       <r>    10.4217     0.0000     4.9375 </r>
       <r>    10.7834     1.0370     5.3125 </r>
       <r>    11.1450     0.0000     5.3125 </r>
       <r>    11.5066     0.6914     5.5625 </r>
       <r>    11.8682     0.0000     5.5625 </r>
       <r>    12.2298     1.0443     5.9401 </r>
       <r>    12.5914     0.9451     6.3125 </r>
       <r>    12.9530     0.0000     6.3125 </r>
       <r>    13.3146     0.5619     6.5157 </r>
       <r>    13.6762     0.7342     6.7812 </r>
       <r>    14.0378     0.0000     6.7812 </r>
       <r>    14.3994     0.0000     6.7812 </r>
       <r>    14.7610     0.0000     6.7812 </r>
       <r>    15.1226     0.5203     6.9694 </r>
       <r>    15.4842     0.9979     7.3438 </r>
       <r>    15.8458     0.0000     7.3438 </r>
       <r>    16.2074     0.0000     7.3438 </r>
       <r>    16.5690     0.0063     7.3460 </r>
       <r>    16.9306     1.0307     7.7187 </r>
       <r>    17.2922     0.0000     7.7188 </r>
       <r>    17.6538     0.0003     7.7189 </r>
       <r>    18.0154     1.5553     8.2812 </r>
       <r>    18.3770     0.0000     8.2813 </r>
       <r>    18.7386     1.1054     8.6810 </r>
       <r>    19.1002     0.9669     9.0312 </r>
       <r>    19.4618     0.0000     9.0312 </r>
       <r>    19.8234     0.0179     9.0377 </r>
       <r>    20.1851     0.2413     9.1250 </r>
       <r>    20.5467     0.0000     9.1250 </r>
       <r>    20.9083     0.0000     9.1250 </r>
       <r>    21.2699     0.0000     9.1250 </r>
       <r>    21.6315     0.1260     9.1706 </r>
       <r>    21.9931     1.9472     9.8747 </r>
       <r>    22.3547     0.0000     9.8750 </r>
       <r>    22.7163     0.0000     9.8750 </r>
       <r>    23.0779     0.0000     9.8750 </r>
       <r>    23.4395     0.0000     9.8750 </r>
       <r>    23.8011     0.0000     9.8750 </r>
       <r>    24.1627     1.0365    10.2498 </r>
       <r>    24.5243     0.0000    10.2500 </r>
       <r>    24.8859     0.0000    10.2500 </r>
       <r>    25.2475     1.3827    10.7500 </r>
       <r>    25.6091     0.0000    10.7500 </r>
       <r>    25.9707     0.6913    11.0000 </r>
       <r>    26.3323     0.4771    11.1725 </r>
       <r>    26.6939     1.5134    11.7198 </r>
       <r>    27.0555     0.5138    11.9062 </r>
       <r>    27.4171     0.0000    11.9062 </r>
       <r>    27.7787     0.0000    11.9063 </r>
       <r>    28.1403     1.3332    12.3883 </r>
       <r>    28.5019     1.1652    12.8097 </r>
       <r>    28.8635     0.5871    13.0560 </r>
       <r>    29.2252     0.4500    13.2188 </r>
       <r>    29.5868     0.0062    13.2210 </r>
       <r>    29.9484     0.1747    13.2842 </r>
       <r>    30.3100     1.5480    13.8439 </r>
       <r>    30.6716     1.3101    14.3177 </r>
       <r>    31.0332     2.9901    15.3989 </r>
       <r>    31.3948     0.0039    15.4077 </r>
       <r>    31.7564     1.0626    15.7919 </r>
       <r>    32.1180     0.9839    16.1477 </r>
       <r>    32.4796     0.0000    16.1562 </r>
       <r>    32.8412     0.0000    16.1562 </r>
       <r>    33.2028     0.0000    16.1562 </r>
       <r>    33.5644     0.0000    16.1562 </r>
       <r>    33.9260     0.0000    16.1562 </r>
       <r>    34.2876     0.0025    16.1571 </r>
       <r>    34.6492     0.2568    16.2500 </r>
       <r>    35.0108     0.0000    16.2500 </r>
       <r>    35.3724     0.0000    16.2500 </r>
       <r>    35.7340     0.0000    16.2500 </r>
       <r>    36.0956     0.0000    16.2500 </r>
       <r>    36.4572     0.0000    16.2500 </r>
       <r>    36.8188     0.0000    16.2500 </r>
       <r>    37.1804     0.0000    16.2500 </r>
       <r>    37.5420     0.0000    16.2500 </r>
       <r>    37.9036     0.0000    16.2500 </r>
       <r>    38.2652     0.0000    16.2500 </r>
       <r>    38.6269     0.0000    16.2500 </r>
       <r>    38.9885     0.0000    16.2500 </r>
       <r>    39.3501     0.4978    16.4300 </r>
       <r>    39.7117     0.0000    16.4375 </r>
       <r>    40.0733     0.0254    16.4467 </r>
       <r>    40.4349     1.0116    16.8125 </r>
       <r>    40.7965     0.0000    16.8125 </r>
       <r>    41.1581     0.0000    16.8125 </r>
       <r>    41.5197     0.0000    16.8125 </r>
       <r>    41.8813     0.0000    16.8125 </r>
       <r>    42.2429     0.0000    16.8125 </r>
       <r>    42.6045     0.3681    16.9456 </r>
       <r>    42.9661     0.1504    17.0000 </r>
       <r>    43.3277     0.0000    17.0000 </r>
       <r>    43.6893     0.0000    17.0000 </r>
       <r>    44.0509     1.0364    17.3748 </r>
       <r>    44.4125     0.0000    17.3750 </r>
       <r>    44.7741     0.2593    17.4687 </r>
       <r>    45.1357     0.0000    17.4688 </r>
       <r>    45.4973     0.0000    17.4688 </r>
       <r>    45.8589     0.0021    17.4695 </r>
       <r>    46.2205     0.5164    17.6562 </r>
       <r>    46.5821     0.0000    17.6562 </r>
       <r>    46.9437     0.0000    17.6562 </r>
       <r>    47.3053     0.9732    18.0081 </r>
       <r>    47.6670     1.3826    18.5312 </r>
       <r>    48.0286     0.0000    18.5312 </r>
       <r>    48.3902     0.0402    18.5458 </r>
       <r>    48.7518     0.9969    18.9062 </r>
       <r>    49.1134     0.0000    18.9063 </r>
       <r>    49.4750     1.0359    19.2809 </r>
       <r>    49.8366     1.0370    19.6562 </r>
       <r>    50.1982     0.2068    19.7310 </r>
       <r>    50.5598     0.8329    20.0322 </r>
       <r>    50.9214     1.0354    20.4066 </r>
       <r>    51.2830     1.7027    21.0223 </r>
       <r>    51.6446     0.3703    21.1562 </r>
       <r>    52.0062     0.0000    21.1562 </r>
       <r>    52.3678     0.0000    21.1562 </r>
       <r>    52.7294     0.7356    21.4223 </r>
       <r>    53.0910     2.3259    22.2633 </r>
       <r>    53.4526     0.3079    22.3926 </r>
       <r>    53.8142     1.0748    22.7812 </r>
       <r>    54.1758     0.0000    22.7812 </r>
       <r>    54.5374     0.0001    22.7813 </r>
       <r>    54.8990     0.9506    23.1250 </r>
       <r>    55.2606     0.0000    23.1250 </r>
       <r>    55.6222     0.1720    23.1872 </r>
       <r>    55.9838     0.8650    23.5000 </r>
       <r>    56.3454     0.0000    23.5000 </r>
       <r>    56.7070     0.0000    23.5000 </r>
       <r>    57.0687     0.0001    23.5001 </r>
       <r>    57.4303     0.2591    23.5937 </r>
       <r>    57.7919     0.0000    23.5938 </r>
       <r>    58.1535     0.9561    23.9395 </r>
       <r>    58.5151     0.5643    24.1728 </r>
       <r>    58.8767     0.4728    24.3438 </r>
       <r>    59.2383     0.0000    24.3438 </r>
       <r>    59.5999     0.0000    24.3438 </r>
       <r>    59.9615     0.0000    24.3438 </r>
       <r>    60.3231     0.4519    24.5071 </r>
       <r>    60.6847     0.0000    24.5313 </r>
       <r>    61.0463     0.2592    24.6250 </r>
       <r>    61.4079     0.2929    24.7309 </r>
       <r>    61.7695     1.3628    25.2237 </r>
       <r>    62.1311     0.1591    25.2812 </r>
       <r>    62.4927     0.0000    25.2812 </r>
       <r>    62.8543     0.7860    25.5655 </r>
       <r>    63.2159     0.2511    25.6562 </r>
       <r>    63.5775     0.2426    25.7440 </r>
       <r>    63.9391     1.0370    26.1250 </r>
       <r>    64.3007     0.5185    26.3125 </r>
       <r>    64.6623     0.5185    26.5000 </r>
       <r>    65.0239     0.0000    26.5000 </r>
       <r>    65.3855     0.0034    26.5012 </r>
       <r>    65.7471     2.5887    27.4373 </r>
       <r>    66.1088     0.0000    27.4375 </r>
       <r>    66.4704     0.0000    27.4375 </r>
       <r>    66.8320     0.0000    27.4375 </r>
       <r>    67.1936     1.0854    27.8300 </r>
       <r>    67.5552     0.0022    27.8758 </r>
       <r>    67.9168     1.7431    28.5061 </r>
       <r>    68.2784     0.3288    28.6250 </r>
       <r>    68.6400     0.0001    28.6250 </r>
       <r>    69.0016     1.2962    29.0937 </r>
       <r>    69.3632     0.0876    29.1254 </r>
       <r>    69.7248     1.0359    29.5000 </r>
       <r>    70.0864     1.0370    29.8750 </r>
       <r>    70.4480     0.0000    29.8750 </r>
       <r>    70.8096     0.0000    29.8750 </r>
       <r>    71.1712     0.0000    29.8750 </r>
       <r>    71.5328     0.2994    29.9833 </r>
       <r>    71.8944     2.1230    30.7509 </r>
       <r>    72.2560     0.5159    30.9375 </r>
       <r>    72.6176     0.4472    31.0992 </r>
       <r>    72.9792     0.0000    31.1250 </r>
       <r>    73.3408     0.0013    31.1255 </r>
       <r>    73.7024     0.5173    31.3125 </r>
       <r>    74.0640     0.0000    31.3125 </r>
       <r>    74.4256     0.0011    31.3129 </r>
       <r>    74.7872     0.6903    31.5625 </r>
       <r>    75.1488     0.0000    31.5625 </r>
       <r>    75.5105     0.0000    31.5625 </r>
       <r>    75.8721     0.0000    31.5625 </r>
       <r>    76.2337     1.0195    31.9311 </r>
       <r>    76.5953     0.0000    31.9375 </r>
       <r>    76.9569     0.0000    31.9375 </r>
       <r>    77.3185     0.0000    31.9375 </r>
       <r>    77.6801     0.0000    31.9375 </r>
       <r>    78.0417     0.0000    31.9375 </r>
       <r>    78.4033     0.0000    31.9375 </r>
       <r>    78.7649     0.0000    31.9375 </r>
       <r>    79.1265     0.0000    31.9375 </r>
       <r>    79.4881     0.0000    31.9375 </r>
       <r>    79.8497     0.0000    31.9375 </r>
       <r>    80.2113     0.0000    31.9375 </r>
       <r>    80.5729     0.0000    31.9375 </r>
       <r>    80.9345     0.0000    31.9375 </r>
       <r>    81.2961     0.0000    31.9375 </r>
       <r>    81.6577     0.0000    31.9375 </r>
       <r>    82.0193     0.0000    31.9375 </r>
       <r>    82.3809     0.0000    31.9375 </r>
       <r>    82.7425     0.0000    31.9375 </r>
       <r>    83.1041     0.0000    31.9375 </r>
       <r>    83.4657     0.0000    31.9375 </r>
       <r>    83.8273     0.0000    31.9375 </r>
       <r>    84.1889     0.0000    31.9375 </r>
       <r>    84.5506     0.0000    31.9375 </r>
       <r>    84.9122     0.0000    31.9375 </r>
       <r>    85.2738     0.0000    31.9375 </r>
       <r>    85.6354     0.0000    31.9375 </r>
       <r>    85.9970     0.0000    31.9375 </r>
       <r>    86.3586     0.0000    31.9375 </r>
       <r>    86.7202     0.0000    31.9375 </r>
       <r>    87.0818     0.1728    32.0000 </r>
       <r>    87.4434     0.0000    32.0000 </r>
       <r>    87.8050     0.0000    32.0000 </r>
       <r>    88.1666     0.0000    32.0000 </r>
       <r>    88.5282     0.0000    32.0000 </r>
       <r>    88.8898     0.0000    32.0000 </r>
       <r>    89.2514     0.0000    32.0000 </r>
       <r>    89.6130     0.0000    32.0000 </r>
       <r>    89.9746     0.0000    32.0000 </r>
       <r>    90.3362     0.0000    32.0000 </r>
       <r>    90.6978     0.0000    32.0000 </r>
       <r>    91.0594     0.0000    32.0000 </r>
       <r>    91.4210     0.0000    32.0000 </r>
       <r>    91.7826     0.0000    32.0000 </r>
      </set>
     </set>
    </array>
   </total>
  </dos>
 </calculation>
 <structure name="finalpos" >
  <crystal>
   <varray name="basis" >
    <v>       1.97312999      -0.00000001      -0.00000001 </v>
    <v>       0.00000014       1.97312999      -0.00000001 </v>
    <v>       0.00000014       0.00000014       1.97312999 </v>
   </varray>
   <i name="volume">      7.68187242 </i>
   <varray name="rec_basis" >
    <v>       0.50680898      -0.00000004      -0.00000004 </v>
    <v>       0.00000000       0.50680898      -0.00000004 </v>
    <v>       0.00000000       0.00000000       0.50680898 </v>
   </varray>
  </crystal>
  <varray name="positions" >
   <v>       0.50000000       0.50000000       0.50000000 </v>
   <v>       0.00000000      -0.00000000       0.00000000 </v>
  </varray>
 </structure>
</modeling>
