<?xml version="1.0" encoding="ISO-8859-1"?>
<modeling>
 <generator>
  <i name="program" type="string">vasp </i>
  <i name="version" type="string">5.4.4.18Apr17-6-g9f103f2a35  </i>
  <i name="subversion" type="string">(build Nov 14 2022 07:55:26) complex            parallel </i>
  <i name="platform" type="string">LinuxIFC </i>
  <i name="date" type="string">2023 04 13 </i>
  <i name="time" type="string">16:28:02 </i>
 </generator>
 <incar>
  <i type="string" name="SYSTEM"> local optimisation</i>
  <i type="string" name="PREC">accurate</i>
  <i type="int" name="IBRION">     2</i>
  <i name="EDIFF">      0.00001000</i>
  <i type="int" name="NSW">   200</i>
  <i type="int" name="ISIF">     3</i>
  <i name="SYMPREC">      0.00010000</i>
  <i name="ENCUT">    600.00000000</i>
  <i name="POTIM">      0.10000000</i>
  <i type="int" name="ISMEAR">     0</i>
  <i name="SIGMA">      0.05000000</i>
  <i name="KSPACING">      0.50000000</i>
  <i name="PSTRESS">   3000.00000000</i>
  <i type="logical" name="LWAVE"> F  </i>
  <i type="logical" name="LCHARG"> F  </i>
  <v type="int" name="KPOINT_BSE">    -1     0     0     0</v>
 </incar>
 <structure name="primitive_cell" >
  <crystal>
   <varray name="basis" >
    <v>       7.19437146       0.00000000       0.00000000 </v>
    <v>       0.00000056       7.47819105       0.00000000 </v>
    <v>       0.00000056       0.00000056       7.43482355 </v>
   </varray>
   <i name="volume">    400.00008153 </i>
   <varray name="rec_basis" >
    <v>       0.13899755      -0.00000001      -0.00000001 </v>
    <v>       0.00000000       0.13372218      -0.00000001 </v>
    <v>       0.00000000       0.00000000       0.13450218 </v>
   </varray>
  </crystal>
  <varray name="positions" >
   <v>      -0.50000000       0.00000000       0.00000000 </v>
   <v>      -0.50000000       0.00000000      -0.42441295 </v>
   <v>      -0.50000000       0.00000000       0.42441295 </v>
  </varray>
 </structure>
 <varray name="primitive_index" >
  <v type="int" >        1 </v>
  <v type="int" >        2 </v>
  <v type="int" >        3 </v>
 </varray>
 <kpoints>
  <generation param="Gamma">
   <v type="int" name="divisions">       2        2        2 </v>
   <v name="usershift">      0.00000000       0.00000000       0.00000000 </v>
   <v name="genvec1">      0.50000000       0.00000000       0.00000000 </v>
   <v name="genvec2">      0.00000000       0.50000000       0.00000000 </v>
   <v name="genvec3">      0.00000000       0.00000000       0.50000000 </v>
   <v name="shift">      0.00000000       0.00000000       0.00000000 </v>
  </generation>
  <varray name="kpointlist" >
   <v>       0.00000000       0.00000000       0.00000000 </v>
   <v>       0.50000000      -0.00000000      -0.00000000 </v>
   <v>       0.00000000       0.50000000       0.00000000 </v>
   <v>       0.50000000       0.50000000       0.00000000 </v>
   <v>       0.00000000       0.00000000       0.50000000 </v>
   <v>       0.50000000      -0.00000000       0.50000000 </v>
   <v>       0.00000000       0.50000000       0.50000000 </v>
   <v>       0.50000000       0.50000000       0.50000000 </v>
  </varray>
  <varray name="weights" >
   <v>       0.12500000 </v>
   <v>       0.12500000 </v>
   <v>       0.12500000 </v>
   <v>       0.12500000 </v>
   <v>       0.12500000 </v>
   <v>       0.12500000 </v>
   <v>       0.12500000 </v>
   <v>       0.12500000 </v>
  </varray>
 </kpoints>
 <parameters>
  <separator name="general" >
   <i type="string" name="SYSTEM">local optimisation</i>
   <i type="logical" name="LCOMPAT"> F  </i>
  </separator>
  <separator name="electronic" >
   <i type="string" name="PREC">accura</i>
   <i name="ENMAX">    600.00000000</i>
   <i name="ENAUG">    627.11200000</i>
   <i name="EDIFF">      0.00001000</i>
   <i type="int" name="IALGO">    38</i>
   <i type="int" name="IWAVPR">    11</i>
   <i type="int" name="NBANDS">    16</i>
   <i name="NELECT">     13.00000000</i>
   <i type="int" name="TURBO">     0</i>
   <i type="int" name="IRESTART">     0</i>
   <i type="int" name="NREBOOT">     0</i>
   <i type="int" name="NMIN">     0</i>
   <i name="EREF">      0.00000000</i>
   <separator name="electronic smearing" >
    <i type="int" name="ISMEAR">     0</i>
    <i name="SIGMA">      0.05000000</i>
    <i name="KSPACING">      0.50000000</i>
    <i type="logical" name="KGAMMA"> T  </i>
   </separator>
   <separator name="electronic projectors" >
    <i type="logical" name="LREAL"> F  </i>
    <v name="ROPT">      0.00000000      0.00000000</v>
    <i type="int" name="LMAXPAW">  -100</i>
    <i type="int" name="LMAXMIX">     2</i>
    <i type="logical" name="NLSPLINE"> F  </i>
   </separator>
   <separator name="electronic startup" >
    <i type="int" name="ISTART">     0</i>
    <i type="int" name="ICHARG">     2</i>
    <i type="int" name="INIWAV">     1</i>
   </separator>
   <separator name="electronic spin" >
    <i type="int" name="ISPIN">     1</i>
    <i type="logical" name="LNONCOLLINEAR"> F  </i>
    <v name="MAGMOM">      1.00000000      1.00000000      1.00000000</v>
    <i name="NUPDOWN">     -1.00000000</i>
    <i type="logical" name="LSORBIT"> F  </i>
    <v name="SAXIS">      0.00000000      0.00000000      1.00000000</v>
    <i type="logical" name="LSPIRAL"> F  </i>
    <v name="QSPIRAL">      0.00000000      0.00000000      0.00000000</v>
    <i type="logical" name="LZEROZ"> F  </i>
   </separator>
   <separator name="electronic exchange-correlation" >
    <i type="logical" name="LASPH"> F  </i>
    <i type="logical" name="LMETAGGA"> F  </i>
   </separator>
   <separator name="electronic convergence" >
    <i type="int" name="NELM">    60</i>
    <i type="int" name="NELMDL">     0</i>
    <i type="int" name="NELMIN">     2</i>
    <i name="ENINI">    600.00000000</i>
    <separator name="electronic convergence detail" >
     <i type="logical" name="LDIAG"> T  </i>
     <i type="logical" name="LSUBROT"> F  </i>
     <i name="WEIMIN">      0.00100000</i>
     <i name="EBREAK">      0.00000016</i>
     <i name="DEPER">      0.30000000</i>
     <i type="int" name="NRMM">     4</i>
     <i name="TIME">      0.40000000</i>
    </separator>
   </separator>
   <separator name="electronic mixer" >
    <i name="AMIX">      0.40000000</i>
    <i name="BMIX">      1.00000000</i>
    <i name="AMIN">      0.10000000</i>
    <i name="AMIX_MAG">      1.60000000</i>
    <i name="BMIX_MAG">      1.00000000</i>
    <separator name="electronic mixer details" >
     <i type="int" name="IMIX">     4</i>
     <i type="logical" name="MIXFIRST"> F  </i>
     <i type="int" name="MAXMIX">   -45</i>
     <i name="WC">    100.00000000</i>
     <i type="int" name="INIMIX">     1</i>
     <i type="int" name="MIXPRE">     1</i>
     <i type="int" name="MREMOVE">     5</i>
    </separator>
   </separator>
   <separator name="electronic dipolcorrection" >
    <i type="logical" name="LDIPOL"> F  </i>
    <i type="logical" name="LMONO"> F  </i>
    <i type="int" name="IDIPOL">     0</i>
    <i name="EPSILON">      1.00000000</i>
    <v name="DIPOL">   -100.00000000   -100.00000000   -100.00000000</v>
    <i name="EFIELD">      0.00000000</i>
   </separator>
  </separator>
  <separator name="grids" >
   <i type="int" name="NGX">    60</i>
   <i type="int" name="NGY">    60</i>
   <i type="int" name="NGZ">    60</i>
   <i type="int" name="NGXF">   120</i>
   <i type="int" name="NGYF">   120</i>
   <i type="int" name="NGZF">   120</i>
   <i type="logical" name="ADDGRID"> F  </i>
  </separator>
  <separator name="ionic" >
   <i type="int" name="NSW">   200</i>
   <i type="int" name="IBRION">     2</i>
   <i type="int" name="MDALGO">     0</i>
   <i type="int" name="ISIF">     3</i>
   <i name="PSTRESS">   3000.00000000</i>
   <i name="EDIFFG">      0.00010000</i>
   <i type="int" name="NFREE">     1</i>
   <i name="POTIM">      0.10000000</i>
   <i name="SMASS">     -3.00000000</i>
   <i name="SCALEE">      1.00000000</i>
  </separator>
  <separator name="ionic md" >
   <i name="TEBEG">      0.00010000</i>
   <i name="TEEND">      0.00010000</i>
   <i type="int" name="NBLOCK">     1</i>
   <i type="int" name="KBLOCK">   200</i>
   <i type="int" name="NPACO">   256</i>
   <i name="APACO">     16.00000000</i>
  </separator>
  <separator name="symmetry" >
   <i type="int" name="ISYM">     2</i>
   <i name="SYMPREC">      0.00010000</i>
  </separator>
  <separator name="dos" >
   <i type="int" name="LORBIT">     0</i>
   <v name="RWIGS">     -1.00000000     -1.00000000</v>
   <i type="int" name="NEDOS">   301</i>
   <i name="EMIN">     10.00000000</i>
   <i name="EMAX">    -10.00000000</i>
   <i name="EFERMI">      0.00000000</i>
  </separator>
  <separator name="writing" >
   <i type="int" name="NWRITE">     2</i>
   <i type="logical" name="LWAVE"> F  </i>
   <i type="logical" name="LDOWNSAMPLE"> F  </i>
   <i type="logical" name="LCHARG"> F  </i>
   <i type="logical" name="LPARD"> F  </i>
   <i type="logical" name="LVTOT"> F  </i>
   <i type="logical" name="LVHAR"> F  </i>
   <i type="logical" name="LELF"> F  </i>
   <i type="logical" name="LOPTICS"> F  </i>
   <v name="STM">      0.00000000      0.00000000      0.00000000      0.00000000      0.00000000      0.00000000      0.00000000</v>
  </separator>
  <separator name="performance" >
   <i type="int" name="NPAR">    16</i>
   <i type="int" name="NSIM">     4</i>
   <i type="int" name="NBLK">    -1</i>
   <i type="logical" name="LPLANE"> T  </i>
   <i type="logical" name="LSCALAPACK"> T  </i>
   <i type="logical" name="LSCAAWARE"> F  </i>
   <i type="logical" name="LSCALU"> F  </i>
   <i type="logical" name="LASYNC"> F  </i>
   <i type="logical" name="LORBITALREAL"> F  </i>
  </separator>
  <separator name="miscellaneous" >
   <i type="int" name="IDIOT">     3</i>
   <i type="int" name="ISPECIAL">     0</i>
   <i type="logical" name="LMUSIC"> F  </i>
   <v name="POMASS">     10.81100000     14.00100000</v>
   <v name="DARWINR">      0.00000000      0.00000000</v>
   <v name="DARWINV">      1.00000000      1.00000000</v>
   <i type="logical" name="LCORR"> T  </i>
  </separator>
  <i type="logical" name="GGA_COMPAT"> T  </i>
  <i type="logical" name="LBERRY"> F  </i>
  <i type="int" name="ICORELEVEL">     0</i>
  <i type="logical" name="LDAU"> F  </i>
  <i type="int" name="I_CONSTRAINED_M">     0</i>
  <separator name="electronic exchange-correlation" >
   <i type="string" name="GGA">--</i>
   <i type="int" name="VOSKOWN">     0</i>
   <i type="logical" name="LHFCALC"> F  </i>
   <i type="string" name="PRECFOCK"></i>
   <i type="logical" name="LSYMGRAD"> F  </i>
   <i type="logical" name="LHFONE"> F  </i>
   <i type="logical" name="LRHFCALC"> F  </i>
   <i type="logical" name="LTHOMAS"> F  </i>
   <i type="logical" name="LMODELHF"> F  </i>
   <i name="ENCUT4O">     -1.00000000</i>
   <i type="int" name="EXXOEP">     0</i>
   <i type="int" name="FOURORBIT">     0</i>
   <i name="AEXX">      0.00000000</i>
   <i name="HFALPHA">      0.00000000</i>
   <i name="MCALPHA">      0.00000000</i>
   <i name="ALDAX">      1.00000000</i>
   <i name="AGGAX">      1.00000000</i>
   <i name="ALDAC">      1.00000000</i>
   <i name="AGGAC">      1.00000000</i>
   <i type="int" name="NKREDX">     1</i>
   <i type="int" name="NKREDY">     1</i>
   <i type="int" name="NKREDZ">     1</i>
   <i type="logical" name="SHIFTRED"> F  </i>
   <i type="logical" name="ODDONLY"> F  </i>
   <i type="logical" name="EVENONLY"> F  </i>
   <i type="int" name="LMAXFOCK">     0</i>
   <i type="int" name="NMAXFOCKAE">     0</i>
   <i type="logical" name="LFOCKAEDFT"> F  </i>
   <i name="HFSCREEN">      0.00000000</i>
   <i name="HFSCREENC">      0.00000000</i>
   <i type="int" name="NBANDSGWLOW">     0</i>
  </separator>
  <separator name="vdW DFT" >
   <i type="logical" name="LUSE_VDW"> F  </i>
   <i name="Zab_VDW">     -0.84910000</i>
   <i name="PARAM1">      0.12340000</i>
   <i name="PARAM2">      1.00000000</i>
   <i name="PARAM3">      0.00000000</i>
  </separator>
  <separator name="model GW" >
   <i type="int" name="MODEL_GW">     0</i>
   <i name="MODEL_EPS0">     80.00001631</i>
   <i name="MODEL_ALPHA">      1.00000000</i>
  </separator>
  <separator name="linear response parameters" >
   <i type="logical" name="LEPSILON"> F  </i>
   <i type="logical" name="LRPA"> F  </i>
   <i type="logical" name="LNABLA"> F  </i>
   <i type="logical" name="LVEL"> F  </i>
   <i type="int" name="KINTER">     0</i>
   <i name="CSHIFT">      0.10000000</i>
   <i name="OMEGAMAX">     -1.00000000</i>
   <i name="DEG_THRESHOLD">      0.00200000</i>
   <i name="RTIME">     -0.10000000</i>
   <i name="WPLASMAI">      0.00000000</i>
   <v name="DFIELD">      0.00000000      0.00000000      0.00000000</v>
   <v name="WPLASMA">      0.00000000      0.00000000      0.00000000      0.00000000      0.00000000      0.00000000      0.00000000      0.00000000      0.00000000</v>
  </separator>
  <separator name="orbital magnetization" >
   <i type="logical" name="NUCIND"> F  </i>
   <v name="MAGPOS">      0.00000000      0.00000000      0.00000000</v>
   <i type="logical" name="LNICSALL"> T  </i>
   <i type="logical" name="ORBITALMAG"> F  </i>
   <i type="logical" name="LMAGBLOCH"> F  </i>
   <i type="logical" name="LCHIMAG"> F  </i>
   <i type="logical" name="LGAUGE"> T  </i>
   <i type="int" name="MAGATOM">     0</i>
   <v name="MAGDIPOL">      0.00000000      0.00000000      0.00000000</v>
   <v name="AVECCONST">      0.00000000      0.00000000      0.00000000</v>
  </separator>
  <separator name="response functions" >
   <i type="logical" name="LADDER"> F  </i>
   <i type="logical" name="LRPAFORCE"> F  </i>
   <i type="logical" name="LFXC"> F  </i>
   <i type="logical" name="LHARTREE"> T  </i>
   <i type="int" name="IBSE">     0</i>
   <v type="int" name="KPOINT">    -1     0     0     0</v>
   <i type="logical" name="LTCTE"> F  </i>
   <i type="logical" name="LTETE"> F  </i>
   <i type="logical" name="LTRIPLET"> F  </i>
   <i type="logical" name="LFXCEPS"> F  </i>
   <i type="logical" name="LFXHEG"> F  </i>
   <i type="int" name="NATURALO">     2</i>
   <i type="logical" name="L2ORDER"> F  </i>
   <i type="logical" name="LMP2LT"> F  </i>
   <i type="logical" name="LUSEW"> F  </i>
   <i name="ENCUTGW">     -2.00000000</i>
   <i name="ENCUTGWSOFT">     -2.00000000</i>
   <i name="ENCUTLF">     -1.00000000</i>
   <i type="int" name="LMAXMP2">    -1</i>
   <i name="SCISSOR">      0.00000000</i>
   <i type="int" name="NOMEGA">     0</i>
   <i type="int" name="NOMEGAR">     0</i>
   <i type="int" name="NBANDSGW">    -1</i>
   <i type="int" name="NBANDSO">    -1</i>
   <i type="int" name="NBANDSV">    -1</i>
   <i type="int" name="NELM">     1</i>
   <i type="int" name="NELMHF">     1</i>
   <i type="int" name="DIM">     3</i>
   <i type="int" name="ANTIRES">     0</i>
   <i name="OMEGAMAX">    -30.00000000</i>
   <i name="OMEGAMIN">    -30.00000000</i>
   <i name="OMEGATL">   -200.00000000</i>
   <i type="int" name="OMEGAGRID">   140</i>
   <i name="CSHIFT">     -0.10000000</i>
   <i type="logical" name="SELFENERGY"> F  </i>
   <i type="logical" name="LSPECTRAL"> F  </i>
   <i type="logical" name="LSPECTRALGW"> F  </i>
   <i type="logical" name="LSINGLES"> F  </i>
   <i type="logical" name="LFERMIGW"> F  </i>
   <i type="logical" name="ODDONLYGW"> F  </i>
   <i type="logical" name="EVENONLYGW"> F  </i>
   <i type="int" name="NKREDLFX">     1</i>
   <i type="int" name="NKREDLFY">     1</i>
   <i type="int" name="NKREDLFZ">     1</i>
   <i type="int" name="MAXMEM">  2800</i>
   <i type="int" name="TELESCOPE">     0</i>
   <i type="int" name="TAUPAR">     1</i>
   <i type="int" name="OMEGAPAR">    -1</i>
   <i name="LAMBDA">      1.00000000</i>
  </separator>
  <separator name="External order field" >
   <i name="OFIELD_KAPPA">      0.00000000</i>
   <v name="OFIELD_K">      0.00000000      0.00000000      0.00000000</v>
   <i name="OFIELD_Q6_NEAR">      0.00000000</i>
   <i name="OFIELD_Q6_FAR">      0.00000000</i>
   <i name="OFIELD_A">      0.00000000</i>
  </separator>
 </parameters>
 <atominfo>
  <atoms>       3 </atoms>
  <types>       2 </types>
  <array name="atoms" >
   <dimension dim="1">ion</dimension>
   <field type="string">element</field>
   <field type="int">atomtype</field>
   <set>
    <rc><c>B </c><c>   1</c></rc>
    <rc><c>N </c><c>   2</c></rc>
    <rc><c>N </c><c>   2</c></rc>
   </set>
  </array>
  <array name="atomtypes" >
   <dimension dim="1">type</dimension>
   <field type="int">atomspertype</field>
   <field type="string">element</field>
   <field>mass</field>
   <field>valence</field>
   <field type="string">pseudopotential</field>
   <set>
    <rc><c>   1</c><c>B </c><c>     10.81100000</c><c>      3.00000000</c><c> PAW_PBE B 06Sep2000                    </c></rc>
    <rc><c>   2</c><c>N </c><c>     14.00100000</c><c>      5.00000000</c><c> PAW_PBE N 08Apr2002                    </c></rc>
   </set>
  </array>
 </atominfo>
 <structure name="initialpos" >
  <crystal>
   <varray name="basis" >
    <v>       7.19437146       0.00000000       0.00000000 </v>
    <v>       0.00000056       7.47819105       0.00000000 </v>
    <v>       0.00000056       0.00000056       7.43482355 </v>
   </varray>
   <i name="volume">    400.00008153 </i>
   <varray name="rec_basis" >
    <v>       0.13899755      -0.00000001      -0.00000001 </v>
    <v>       0.00000000       0.13372218      -0.00000001 </v>
    <v>       0.00000000       0.00000000       0.13450218 </v>
   </varray>
  </crystal>
  <varray name="positions" >
   <v>       0.50000000       0.00000000       0.00000000 </v>
   <v>       0.50000000       0.00000000       0.57558705 </v>
   <v>       0.50000000       0.00000000       0.42441295 </v>
  </varray>
 </structure>
 <calculation>
  <scstep>
   <time name="dav">    0.40    0.41</time>
   <time name="total">    0.52    0.53</time>
   <energy>
    <i name="alphaZ">      2.10875515 </i>
    <i name="ewald">     19.22019044 </i>
    <i name="hartreedc">   -497.21452536 </i>
    <i name="XCdc">     44.73101953 </i>
    <i name="pawpsdc">    237.36385717 </i>
    <i name="pawaedc">   -240.82877070 </i>
    <i name="eentropy">     -0.00000080 </i>
    <i name="bandstr">    -73.02026767 </i>
    <i name="atom">    600.25691703 </i>
    <i name="e_fr_energy">     92.61717478 </i>
    <i name="e_wo_entrp">     92.61717558 </i>
    <i name="e_0_energy">     92.61717518 </i>
   </energy>
  </scstep>
  <scstep>
   <time name="dav">    0.53    0.54</time>
   <time name="total">    0.53    0.54</time>
   <energy>
    <i name="e_fr_energy">     -6.39668144 </i>
    <i name="e_wo_entrp">     -6.38588921 </i>
    <i name="e_0_energy">     -6.39128532 </i>
   </energy>
  </scstep>
  <scstep>
   <time name="dav">    0.58    0.59</time>
   <time name="total">    0.58    0.59</time>
   <energy>
    <i name="e_fr_energy">    -17.79702174 </i>
    <i name="e_wo_entrp">    -17.78431790 </i>
    <i name="e_0_energy">    -17.79066982 </i>
   </energy>
  </scstep>
  <scstep>
   <time name="dav">    0.40    0.41</time>
   <time name="total">    0.41    0.41</time>
   <energy>
    <i name="e_fr_energy">    -17.88524758 </i>
    <i name="e_wo_entrp">    -17.85882989 </i>
    <i name="e_0_energy">    -17.87203873 </i>
   </energy>
  </scstep>
  <scstep>
   <time name="dav">    0.63    0.64</time>
   <time name="total">    0.70    0.71</time>
   <energy>
    <i name="e_fr_energy">    -17.88716560 </i>
    <i name="e_wo_entrp">    -17.86064251 </i>
    <i name="e_0_energy">    -17.87390406 </i>
   </energy>
  </scstep>
  <scstep>
   <time name="dav">    0.54    0.55</time>
   <time name="total">    0.71    0.71</time>
   <energy>
    <i name="e_fr_energy">    -17.06338791 </i>
    <i name="e_wo_entrp">    -17.02641926 </i>
    <i name="e_0_energy">    -17.04490359 </i>
   </energy>
  </scstep>
  <scstep>
   <time name="dav">    0.39    0.40</time>
   <time name="total">    0.56    0.56</time>
   <energy>
    <i name="e_fr_energy">    -16.88832328 </i>
    <i name="e_wo_entrp">    -16.85485275 </i>
    <i name="e_0_energy">    -16.87158802 </i>
   </energy>
  </scstep>
  <scstep>
   <time name="dav">    0.41    0.41</time>
   <time name="total">    0.57    0.58</time>
   <energy>
    <i name="e_fr_energy">    -16.78960323 </i>
    <i name="e_wo_entrp">    -16.76639619 </i>
    <i name="e_0_energy">    -16.77799971 </i>
   </energy>
  </scstep>
  <scstep>
   <time name="dav">    0.40    0.40</time>
   <time name="total">    0.57    0.57</time>
   <energy>
    <i name="e_fr_energy">    -16.78196631 </i>
    <i name="e_wo_entrp">    -16.75527492 </i>
    <i name="e_0_energy">    -16.76862062 </i>
   </energy>
  </scstep>
  <scstep>
   <time name="dav">    0.42    0.42</time>
   <time name="total">    0.58    0.58</time>
   <energy>
    <i name="e_fr_energy">    -16.78345247 </i>
    <i name="e_wo_entrp">    -16.75587129 </i>
    <i name="e_0_energy">    -16.76966188 </i>
   </energy>
  </scstep>
  <scstep>
   <time name="dav">    0.48    0.48</time>
   <time name="total">    0.65    0.66</time>
   <energy>
    <i name="e_fr_energy">    -16.78227348 </i>
    <i name="e_wo_entrp">    -16.75542094 </i>
    <i name="e_0_energy">    -16.76884721 </i>
   </energy>
  </scstep>
  <scstep>
   <time name="dav">    0.40    0.41</time>
   <time name="total">    0.56    0.58</time>
   <energy>
    <i name="e_fr_energy">    -16.78287515 </i>
    <i name="e_wo_entrp">    -16.75727368 </i>
    <i name="e_0_energy">    -16.77007442 </i>
   </energy>
  </scstep>
  <scstep>
   <time name="dav">    0.41    0.42</time>
   <time name="total">    0.58    0.58</time>
   <energy>
    <i name="e_fr_energy">    -16.78323330 </i>
    <i name="e_wo_entrp">    -16.75739040 </i>
    <i name="e_0_energy">    -16.77031185 </i>
   </energy>
  </scstep>
  <scstep>
   <time name="dav">    0.41    0.41</time>
   <time name="total">    0.58    0.58</time>
   <energy>
    <i name="e_fr_energy">    -16.78341420 </i>
    <i name="e_wo_entrp">    -16.75756364 </i>
    <i name="e_0_energy">    -16.77048892 </i>
   </energy>
  </scstep>
  <scstep>
   <time name="dav">    0.43    0.43</time>
   <time name="total">    0.60    0.60</time>
   <energy>
    <i name="e_fr_energy">    -16.78346210 </i>
    <i name="e_wo_entrp">    -16.75762375 </i>
    <i name="e_0_energy">    -16.77054292 </i>
   </energy>
  </scstep>
  <scstep>
   <time name="dav">    0.47    0.47</time>
   <time name="total">    0.56    0.57</time>
   <energy>
    <i name="alphaZ">      2.10875515 </i>
    <i name="ewald">     19.22019044 </i>
    <i name="hartreedc">   -516.19598316 </i>
    <i name="XCdc">     45.86187717 </i>
    <i name="pawpsdc">    328.97560165 </i>
    <i name="pawaedc">   -332.67986831 </i>
    <i name="eentropy">     -0.02582209 </i>
    <i name="bandstr">   -164.30513498 </i>
    <i name="atom">    600.25691703 </i>
    <i name="e_fr_energy">    -16.78346711 </i>
    <i name="e_wo_entrp">    -16.75764502 </i>
    <i name="e_0_energy">    -16.77055606 </i>
   </energy>
  </scstep>
  <structure>
   <crystal>
    <varray name="basis" >
     <v>       7.19437146       0.00000000       0.00000000 </v>
     <v>       0.00000056       7.47819105       0.00000000 </v>
     <v>       0.00000056       0.00000056       7.43482355 </v>
    </varray>
    <i name="volume">    400.00008153 </i>
    <varray name="rec_basis" >
     <v>       0.13899755      -0.00000001      -0.00000001 </v>
     <v>       0.00000000       0.13372218      -0.00000001 </v>
     <v>       0.00000000       0.00000000       0.13450218 </v>
    </varray>
   </crystal>
   <varray name="positions" >
    <v>       0.50000000       0.00000000       0.00000000 </v>
    <v>       0.50000000       0.00000000       0.57558705 </v>
    <v>       0.50000000       0.00000000       0.42441295 </v>
   </varray>
  </structure>
  <varray name="forces" >
   <v>       0.00000000       0.00000000       0.00000000 </v>
   <v>      -0.00000008      -0.00000008      -1.04176634 </v>
   <v>       0.00000008       0.00000008       1.04176634 </v>
  </varray>
  <varray name="stress" >
   <v>      -0.52679603      -0.00000003      -0.00000060 </v>
   <v>      -0.00000003      -0.39453639      -0.00000060 </v>
   <v>      -0.00000060      -0.00000060      -7.92767997 </v>
  </varray>
  <energy>
   <i name="e_fr_energy">    732.19744912 </i>
   <i name="e_wo_entrp">    732.21036017 </i>
   <i name="e_0_energy">     -0.02582209 </i>
  </energy>
