<?xml version="1.0" encoding="ISO-8859-1"?>
<modeling>
 <generator>
  <i name="program" type="string">vasp </i>
  <i name="version" type="string">5.4.4.18Apr17-6-g9f103f2a35  </i>
  <i name="subversion" type="string">(build Nov 14 2022 07:55:26) complex            parallel </i>
  <i name="platform" type="string">LinuxIFC </i>
  <i name="date" type="string">2023 04 13 </i>
  <i name="time" type="string">16:28:10 </i>
 </generator>
 <incar>
  <i type="string" name="SYSTEM"> local optimisation</i>
  <i type="string" name="PREC">accurate</i>
  <i type="int" name="IBRION">     2</i>
  <i name="EDIFF">      0.00001000</i>
  <i type="int" name="NSW">   200</i>
  <i type="int" name="ISIF">     3</i>
  <i name="SYMPREC">      0.00010000</i>
  <i name="ENCUT">    600.00000000</i>
  <i name="POTIM">      0.10000000</i>
  <i type="int" name="ISMEAR">     0</i>
  <i name="SIGMA">      0.05000000</i>
  <i name="KSPACING">      0.50000000</i>
  <i name="PSTRESS">   3000.00000000</i>
  <i type="logical" name="LWAVE"> F  </i>
  <i type="logical" name="LCHARG"> F  </i>
  <v type="int" name="KPOINT_BSE">    -1     0     0     0</v>
 </incar>
 <structure name="primitive_cell" >
  <crystal>
   <varray name="basis" >
    <v>       8.21094738       0.00000000       0.00000000 </v>
    <v>       0.00000035       4.67864112       0.00000000 </v>
    <v>       0.00000079       0.00000079      10.41230999 </v>
   </varray>
   <i name="volume">    400.00009197 </i>
   <varray name="rec_basis" >
    <v>       0.12178863      -0.00000001      -0.00000001 </v>
    <v>       0.00000000       0.21373727      -0.00000002 </v>
    <v>       0.00000000       0.00000000       0.09604017 </v>
   </varray>
  </crystal>
  <varray name="positions" >
   <v>       0.31235529       0.32790825      -0.24737670 </v>
   <v>      -0.50000000       0.00000000      -0.17862982 </v>
   <v>       0.18764471      -0.17209175      -0.24737670 </v>
   <v>       0.00000000      -0.50000000      -0.17862982 </v>
   <v>      -0.31235529      -0.32790825      -0.24737670 </v>
   <v>      -0.18764471       0.17209175      -0.24737670 </v>
  </varray>
 </structure>
 <varray name="primitive_index" >
  <v type="int" >        1 </v>
  <v type="int" >        6 </v>
  <v type="int" >        4 </v>
  <v type="int" >        5 </v>
  <v type="int" >        2 </v>
  <v type="int" >        3 </v>
 </varray>
 <kpoints>
  <generation param="Gamma">
   <v type="int" name="divisions">       2        3        2 </v>
   <v name="usershift">      0.00000000       0.00000000       0.00000000 </v>
   <v name="genvec1">      0.50000000       0.00000000       0.00000000 </v>
   <v name="genvec2">      0.00000000       0.33333333       0.00000000 </v>
   <v name="genvec3">      0.00000000       0.00000000       0.50000000 </v>
   <v name="shift">      0.00000000       0.00000000       0.00000000 </v>
  </generation>
  <varray name="kpointlist" >
   <v>       0.00000000       0.00000000       0.00000000 </v>
   <v>       0.50000000       0.00000000      -0.00000000 </v>
   <v>       0.00000000       0.33333333       0.00000000 </v>
   <v>       0.50000000       0.33333333      -0.00000000 </v>
   <v>       0.00000000       0.00000000       0.50000000 </v>
   <v>       0.50000000       0.00000000       0.50000000 </v>
   <v>       0.00000000       0.33333333       0.50000000 </v>
   <v>       0.50000000       0.33333333       0.50000000 </v>
  </varray>
  <varray name="weights" >
   <v>       0.08333333 </v>
   <v>       0.08333333 </v>
   <v>       0.16666667 </v>
   <v>       0.16666667 </v>
   <v>       0.08333333 </v>
   <v>       0.08333333 </v>
   <v>       0.16666667 </v>
   <v>       0.16666667 </v>
  </varray>
 </kpoints>
 <parameters>
  <separator name="general" >
   <i type="string" name="SYSTEM">local optimisation</i>
   <i type="logical" name="LCOMPAT"> F  </i>
  </separator>
  <separator name="electronic" >
   <i type="string" name="PREC">accura</i>
   <i name="ENMAX">    600.00000000</i>
   <i name="ENAUG">    627.11200000</i>
   <i name="EDIFF">      0.00001000</i>
   <i type="int" name="IALGO">    38</i>
   <i type="int" name="IWAVPR">    11</i>
   <i type="int" name="NBANDS">    16</i>
   <i name="NELECT">     22.00000000</i>
   <i type="int" name="TURBO">     0</i>
   <i type="int" name="IRESTART">     0</i>
   <i type="int" name="NREBOOT">     0</i>
   <i type="int" name="NMIN">     0</i>
   <i name="EREF">      0.00000000</i>
   <separator name="electronic smearing" >
    <i type="int" name="ISMEAR">     0</i>
    <i name="SIGMA">      0.05000000</i>
    <i name="KSPACING">      0.50000000</i>
    <i type="logical" name="KGAMMA"> T  </i>
   </separator>
   <separator name="electronic projectors" >
    <i type="logical" name="LREAL"> F  </i>
    <v name="ROPT">      0.00000000      0.00000000</v>
    <i type="int" name="LMAXPAW">  -100</i>
    <i type="int" name="LMAXMIX">     2</i>
    <i type="logical" name="NLSPLINE"> F  </i>
   </separator>
   <separator name="electronic startup" >
    <i type="int" name="ISTART">     0</i>
    <i type="int" name="ICHARG">     2</i>
    <i type="int" name="INIWAV">     1</i>
   </separator>
   <separator name="electronic spin" >
    <i type="int" name="ISPIN">     1</i>
    <i type="logical" name="LNONCOLLINEAR"> F  </i>
    <v name="MAGMOM">      1.00000000      1.00000000      1.00000000      1.00000000      1.00000000      1.00000000</v>
    <i name="NUPDOWN">     -1.00000000</i>
    <i type="logical" name="LSORBIT"> F  </i>
    <v name="SAXIS">      0.00000000      0.00000000      1.00000000</v>
    <i type="logical" name="LSPIRAL"> F  </i>
    <v name="QSPIRAL">      0.00000000      0.00000000      0.00000000</v>
    <i type="logical" name="LZEROZ"> F  </i>
   </separator>
   <separator name="electronic exchange-correlation" >
    <i type="logical" name="LASPH"> F  </i>
    <i type="logical" name="LMETAGGA"> F  </i>
   </separator>
   <separator name="electronic convergence" >
    <i type="int" name="NELM">    60</i>
    <i type="int" name="NELMDL">     0</i>
    <i type="int" name="NELMIN">     2</i>
    <i name="ENINI">    600.00000000</i>
    <separator name="electronic convergence detail" >
     <i type="logical" name="LDIAG"> T  </i>
     <i type="logical" name="LSUBROT"> F  </i>
     <i name="WEIMIN">      0.00100000</i>
     <i name="EBREAK">      0.00000016</i>
     <i name="DEPER">      0.30000000</i>
     <i type="int" name="NRMM">     4</i>
     <i name="TIME">      0.40000000</i>
    </separator>
   </separator>
   <separator name="electronic mixer" >
    <i name="AMIX">      0.40000000</i>
    <i name="BMIX">      1.00000000</i>
    <i name="AMIN">      0.10000000</i>
    <i name="AMIX_MAG">      1.60000000</i>
    <i name="BMIX_MAG">      1.00000000</i>
    <separator name="electronic mixer details" >
     <i type="int" name="IMIX">     4</i>
     <i type="logical" name="MIXFIRST"> F  </i>
     <i type="int" name="MAXMIX">   -45</i>
     <i name="WC">    100.00000000</i>
     <i type="int" name="INIMIX">     1</i>
     <i type="int" name="MIXPRE">     1</i>
     <i type="int" name="MREMOVE">     5</i>
    </separator>
   </separator>
   <separator name="electronic dipolcorrection" >
    <i type="logical" name="LDIPOL"> F  </i>
    <i type="logical" name="LMONO"> F  </i>
    <i type="int" name="IDIPOL">     0</i>
    <i name="EPSILON">      1.00000000</i>
    <v name="DIPOL">   -100.00000000   -100.00000000   -100.00000000</v>
    <i name="EFIELD">      0.00000000</i>
   </separator>
  </separator>
  <separator name="grids" >
   <i type="int" name="NGX">    70</i>
   <i type="int" name="NGY">    40</i>
   <i type="int" name="NGZ">    84</i>
   <i type="int" name="NGXF">   140</i>
   <i type="int" name="NGYF">    80</i>
   <i type="int" name="NGZF">   168</i>
   <i type="logical" name="ADDGRID"> F  </i>
  </separator>
  <separator name="ionic" >
   <i type="int" name="NSW">   200</i>
   <i type="int" name="IBRION">     2</i>
   <i type="int" name="MDALGO">     0</i>
   <i type="int" name="ISIF">     3</i>
   <i name="PSTRESS">   3000.00000000</i>
   <i name="EDIFFG">      0.00010000</i>
   <i type="int" name="NFREE">     1</i>
   <i name="POTIM">      0.10000000</i>
   <i name="SMASS">     -3.00000000</i>
   <i name="SCALEE">      1.00000000</i>
  </separator>
  <separator name="ionic md" >
   <i name="TEBEG">      0.00010000</i>
   <i name="TEEND">      0.00010000</i>
   <i type="int" name="NBLOCK">     1</i>
   <i type="int" name="KBLOCK">   200</i>
   <i type="int" name="NPACO">   256</i>
   <i name="APACO">     16.00000000</i>
  </separator>
  <separator name="symmetry" >
   <i type="int" name="ISYM">     2</i>
   <i name="SYMPREC">      0.00010000</i>
  </separator>
  <separator name="dos" >
   <i type="int" name="LORBIT">     0</i>
   <v name="RWIGS">     -1.00000000     -1.00000000</v>
   <i type="int" name="NEDOS">   301</i>
   <i name="EMIN">     10.00000000</i>
   <i name="EMAX">    -10.00000000</i>
   <i name="EFERMI">      0.00000000</i>
  </separator>
  <separator name="writing" >
   <i type="int" name="NWRITE">     2</i>
   <i type="logical" name="LWAVE"> F  </i>
   <i type="logical" name="LDOWNSAMPLE"> F  </i>
   <i type="logical" name="LCHARG"> F  </i>
   <i type="logical" name="LPARD"> F  </i>
   <i type="logical" name="LVTOT"> F  </i>
   <i type="logical" name="LVHAR"> F  </i>
   <i type="logical" name="LELF"> F  </i>
   <i type="logical" name="LOPTICS"> F  </i>
   <v name="STM">      0.00000000      0.00000000      0.00000000      0.00000000      0.00000000      0.00000000      0.00000000</v>
  </separator>
  <separator name="performance" >
   <i type="int" name="NPAR">    16</i>
   <i type="int" name="NSIM">     4</i>
   <i type="int" name="NBLK">    -1</i>
   <i type="logical" name="LPLANE"> T  </i>
   <i type="logical" name="LSCALAPACK"> T  </i>
   <i type="logical" name="LSCAAWARE"> F  </i>
   <i type="logical" name="LSCALU"> F  </i>
   <i type="logical" name="LASYNC"> F  </i>
   <i type="logical" name="LORBITALREAL"> F  </i>
  </separator>
  <separator name="miscellaneous" >
   <i type="int" name="IDIOT">     3</i>
   <i type="int" name="ISPECIAL">     0</i>
   <i type="logical" name="LMUSIC"> F  </i>
   <v name="POMASS">     10.81100000     14.00100000</v>
   <v name="DARWINR">      0.00000000      0.00000000</v>
   <v name="DARWINV">      1.00000000      1.00000000</v>
   <i type="logical" name="LCORR"> T  </i>
  </separator>
  <i type="logical" name="GGA_COMPAT"> T  </i>
  <i type="logical" name="LBERRY"> F  </i>
  <i type="int" name="ICORELEVEL">     0</i>
  <i type="logical" name="LDAU"> F  </i>
  <i type="int" name="I_CONSTRAINED_M">     0</i>
  <separator name="electronic exchange-correlation" >
   <i type="string" name="GGA">--</i>
   <i type="int" name="VOSKOWN">     0</i>
   <i type="logical" name="LHFCALC"> F  </i>
   <i type="string" name="PRECFOCK"></i>
   <i type="logical" name="LSYMGRAD"> F  </i>
   <i type="logical" name="LHFONE"> F  </i>
   <i type="logical" name="LRHFCALC"> F  </i>
   <i type="logical" name="LTHOMAS"> F  </i>
   <i type="logical" name="LMODELHF"> F  </i>
   <i name="ENCUT4O">     -1.00000000</i>
   <i type="int" name="EXXOEP">     0</i>
   <i type="int" name="FOURORBIT">     0</i>
   <i name="AEXX">      0.00000000</i>
   <i name="HFALPHA">      0.00000000</i>
   <i name="MCALPHA">      0.00000000</i>
   <i name="ALDAX">      1.00000000</i>
   <i name="AGGAX">      1.00000000</i>
   <i name="ALDAC">      1.00000000</i>
   <i name="AGGAC">      1.00000000</i>
   <i type="int" name="NKREDX">     1</i>
   <i type="int" name="NKREDY">     1</i>
   <i type="int" name="NKREDZ">     1</i>
   <i type="logical" name="SHIFTRED"> F  </i>
   <i type="logical" name="ODDONLY"> F  </i>
   <i type="logical" name="EVENONLY"> F  </i>
   <i type="int" name="LMAXFOCK">     0</i>
   <i type="int" name="NMAXFOCKAE">     0</i>
   <i type="logical" name="LFOCKAEDFT"> F  </i>
   <i name="HFSCREEN">      0.00000000</i>
   <i name="HFSCREENC">      0.00000000</i>
   <i type="int" name="NBANDSGWLOW">     0</i>
  </separator>
  <separator name="vdW DFT" >
   <i type="logical" name="LUSE_VDW"> F  </i>
   <i name="Zab_VDW">     -0.84910000</i>
   <i name="PARAM1">      0.12340000</i>
   <i name="PARAM2">      1.00000000</i>
   <i name="PARAM3">      0.00000000</i>
  </separator>
  <separator name="model GW" >
   <i type="int" name="MODEL_GW">     0</i>
   <i name="MODEL_EPS0">     40.00000920</i>
   <i name="MODEL_ALPHA">      1.00000000</i>
  </separator>
  <separator name="linear response parameters" >
   <i type="logical" name="LEPSILON"> F  </i>
   <i type="logical" name="LRPA"> F  </i>
   <i type="logical" name="LNABLA"> F  </i>
   <i type="logical" name="LVEL"> F  </i>
   <i type="int" name="KINTER">     0</i>
   <i name="CSHIFT">      0.10000000</i>
   <i name="OMEGAMAX">     -1.00000000</i>
   <i name="DEG_THRESHOLD">      0.00200000</i>
   <i name="RTIME">     -0.10000000</i>
   <i name="WPLASMAI">      0.00000000</i>
   <v name="DFIELD">      0.00000000      0.00000000      0.00000000</v>
   <v name="WPLASMA">      0.00000000      0.00000000      0.00000000      0.00000000      0.00000000      0.00000000      0.00000000      0.00000000      0.00000000</v>
  </separator>
  <separator name="orbital magnetization" >
   <i type="logical" name="NUCIND"> F  </i>
   <v name="MAGPOS">      0.00000000      0.00000000      0.00000000</v>
   <i type="logical" name="LNICSALL"> T  </i>
   <i type="logical" name="ORBITALMAG"> F  </i>
   <i type="logical" name="LMAGBLOCH"> F  </i>
   <i type="logical" name="LCHIMAG"> F  </i>
   <i type="logical" name="LGAUGE"> T  </i>
   <i type="int" name="MAGATOM">     0</i>
   <v name="MAGDIPOL">      0.00000000      0.00000000      0.00000000</v>
   <v name="AVECCONST">      0.00000000      0.00000000      0.00000000</v>
  </separator>
  <separator name="response functions" >
   <i type="logical" name="LADDER"> F  </i>
   <i type="logical" name="LRPAFORCE"> F  </i>
   <i type="logical" name="LFXC"> F  </i>
   <i type="logical" name="LHARTREE"> T  </i>
   <i type="int" name="IBSE">     0</i>
   <v type="int" name="KPOINT">    -1     0     0     0</v>
   <i type="logical" name="LTCTE"> F  </i>
   <i type="logical" name="LTETE"> F  </i>
   <i type="logical" name="LTRIPLET"> F  </i>
   <i type="logical" name="LFXCEPS"> F  </i>
   <i type="logical" name="LFXHEG"> F  </i>
   <i type="int" name="NATURALO">     2</i>
   <i type="logical" name="L2ORDER"> F  </i>
   <i type="logical" name="LMP2LT"> F  </i>
   <i type="logical" name="LUSEW"> F  </i>
   <i name="ENCUTGW">     -2.00000000</i>
   <i name="ENCUTGWSOFT">     -2.00000000</i>
   <i name="ENCUTLF">     -1.00000000</i>
   <i type="int" name="LMAXMP2">    -1</i>
   <i name="SCISSOR">      0.00000000</i>
   <i type="int" name="NOMEGA">     0</i>
   <i type="int" name="NOMEGAR">     0</i>
   <i type="int" name="NBANDSGW">    -1</i>
   <i type="int" name="NBANDSO">    -1</i>
   <i type="int" name="NBANDSV">    -1</i>
   <i type="int" name="NELM">     1</i>
   <i type="int" name="NELMHF">     1</i>
   <i type="int" name="DIM">     3</i>
   <i type="int" name="ANTIRES">     0</i>
   <i name="OMEGAMAX">    -30.00000000</i>
   <i name="OMEGAMIN">    -30.00000000</i>
   <i name="OMEGATL">   -200.00000000</i>
   <i type="int" name="OMEGAGRID">   140</i>
   <i name="CSHIFT">     -0.10000000</i>
   <i type="logical" name="SELFENERGY"> F  </i>
   <i type="logical" name="LSPECTRAL"> F  </i>
   <i type="logical" name="LSPECTRALGW"> F  </i>
   <i type="logical" name="LSINGLES"> F  </i>
   <i type="logical" name="LFERMIGW"> F  </i>
   <i type="logical" name="ODDONLYGW"> F  </i>
   <i type="logical" name="EVENONLYGW"> F  </i>
   <i type="int" name="NKREDLFX">     1</i>
   <i type="int" name="NKREDLFY">     1</i>
   <i type="int" name="NKREDLFZ">     1</i>
   <i type="int" name="MAXMEM">  2800</i>
   <i type="int" name="TELESCOPE">     0</i>
   <i type="int" name="TAUPAR">     1</i>
   <i type="int" name="OMEGAPAR">    -1</i>
   <i name="LAMBDA">      1.00000000</i>
  </separator>
  <separator name="External order field" >
   <i name="OFIELD_KAPPA">      0.00000000</i>
   <v name="OFIELD_K">      0.00000000      0.00000000      0.00000000</v>
   <i name="OFIELD_Q6_NEAR">      0.00000000</i>
   <i name="OFIELD_Q6_FAR">      0.00000000</i>
   <i name="OFIELD_A">      0.00000000</i>
  </separator>
 </parameters>
 <atominfo>
  <atoms>       6 </atoms>
  <types>       2 </types>
  <array name="atoms" >
   <dimension dim="1">ion</dimension>
   <field type="string">element</field>
   <field type="int">atomtype</field>
   <set>
    <rc><c>B </c><c>   1</c></rc>
    <rc><c>B </c><c>   1</c></rc>
    <rc><c>B </c><c>   1</c></rc>
    <rc><c>B </c><c>   1</c></rc>
    <rc><c>N </c><c>   2</c></rc>
    <rc><c>N </c><c>   2</c></rc>
   </set>
  </array>
  <array name="atomtypes" >
   <dimension dim="1">type</dimension>
   <field type="int">atomspertype</field>
   <field type="string">element</field>
   <field>mass</field>
   <field>valence</field>
   <field type="string">pseudopotential</field>
   <set>
    <rc><c>   4</c><c>B </c><c>     10.81100000</c><c>      3.00000000</c><c> PAW_PBE B 06Sep2000                    </c></rc>
    <rc><c>   2</c><c>N </c><c>     14.00100000</c><c>      5.00000000</c><c> PAW_PBE N 08Apr2002                    </c></rc>
   </set>
  </array>
 </atominfo>
 <structure name="initialpos" >
  <crystal>
   <varray name="basis" >
    <v>       8.21094738       0.00000000       0.00000000 </v>
    <v>       0.00000035       4.67864112       0.00000000 </v>
    <v>       0.00000079       0.00000079      10.41230999 </v>
   </varray>
   <i name="volume">    400.00009197 </i>
   <varray name="rec_basis" >
    <v>       0.12178863      -0.00000001      -0.00000001 </v>
    <v>       0.00000000       0.21373727      -0.00000002 </v>
    <v>       0.00000000       0.00000000       0.09604017 </v>
   </varray>
  </crystal>
  <varray name="positions" >
   <v>       0.31235529       0.32790825       0.75262330 </v>
   <v>       0.68764471       0.67209175       0.75262330 </v>
   <v>       0.81235529       0.17209175       0.75262330 </v>
   <v>       0.18764471       0.82790825       0.75262330 </v>
   <v>       0.00000000       0.50000000       0.82137018 </v>
   <v>       0.50000000       0.00000000       0.82137018 </v>
  </varray>
 </structure>
 <calculation>
  <scstep>
   <time name="dav">    0.49    0.50</time>
   <time name="total">    0.62    0.65</time>
   <energy>
    <i name="alphaZ">      7.17128962 </i>
    <i name="ewald">     52.28528584 </i>
    <i name="hartreedc">   -746.73445328 </i>
    <i name="XCdc">     63.55341369 </i>
    <i name="pawpsdc">    277.17327426 </i>
    <i name="pawaedc">   -282.75430213 </i>
    <i name="eentropy">     -0.00515902 </i>
    <i name="bandstr">    -70.21700032 </i>
    <i name="atom">    813.79782293 </i>
    <i name="e_fr_energy">    114.27017159 </i>
    <i name="e_wo_entrp">    114.27533061 </i>
    <i name="e_0_energy">    114.27275110 </i>
   </energy>
  </scstep>
  <scstep>
   <time name="dav">    0.84    0.85</time>
   <time name="total">    0.84    0.85</time>
   <energy>
    <i name="e_fr_energy">     -6.00932501 </i>
    <i name="e_wo_entrp">     -6.00258528 </i>
    <i name="e_0_energy">     -6.00595514 </i>
   </energy>
  </scstep>
  <scstep>
   <time name="dav">    0.65    0.66</time>
   <time name="total">    0.65    0.66</time>
   <energy>
    <i name="e_fr_energy">    -20.25466755 </i>
    <i name="e_wo_entrp">    -20.24128538 </i>
    <i name="e_0_energy">    -20.24797646 </i>
   </energy>
  </scstep>
  <scstep>
   <time name="dav">    0.74    0.74</time>
   <time name="total">    0.74    0.75</time>
   <energy>
    <i name="e_fr_energy">    -20.68939221 </i>
    <i name="e_wo_entrp">    -20.67930793 </i>
    <i name="e_0_energy">    -20.68435007 </i>
   </energy>
  </scstep>
  <scstep>
   <time name="dav">    0.61    0.62</time>
   <time name="total">    0.71    0.72</time>
   <energy>
    <i name="e_fr_energy">    -20.70143117 </i>
    <i name="e_wo_entrp">    -20.69132013 </i>
    <i name="e_0_energy">    -20.69637565 </i>
   </energy>
  </scstep>
  <scstep>
   <time name="dav">    0.77    0.78</time>
   <time name="total">    0.96    0.97</time>
   <energy>
    <i name="e_fr_energy">    -24.13167270 </i>
    <i name="e_wo_entrp">    -24.12052568 </i>
    <i name="e_0_energy">    -24.12609919 </i>
   </energy>
  </scstep>
  <scstep>
   <time name="dav">    0.69    0.70</time>
   <time name="total">    0.89    0.90</time>
   <energy>
    <i name="e_fr_energy">    -17.94853875 </i>
    <i name="e_wo_entrp">    -17.92903633 </i>
    <i name="e_0_energy">    -17.93878754 </i>
   </energy>
  </scstep>
  <scstep>
   <time name="dav">    0.49    0.50</time>
   <time name="total">    0.69    0.70</time>
   <energy>
    <i name="e_fr_energy">    -18.07895548 </i>
    <i name="e_wo_entrp">    -18.06072398 </i>
    <i name="e_0_energy">    -18.06983973 </i>
   </energy>
  </scstep>
  <scstep>
   <time name="dav">    0.82    0.83</time>
   <time name="total">    1.01    1.03</time>
   <energy>
    <i name="e_fr_energy">    -18.08851267 </i>
    <i name="e_wo_entrp">    -18.06986235 </i>
    <i name="e_0_energy">    -18.07918751 </i>
   </energy>
  </scstep>
  <scstep>
   <time name="dav">    0.53    0.53</time>
   <time name="total">    0.72    0.73</time>
   <energy>
    <i name="e_fr_energy">    -18.02971154 </i>
    <i name="e_wo_entrp">    -18.00059367 </i>
    <i name="e_0_energy">    -18.01515261 </i>
   </energy>
  </scstep>
  <scstep>
   <time name="dav">    0.59    0.59</time>
   <time name="total">    0.78    0.79</time>
   <energy>
    <i name="e_fr_energy">    -18.00309320 </i>
    <i name="e_wo_entrp">    -17.97509103 </i>
    <i name="e_0_energy">    -17.98909212 </i>
   </energy>
  </scstep>
  <scstep>
   <time name="dav">    0.53    0.53</time>
   <time name="total">    0.72    0.73</time>
   <energy>
    <i name="e_fr_energy">    -17.95834790 </i>
    <i name="e_wo_entrp">    -17.93044014 </i>
    <i name="e_0_energy">    -17.94439402 </i>
   </energy>
  </scstep>
  <scstep>
   <time name="dav">    0.56    0.57</time>
   <time name="total">    0.75    0.76</time>
   <energy>
    <i name="e_fr_energy">    -17.93163328 </i>
    <i name="e_wo_entrp">    -17.90519346 </i>
    <i name="e_0_energy">    -17.91841337 </i>
   </energy>
  </scstep>
  <scstep>
   <time name="dav">    0.78    0.79</time>
   <time name="total">    0.97    0.98</time>
   <energy>
    <i name="e_fr_energy">    -17.93172510 </i>
    <i name="e_wo_entrp">    -17.90483605 </i>
    <i name="e_0_energy">    -17.91828058 </i>
   </energy>
  </scstep>
  <scstep>
   <time name="dav">    0.57    0.57</time>
   <time name="total">    0.77    0.77</time>
   <energy>
    <i name="e_fr_energy">    -17.93830033 </i>
    <i name="e_wo_entrp">    -17.91242185 </i>
    <i name="e_0_energy">    -17.92536109 </i>
   </energy>
  </scstep>
  <scstep>
   <time name="dav">    0.57    0.58</time>
   <time name="total">    0.76    0.78</time>
   <energy>
    <i name="e_fr_energy">    -17.93444000 </i>
    <i name="e_wo_entrp">    -17.90815122 </i>
    <i name="e_0_energy">    -17.92129561 </i>
   </energy>
  </scstep>
  <scstep>
   <time name="dav">    0.65    0.65</time>
   <time name="total">    0.85    0.86</time>
   <energy>
    <i name="e_fr_energy">    -17.93360489 </i>
    <i name="e_wo_entrp">    -17.90681797 </i>
    <i name="e_0_energy">    -17.92021143 </i>
   </energy>
  </scstep>
  <scstep>
   <time name="dav">    0.65    0.66</time>
   <time name="total">    0.84    0.85</time>
   <energy>
    <i name="e_fr_energy">    -17.93415768 </i>
    <i name="e_wo_entrp">    -17.90724453 </i>
    <i name="e_0_energy">    -17.92070111 </i>
   </energy>
  </scstep>
  <scstep>
   <time name="dav">    0.65    0.66</time>
   <time name="total">    0.85    0.86</time>
   <energy>
    <i name="e_fr_energy">    -17.93438670 </i>
    <i name="e_wo_entrp">    -17.90743542 </i>
    <i name="e_0_energy">    -17.92091106 </i>
   </energy>
  </scstep>
  <scstep>
   <time name="dav">    0.65    0.66</time>
   <time name="total">    0.85    0.86</time>
   <energy>
    <i name="e_fr_energy">    -17.93450796 </i>
    <i name="e_wo_entrp">    -17.90756577 </i>
    <i name="e_0_energy">    -17.92103687 </i>
   </energy>
  </scstep>
  <scstep>
   <time name="dav">    0.62    0.63</time>
   <time name="total">    0.82    0.83</time>
   <energy>
    <i name="e_fr_energy">    -17.93454320 </i>
    <i name="e_wo_entrp">    -17.90756250 </i>
    <i name="e_0_energy">    -17.92105285 </i>
   </energy>
  </scstep>
  <scstep>
   <time name="dav">    0.56    0.57</time>
   <time name="total">    0.76    0.77</time>
   <energy>
    <i name="e_fr_energy">    -17.93455464 </i>
    <i name="e_wo_entrp">    -17.90760622 </i>
    <i name="e_0_energy">    -17.92108043 </i>
   </energy>
  </scstep>
  <scstep>
   <time name="dav">    0.46    0.46</time>
   <time name="total">    0.56    0.56</time>
   <energy>
    <i name="alphaZ">      7.17128962 </i>
    <i name="ewald">     52.28528584 </i>
    <i name="hartreedc">   -760.88531353 </i>
    <i name="XCdc">     63.77885340 </i>
    <i name="pawpsdc">    280.58313025 </i>
    <i name="pawaedc">   -285.94020144 </i>
    <i name="eentropy">     -0.02693907 </i>
    <i name="bandstr">   -188.69848662 </i>
    <i name="atom">    813.79782293 </i>
    <i name="e_fr_energy">    -17.93455862 </i>
    <i name="e_wo_entrp">    -17.90761955 </i>
    <i name="e_0_energy">    -17.92108908 </i>
   </energy>
  </scstep>
  <structure>
   <crystal>
    <varray name="basis" >
     <v>       8.21094738       0.00000000       0.00000000 </v>
     <v>       0.00000035       4.67864112       0.00000000 </v>
     <v>       0.00000079       0.00000079      10.41230999 </v>
    </varray>
    <i name="volume">    400.00009197 </i>
    <varray name="rec_basis" >
     <v>       0.12178863      -0.00000001      -0.00000001 </v>
     <v>       0.00000000       0.21373727      -0.00000002 </v>
     <v>       0.00000000       0.00000000       0.09604017 </v>
    </varray>
   </crystal>
   <varray name="positions" >
    <v>       0.31235529       0.32790825       0.75262330 </v>
    <v>       0.68764471       0.67209175       0.75262330 </v>
    <v>       0.81235529       0.17209175       0.75262330 </v>
    <v>       0.18764471       0.82790825       0.75262330 </v>
    <v>       0.00000000       0.50000000       0.82137018 </v>
    <v>       0.50000000       0.00000000       0.82137018 </v>
   </varray>
  </structure>
  <varray name="forces" >
   <v>       0.35172397      -1.49314550       0.89189580 </v>
   <v>      -0.35172383       1.49314563       0.89189580 </v>
   <v>       0.35172419       1.49314563       0.89189580 </v>
   <v>      -0.35172406      -1.49314550       0.89189580 </v>
   <v>      -0.00000013      -0.00000013      -1.78379159 </v>
   <v>      -0.00000013      -0.00000013      -1.78379159 </v>
  </varray>
  <varray name="stress" >
   <v>     -76.40791360      -0.00000706      -0.00000080 </v>
   <v>      -0.00000706     -93.56628020      -0.00000080 </v>
   <v>      -0.00000080      -0.00000080     -10.53568038 </v>
  </varray>
  <energy>
   <i name="e_fr_energy">    731.04637717 </i>
   <i name="e_wo_entrp">    731.05984671 </i>
   <i name="e_0_energy">     -0.02693907 </i>
  </energy>
